# Blender 5.2.2 LTS
# www.blender.org
o pCube13
v 0.654658 -0.082976 19.048313
v 1.149477 -0.082976 19.048313
v 0.699541 0.305792 18.948652
v 1.057399 0.164812 19.016457
v 0.730692 0.253230 18.654209
v 1.027548 0.174593 18.682266
v 0.654658 -0.082976 18.553493
v 1.149477 -0.082976 18.553493
v 0.874185 0.620340 18.820810
v 0.972860 0.288045 18.662189
v 0.951122 0.338868 18.671923
v 0.905572 0.516206 18.671482
v 0.773404 0.634876 18.787127
v 0.768544 0.418358 18.749897
v 0.749549 0.371728 18.719271
v 0.828543 0.548190 18.920074
v 0.812792 0.508555 18.995327
v 0.780424 0.471799 19.003931
v 0.979936 0.492523 18.946623
v 1.009201 0.475242 18.984671
v 1.025128 0.433188 19.001802
vn -0.0450 0.1989 0.9790
vn -0.0616 0.1477 0.9871
vn -0.0768 0.0999 0.9920
vn 0.0568 0.3316 -0.9417
vn 0.0637 0.3501 -0.9346
vn 0.0691 0.3643 -0.9287
vn 0.9185 0.3944 -0.0284
vn 0.9412 0.3293 -0.0753
vn 0.9400 0.3333 -0.0725
vn -0.9851 0.1644 -0.0498
vn -0.9748 0.2145 -0.0616
vn -0.9808 0.1872 -0.0552
vn 0.1801 0.3091 -0.9338
vn -0.3652 0.1861 -0.9121
vn -0.4560 0.0909 -0.8853
vn -0.8413 0.3618 -0.4017
vn -0.0130 0.2124 -0.9771
vn -0.0465 0.2518 -0.9667
vn -0.7366 0.4897 0.4666
vn 0.8397 0.5370 -0.0809
vn 0.5738 0.8187 -0.0226
vn -0.8991 0.4286 -0.0889
vn -0.9204 0.3793 -0.0951
vn -0.1160 -0.0499 0.9920
vn -0.1171 -0.0519 0.9918
vn 0.9578 0.2249 -0.1790
vn 0.9517 0.2386 -0.1932
vn -0.9326 0.3514 0.0826
vn -0.9457 0.3019 0.1203
vn 0.1456 0.6045 0.7832
vn 0.1323 0.5454 0.8277
vn 0.9057 0.3184 -0.2798
vn 0.9052 0.3193 -0.2806
vt 0.800569 0.817428
vt 0.813524 0.832633
vt 0.803152 0.836945
vt 0.788922 0.828885
vt 0.770718 0.861255
vt 0.780321 0.870232
vt 0.777771 0.882674
vt 0.761479 0.871396
vt 0.813524 0.859053
vt 0.800585 0.873948
vt 0.794514 0.862146
vt 0.805180 0.852772
vt 0.756329 0.826556
vt 0.771872 0.814934
vt 0.779041 0.828730
vt 0.768426 0.836322
vt 0.782240 0.853804
vt 0.780508 0.861309
vt 0.774441 0.854578
vt 0.777733 0.846414
vt 0.780529 0.863609
vt 0.773004 0.856571
vt 0.782702 0.840837
vt 0.789591 0.844025
vt 0.781637 0.846093
vt 0.782947 0.836219
vt 0.770529 0.838109
vt 0.793312 0.842939
vt 0.785458 0.835818
vt 0.790309 0.859274
vt 0.793303 0.844197
vt 0.772650 0.839457
vt 0.783643 0.837986
vt 0.784921 0.837760
vt 0.791465 0.843589
vt 0.788466 0.857799
vt 0.791366 0.843625
s 1
f 1/1/1 2/2/1 4/3/2 3/4/3
f 5/5/4 6/6/5 8/7/6 7/8/6
f 2/9/7 8/10/7 6/11/8 4/12/9
f 7/13/10 1/14/10 3/15/11 5/16/12
f 12/17/13 11/18/14 14/19/15 13/20/16
f 11/18/14 10/21/17 15/22/18 14/19/15
f 16/23/19 19/24/20 9/25/21
f 12/17/13 13/20/16 9/25/21
f 13/20/16 16/23/19 9/25/21
f 19/24/20 12/17/13 9/25/21
f 6/6/5 5/5/4 15/22/18 10/21/17
f 5/16/12 3/15/11 18/26/22 15/27/23
f 3/4/3 4/3/2 21/28/24 18/29/25
f 4/12/9 6/11/8 10/30/26 21/31/27
f 13/20/16 14/32/28 17/33/29 16/23/19
f 14/32/28 15/27/23 18/26/22 17/33/29
f 16/23/19 17/34/30 20/35/31 19/24/20
f 17/34/30 18/29/25 21/28/24 20/35/31
f 10/30/26 11/36/32 20/37/33 21/31/27
f 11/36/32 12/17/13 19/24/20 20/37/33
o Maison_Toit
v 4.460026 3.228670 21.322056
v 5.485310 3.228670 21.341700
v 4.460026 0.035511 21.322056
v 5.689893 0.035511 21.322056
v 3.691138 3.228670 21.322056
v 2.667670 3.228670 21.341700
v 3.691138 0.035511 21.322056
v 2.461270 0.035511 21.341700
v 2.667669 3.228670 21.341700
v 3.356861 4.408009 21.341700
v 4.794302 4.408009 21.341700
v 5.485309 3.228670 21.341700
v 4.075581 4.600589 21.341700
v 4.076489 3.228670 21.341700
v 2.667669 3.228669 18.466816
v 3.356861 4.408009 18.466816
v 4.794302 4.408009 18.466816
v 5.485309 3.228669 18.466816
v 4.075581 4.600589 18.466816
v 4.076489 3.228669 18.466816
v 2.437165 0.035511 20.711796
v 2.461270 0.035511 20.711796
v 2.637640 3.229131 20.711794
v 2.664922 3.229131 20.711794
v 2.637640 3.229131 20.535036
v 2.664922 3.229131 20.535036
v 2.437165 0.035511 20.535038
v 2.461270 0.035511 20.535038
v 5.713999 0.035511 20.711796
v 5.689893 0.035511 20.711796
v 5.515340 3.229131 20.711794
v 5.488057 3.229131 20.711794
v 5.515340 3.229131 20.535036
v 5.488057 3.229131 20.535036
v 5.713999 0.035511 20.535038
v 5.689893 0.035511 20.535038
v 3.361032 4.407905 20.711794
v 3.361032 4.407905 20.535036
v 3.342445 4.420007 20.535036
v 3.342445 4.420007 20.711794
v 4.075582 4.605882 20.711794
v 4.075582 4.605882 20.535036
v 4.075582 4.629076 20.535036
v 4.075582 4.629076 20.711794
v 4.790132 4.407905 20.711794
v 4.790132 4.407905 20.535036
v 4.808719 4.420007 20.535036
v 4.808719 4.420007 20.711794
v 2.461269 0.035511 21.341698
v 2.667669 3.228669 21.341698
v 3.356861 4.408009 21.341698
v 4.075581 4.600589 21.341698
v 4.794302 4.408009 21.341698
v 5.485309 3.228669 21.341698
v 5.689892 0.035511 21.341698
v 2.461269 0.035511 18.466816
v 2.667669 3.228669 18.466816
v 3.356861 4.408009 18.466816
v 4.075581 4.600589 18.466816
v 4.794302 4.408009 18.466816
v 5.485309 3.228669 18.466816
v 5.689892 0.035511 18.466816
v 2.599483 1.904524 21.341700
v 5.538337 1.904524 21.341700
v 2.599483 1.625545 21.341700
v 5.538336 1.625545 21.341700
v 2.599483 1.625545 18.466816
v 5.538337 1.625545 18.466816
v 2.599483 1.904523 18.466816
v 5.538336 1.904523 18.466816
v 2.567821 1.625545 21.370039
v 2.536262 1.638618 21.389475
v 2.523189 1.670177 21.402550
v 3.678065 1.670177 21.389475
v 3.646505 1.670177 21.402550
v 3.646505 1.638618 21.389475
v 3.646505 1.625545 21.357916
v 3.678065 1.638618 21.357916
v 3.691138 1.670177 21.357916
v 2.523190 1.859892 21.402550
v 2.536262 1.891451 21.389475
v 2.567821 1.904524 21.357916
v 3.678065 1.891451 21.357916
v 3.646505 1.904524 21.357916
v 3.646505 1.891451 21.389475
v 3.646505 1.859892 21.402550
v 3.678065 1.859892 21.389475
v 3.691138 1.859892 21.357916
v 2.567821 1.904523 18.425314
v 2.536262 1.891451 18.393753
v 2.523189 1.859891 18.380682
v 3.678064 1.859891 18.393753
v 3.646505 1.859891 18.380682
v 3.646505 1.891451 18.393753
v 3.646505 1.904523 18.425314
v 3.678064 1.891451 18.425314
v 3.691137 1.859891 18.425314
v 2.523190 1.670177 18.380682
v 2.536262 1.638618 18.393753
v 2.567821 1.625545 18.425314
v 3.678064 1.638618 18.402739
v 3.646505 1.625545 18.402739
v 3.646505 1.638618 18.393753
v 3.646505 1.670177 18.380682
v 3.678064 1.670177 18.393753
v 3.691137 1.670177 18.425314
v 5.569997 1.625545 21.370039
v 5.601557 1.638618 21.389475
v 5.614628 1.670177 21.402550
v 5.614628 1.670177 18.380682
v 5.601556 1.638618 18.393753
v 5.569996 1.625545 18.425314
v 5.614628 1.859892 21.402550
v 5.601556 1.891451 21.389475
v 5.569996 1.904524 21.357916
v 5.569997 1.904523 18.425314
v 5.601557 1.891451 18.393753
v 5.614628 1.859891 18.380682
v 4.473098 1.638618 18.402739
v 4.460025 1.670177 18.425314
v 4.473098 1.670177 18.393753
v 4.504658 1.670177 18.380682
v 4.504658 1.638618 18.393753
v 4.504658 1.625545 18.402739
v 4.473098 1.859891 18.393753
v 4.460025 1.859891 18.425314
v 4.473098 1.891451 18.425314
v 4.504658 1.904523 18.425314
v 4.504658 1.891451 18.393753
v 4.504658 1.859891 18.380682
v 4.504658 1.904523 18.466816
v 4.473098 1.891451 18.466816
v 4.460025 1.859891 18.466816
v 4.460025 1.670177 18.466816
v 4.473098 1.638618 18.466816
v 4.504658 1.625545 18.466816
v 3.691139 1.859891 18.466816
v 3.678066 1.891451 18.466816
v 3.646507 1.904523 18.466816
v 3.646507 1.625545 18.466816
v 3.678066 1.638618 18.466816
v 3.691139 1.670177 18.466816
v 3.691138 1.670177 21.341700
v 3.678065 1.638618 21.341700
v 3.646505 1.625545 21.341700
v 3.646505 1.904524 21.341700
v 3.678065 1.891451 21.341700
v 3.691138 1.859892 21.341700
v 4.473099 1.891451 21.357916
v 4.460026 1.859892 21.357916
v 4.473099 1.859892 21.389475
v 4.504659 1.859892 21.402550
v 4.504659 1.891451 21.389475
v 4.504659 1.904524 21.357916
v 4.473099 1.670177 21.389475
v 4.460026 1.670177 21.357916
v 4.473099 1.638618 21.357916
v 4.504659 1.625545 21.357916
v 4.504659 1.638618 21.389475
v 4.504659 1.670177 21.402550
v 4.504657 1.625545 21.341700
v 4.473097 1.638618 21.341700
v 4.460025 1.670177 21.341700
v 4.460025 1.859892 21.341700
v 4.473097 1.891451 21.341700
v 4.504657 1.904524 21.341700
v 3.672265 1.644418 21.383677
v 3.672265 1.885651 21.383677
v 3.672264 1.885651 18.399553
v 3.672264 1.644418 18.399553
v 4.478899 1.644418 18.399553
v 4.478899 1.885651 18.399553
v 4.478899 1.885651 21.383677
v 4.478899 1.644418 21.383677
v 4.511569 3.228671 18.466816
v 5.485310 3.228670 18.466816
v 4.460026 0.035511 18.506102
v 5.689893 0.035511 18.506102
v 3.641411 3.228670 18.466816
v 2.667670 3.228670 18.466816
v 3.691138 0.035511 18.506102
v 2.461270 0.035511 18.506102
v 2.817569 3.472713 21.346216
v 5.319803 3.472713 21.346216
v 2.630446 3.231433 21.346216
v 5.506927 3.231433 21.346216
v 2.630446 3.231433 18.462299
v 5.506927 3.231433 18.462299
v 2.817569 3.472712 18.462299
v 5.319803 3.472712 18.462299
v 2.555863 3.231433 21.401636
v 2.524973 3.242740 21.428930
v 2.512177 3.270035 21.440237
v 2.699302 3.434112 21.440237
v 2.712097 3.461406 21.428930
v 2.742985 3.472713 21.401636
v 2.742985 3.472712 18.406879
v 2.712096 3.461406 18.379585
v 2.699301 3.434112 18.368280
v 2.512178 3.270034 18.368280
v 2.524973 3.242739 18.379585
v 2.555863 3.231433 18.406879
v 5.581510 3.231433 21.401636
v 5.612400 3.242740 21.428930
v 5.625195 3.270035 21.440237
v 5.625195 3.270034 18.368280
v 5.612400 3.242739 18.379585
v 5.581510 3.231433 18.406879
v 5.438072 3.434112 21.440237
v 5.425277 3.461406 21.428930
v 5.394387 3.472713 21.401636
v 5.394387 3.472712 18.406879
v 5.425277 3.461406 18.379585
v 5.438072 3.434112 18.368280
v 4.202495 3.770855 21.340839
v 3.948669 3.770855 21.340839
v 4.202495 4.313211 21.340839
v 3.948669 4.313211 21.340839
v 4.202495 4.313211 21.360052
v 3.948669 4.313211 21.360052
v 4.202495 3.770855 21.360052
v 3.948669 3.770855 21.360052
v 2.437165 0.035511 19.279369
v 2.461270 0.035511 19.279369
v 2.637640 3.229131 19.279369
v 2.664922 3.229131 19.279369
v 2.637640 3.229131 19.102610
v 2.664922 3.229131 19.102610
v 2.437165 0.035511 19.102610
v 2.461270 0.035511 19.102610
v 5.713999 0.035511 19.279369
v 5.689893 0.035511 19.279369
v 5.515340 3.229131 19.279369
v 5.488057 3.229131 19.279369
v 5.515340 3.229131 19.102610
v 5.488057 3.229131 19.102610
v 5.713999 0.035511 19.102610
v 5.689893 0.035511 19.102610
v 3.361032 4.407905 19.279369
v 3.361032 4.407905 19.102610
v 3.342445 4.420007 19.102610
v 3.342445 4.420007 19.279369
v 4.075582 4.605882 19.279369
v 4.075582 4.605882 19.102610
v 4.075582 4.629076 19.102610
v 4.075582 4.629076 19.279369
v 4.790132 4.407905 19.279369
v 4.790132 4.407905 19.102610
v 4.808719 4.420007 19.102610
v 4.808719 4.420007 19.279369
v 3.948669 3.770855 18.470112
v 4.202495 3.770855 18.470112
v 3.948669 4.313211 18.470112
v 4.202495 4.313211 18.470112
v 3.948669 4.313211 18.450899
v 4.202495 4.313211 18.450899
v 3.948669 3.770855 18.450899
v 4.202495 3.770855 18.450899
v 2.694672 0.035511 21.229563
v 5.315487 0.035511 21.229563
v 2.863466 3.417261 21.229563
v 5.146693 3.417261 21.229563
v 2.863466 3.417261 18.608749
v 5.146693 3.417261 18.608749
v 2.694672 0.035511 18.608749
v 5.315487 0.035511 18.608749
v 3.870741 1.821219 21.301739
v 3.665560 1.821219 21.301739
v 3.875458 0.035511 21.301739
v 3.674738 0.035511 21.301739
v 3.870741 1.821219 21.290789
v 3.665560 1.821219 21.290789
v 3.674738 0.035511 21.290789
v 3.875458 0.035511 21.290789
v 4.081524 1.821219 21.301739
v 3.876343 1.821219 21.301739
v 4.086258 0.035511 21.301739
v 3.885521 0.035511 21.301739
v 4.081524 1.821219 21.290789
v 3.876343 1.821219 21.290789
v 3.885521 0.035511 21.290789
v 4.086258 0.035511 21.290789
v 4.293210 1.821219 21.301739
v 4.088029 1.821219 21.301739
v 4.297944 0.035511 21.301739
v 4.097207 0.035511 21.301739
v 4.293210 1.821219 21.290789
v 4.088029 1.821219 21.290789
v 4.097207 0.035511 21.290789
v 4.297944 0.035511 21.290789
v 4.500265 1.821219 21.301739
v 4.295083 1.821219 21.301739
v 4.504981 0.035511 21.301739
v 4.304261 0.035511 21.301739
v 4.500265 1.821219 21.290789
v 4.295083 1.821219 21.290789
v 4.304261 0.035511 21.290789
v 4.504981 0.035511 21.290789
v 4.299800 1.821218 18.535049
v 4.504981 1.821218 18.535049
v 4.295083 0.035511 18.535051
v 4.495803 0.035511 18.535051
v 4.299800 1.821218 18.546009
v 4.504981 1.821218 18.546009
v 4.495803 0.035511 18.546009
v 4.295083 0.035511 18.546009
v 4.089016 1.821218 18.535049
v 4.294198 1.821218 18.535049
v 4.084283 0.035511 18.535051
v 4.285020 0.035511 18.535051
v 4.089016 1.821218 18.546009
v 4.294198 1.821218 18.546009
v 4.285020 0.035511 18.546009
v 4.084283 0.035511 18.546009
v 3.877331 1.821218 18.535049
v 4.082512 1.821218 18.535049
v 3.872597 0.035511 18.535051
v 4.073334 0.035511 18.535051
v 3.877331 1.821218 18.546009
v 4.082512 1.821218 18.546009
v 4.073334 0.035511 18.546009
v 3.872597 0.035511 18.546009
v 3.670276 1.821218 18.535049
v 3.875458 1.821218 18.535049
v 3.665560 0.035511 18.535051
v 3.866280 0.035511 18.535051
v 3.670276 1.821218 18.546009
v 3.875458 1.821218 18.546009
v 3.866280 0.035511 18.546009
v 3.665560 0.035511 18.546009
vn -0.0087 -0.0034 1.0000
vn 0.0174 -0.0006 0.9998
vn -0.0000 -0.0000 1.0000
vn -0.0000 -0.0000 -1.0000
vn -0.9885 0.0620 0.1379
vn -0.9707 0.2004 0.1328
vn -0.9707 0.2004 -0.1328
vn -0.9885 0.0621 -0.1379
vn 0.9885 0.0615 0.1380
vn 0.9707 0.2004 0.1328
vn 0.9707 0.2004 -0.1328
vn 0.9885 0.0615 -0.1380
vn 0.6931 0.7127 -0.1080
vn 0.6930 0.7128 0.1080
vn -0.6935 0.7123 -0.1080
vn -0.6935 0.7123 0.1080
vn 0.0001 0.9957 -0.0927
vn -0.0000 0.9957 0.0927
vn -0.9979 0.0645 -0.0000
vn -0.9797 0.2007 -0.0000
vn -0.6979 0.7162 -0.0000
vn -0.0000 1.0000 -0.0000
vn 0.6974 0.7167 -0.0000
vn 0.9797 0.2007 -0.0000
vn 0.9980 0.0639 -0.0000
vn -0.9357 -0.0599 0.3478
vn -0.6925 -0.6809 0.2385
vn 0.0095 -0.6515 0.7586
vn 0.0108 -0.0582 0.9982
vn -0.2181 -0.9711 0.0970
vn 0.0103 -0.9641 0.2653
vn 0.7065 -0.0411 0.7065
vn 0.7065 0.0411 0.7065
vn 0.0108 0.0582 0.9982
vn 0.9653 -0.0452 0.2574
vn 0.9653 0.0452 0.2574
vn 0.6902 -0.6902 0.2172
vn 0.7071 -0.7071 -0.0000
vn 0.9983 -0.0590 -0.0000
vn 0.0088 -1.0000 -0.0000
vn -0.2153 0.9733 0.0795
vn -0.6925 0.6741 0.2569
vn 0.0078 0.7042 0.7100
vn 0.0088 0.9642 0.2651
vn -0.9357 0.0599 0.3478
vn 0.6902 0.6902 0.2172
vn 0.7071 0.7071 -0.0000
vn 0.0120 0.9999 -0.0000
vn 0.9983 0.0590 0.0001
vn -0.9357 0.0599 -0.3478
vn -0.6925 0.6741 -0.2569
vn 0.0078 0.7042 -0.7100
vn 0.0108 0.0582 -0.9982
vn -0.2197 0.9722 -0.0811
vn 0.0099 0.9840 -0.1778
vn 0.7065 0.0411 -0.7065
vn 0.6966 -0.0268 -0.7169
vn 0.0108 -0.0582 -0.9982
vn 0.9841 0.0503 -0.1702
vn 0.9855 -0.0596 -0.1588
vn 0.7007 0.7007 -0.1342
vn 0.9983 0.0590 -0.0000
vn -0.2295 -0.9697 -0.0836
vn -0.7077 -0.6560 -0.2623
vn 0.0035 -0.5944 -0.8042
vn 0.0093 -0.9837 -0.1797
vn -0.9357 -0.0599 -0.3478
vn 0.6689 -0.7302 -0.1393
vn 0.6783 -0.7348 -0.0000
vn 0.0144 -0.9999 -0.0000
vn 0.9974 -0.0722 -0.0001
vn 0.9370 -0.0598 0.3442
vn 0.6938 -0.6804 0.2361
vn 0.7092 -0.6554 -0.2597
vn 0.9370 -0.0598 -0.3442
vn 0.2188 -0.9710 0.0961
vn 0.2302 -0.9696 -0.0828
vn 0.2158 0.9732 0.0788
vn 0.6941 0.6735 0.2544
vn 0.6941 0.6735 -0.2544
vn 0.2205 0.9721 -0.0804
vn 0.9370 0.0598 0.3442
vn 0.9370 0.0598 -0.3442
vn -0.9855 -0.0596 -0.1588
vn -0.9347 -0.3121 -0.1699
vn -0.9239 -0.3827 -0.0000
vn -0.9974 -0.0722 -0.0000
vn -0.3853 -0.9176 -0.0976
vn -0.0094 -0.9837 -0.1797
vn -0.0146 -0.9999 -0.0000
vn -0.3827 -0.9239 -0.0000
vn -0.0109 -0.0582 -0.9982
vn -0.6966 -0.0268 -0.7169
vn -0.7065 0.0411 -0.7065
vn -0.0109 0.0582 -0.9982
vn -0.9841 0.0503 -0.1702
vn -0.0101 0.9840 -0.1778
vn -0.3659 0.9224 -0.1234
vn -0.3827 0.9239 -0.0000
vn -0.0121 0.9999 -0.0000
vn -0.9224 0.3660 -0.1233
vn -0.9983 0.0590 -0.0000
vn -0.9239 0.3827 -0.0000
vn -0.9653 0.0452 0.2574
vn -0.9143 0.3526 0.1994
vn -0.9239 0.3827 0.0001
vn -0.9983 0.0590 0.0001
vn -0.3526 0.9143 0.1994
vn -0.0089 0.9642 0.2651
vn -0.0122 0.9999 -0.0000
vn -0.0109 0.0582 0.9982
vn -0.7065 0.0411 0.7065
vn -0.7065 -0.0411 0.7065
vn -0.0109 -0.0582 0.9982
vn -0.9653 -0.0452 0.2574
vn -0.0104 -0.9641 0.2653
vn -0.3526 -0.9143 0.1994
vn -0.0089 -1.0000 -0.0000
vn -0.9143 -0.3526 0.1994
vn -0.9983 -0.0590 0.0001
vn -0.9239 -0.3827 0.0001
vn -0.0000 -1.0000 -0.0000
vn -0.0096 -0.6515 0.7586
vn -0.0035 -0.5943 -0.8042
vn -0.0079 0.7042 0.7100
vn -0.0079 0.7041 -0.7100
vn 0.5773 -0.5773 0.5774
vn 0.5773 0.5774 0.5774
vn 0.5774 0.5774 -0.5773
vn 0.5238 -0.3102 -0.7934
vn -0.5238 -0.3102 -0.7934
vn -0.5773 0.5774 -0.5773
vn -0.5773 0.5773 0.5774
vn -0.5773 -0.5773 0.5774
vn -0.0000 -0.0123 -0.9999
vn -0.0906 -0.9390 -0.3319
vn 0.0906 -0.9390 -0.3319
vn 0.6934 0.6327 0.3447
vn 0.4801 -0.7297 0.4869
vn 0.3417 -0.7891 -0.5106
vn 0.7179 0.5771 -0.3893
vn 0.1063 -0.9879 0.1130
vn 0.1122 0.9882 0.1047
vn 0.5094 0.7311 0.4540
vn 0.5094 0.7310 -0.4540
vn 0.1122 0.9882 -0.1047
vn 0.4893 0.5404 0.6845
vn 0.4893 0.5404 -0.6845
vn -0.1122 0.9882 0.1047
vn -0.1122 0.9882 -0.1047
vn -0.1063 -0.9879 0.1130
vn -0.4893 0.5404 0.6845
vn -0.4893 0.5404 -0.6845
vn -0.7179 0.5772 -0.3892
vn -0.6934 0.6327 0.3447
vn -0.5093 0.7310 0.4540
vn -0.5094 0.7310 -0.4540
vn -0.4801 -0.7297 0.4868
vn -0.3417 -0.7891 -0.5105
vn 0.9057 0.4239 -0.0000
vn -0.9057 0.4239 -0.0000
vn -0.0754 0.0354 0.9965
vn 0.0754 0.0353 0.9965
vn -0.0754 -0.0354 0.9965
vn 0.0754 -0.0353 0.9965
vn -0.9057 -0.4239 -0.0000
vn 0.9057 -0.4239 -0.0000
vn 0.6931 0.7127 0.1080
vn 0.0003 0.9957 -0.0927
vn 0.0755 0.0353 -0.9965
vn -0.0754 0.0353 -0.9965
vn 0.0755 -0.0353 -0.9965
vn -0.0754 -0.0353 -0.9965
vn 0.0538 0.0063 0.9985
vn -0.0540 0.0059 0.9985
vn -0.0537 -0.0051 0.9985
vn 0.0539 -0.0001 0.9985
vn 0.9932 0.1167 -0.0000
vn -0.9940 0.1091 -0.0000
vn -1.0000 -0.0051 -0.0000
vn 1.0000 0.0026 -0.0000
vn 0.0539 0.0001 0.9985
vn 1.0000 0.0027 -0.0000
vn 0.0539 0.0004 0.9985
vn -0.0538 0.0063 -0.9985
vn 0.0541 0.0059 -0.9985
vn 0.0537 -0.0051 -0.9985
vn -0.0540 0.0001 -0.9985
vn -0.9932 0.1167 -0.0003
vn 0.9940 0.1091 -0.0000
vn 1.0000 -0.0051 -0.0000
vn -1.0000 0.0026 -0.0000
vn -0.0540 0.0002 -0.9985
vn -0.9932 0.1167 -0.0002
vn -1.0000 0.0027 -0.0000
vn -0.9932 0.1167 -0.0000
vt 0.788162 0.109408
vt 0.796643 0.241895
vt 0.745614 0.245164
vt 0.745614 0.112132
vt 0.405964 0.104851
vt 0.448435 0.107595
vt 0.448435 0.240630
vt 0.397402 0.237332
vt 0.821403 0.733900
vt 0.813396 0.763782
vt 0.764364 0.792437
vt 0.764364 0.733863
vt 0.813396 0.704019
vt 0.764365 0.675290
vt 0.663368 0.843563
vt 0.606330 0.843601
vt 0.606330 0.785028
vt 0.655362 0.813682
vt 0.655362 0.873445
vt 0.606330 0.902174
vt 0.995311 0.000988
vt 0.996319 0.001053
vt 0.996220 0.134908
vt 0.995144 0.134595
vt 0.987761 0.134579
vt 0.986684 0.134892
vt 0.986909 0.001046
vt 0.987917 0.000982
vt 0.995086 0.444253
vt 0.995268 0.310663
vt 0.996345 0.310349
vt 0.996092 0.444190
vt 0.987886 0.310646
vt 0.987691 0.444245
vt 0.986684 0.444180
vt 0.986810 0.310332
vt 0.987139 0.253372
vt 0.987949 0.253679
vt 0.995317 0.253701
vt 0.996125 0.253387
vt 0.987714 0.191503
vt 0.986905 0.191817
vt 0.995081 0.191526
vt 0.995891 0.191832
vt 0.987803 0.222648
vt 0.986882 0.222654
vt 0.995226 0.222555
vt 0.996148 0.222550
vt 0.916033 0.000983
vt 0.916033 0.134018
vt 0.796507 0.134018
vt 0.796507 0.000982
vt 0.916033 0.190809
vt 0.796507 0.190809
vt 0.916033 0.221744
vt 0.796507 0.221744
vt 0.610677 0.000982
vt 0.610677 0.031918
vt 0.491152 0.031918
vt 0.491152 0.000982
vt 0.610677 0.088747
vt 0.491152 0.088747
vt 0.610677 0.221777
vt 0.491152 0.221777
vt 0.920997 0.047773
vt 0.919506 0.047931
vt 0.919313 0.004692
vt 0.920872 0.004674
vt 0.918292 0.047695
vt 0.917768 0.004681
vt 0.920828 0.003210
vt 0.929698 0.003335
vt 0.929638 0.004813
vt 0.920750 0.001706
vt 0.929789 0.001841
vt 0.919190 0.002096
vt 0.919082 0.001359
vt 0.920699 0.000982
vt 0.918123 0.003127
vt 0.917042 0.004671
vt 0.917361 0.003046
vt 0.932319 0.048211
vt 0.930916 0.047864
vt 0.931199 0.004842
vt 0.932744 0.004844
vt 0.929418 0.047719
vt 0.932406 0.003283
vt 0.933161 0.003224
vt 0.933470 0.004831
vt 0.931345 0.002251
vt 0.929842 0.001124
vt 0.931469 0.001505
vt 0.930108 0.167705
vt 0.931601 0.167545
vt 0.932492 0.210781
vt 0.930931 0.210828
vt 0.932985 0.167184
vt 0.934037 0.210759
vt 0.931001 0.212282
vt 0.922144 0.212363
vt 0.922177 0.210872
vt 0.931097 0.213768
vt 0.922121 0.213869
vt 0.932638 0.213395
vt 0.932846 0.215309
vt 0.931267 0.215620
vt 0.933777 0.212293
vt 0.935894 0.210741
vt 0.935754 0.212348
vt 0.918792 0.167351
vt 0.920188 0.167678
vt 0.920616 0.210859
vt 0.919900 0.210832
vt 0.921683 0.167805
vt 0.920360 0.212366
vt 0.917288 0.212534
vt 0.917042 0.210963
vt 0.920600 0.212523
vt 0.922074 0.215710
vt 0.920462 0.215549
vt 0.487339 0.778454
vt 0.488832 0.778603
vt 0.488073 0.898441
vt 0.486580 0.898584
vt 0.490047 0.778369
vt 0.489470 0.898106
vt 0.476040 0.778885
vt 0.477430 0.778523
vt 0.476663 0.898293
vt 0.475265 0.897937
vt 0.478923 0.778369
vt 0.478158 0.898449
vt 0.486191 0.944053
vt 0.487708 0.942692
vt 0.487857 0.945742
vt 0.486247 0.945922
vt 0.487947 0.942519
vt 0.488407 0.941006
vt 0.491265 0.941122
vt 0.491025 0.942738
vt 0.486130 0.941041
vt 0.486163 0.942535
vt 0.477294 0.942495
vt 0.477365 0.941046
vt 0.477195 0.943968
vt 0.474258 0.940959
vt 0.474511 0.942508
vt 0.472539 0.942517
vt 0.472402 0.940941
vt 0.475667 0.943586
vt 0.477044 0.945788
vt 0.475432 0.945505
vt 0.478496 0.733067
vt 0.476940 0.733478
vt 0.476824 0.732741
vt 0.478435 0.732343
vt 0.475888 0.734522
vt 0.475540 0.736082
vt 0.474815 0.736073
vt 0.475127 0.734444
vt 0.478646 0.736059
vt 0.478589 0.734578
vt 0.487464 0.734412
vt 0.487419 0.735872
vt 0.487539 0.732926
vt 0.490523 0.735892
vt 0.490179 0.734336
vt 0.490934 0.734274
vt 0.491249 0.735878
vt 0.489101 0.733315
vt 0.487584 0.732209
vt 0.489217 0.732569
vt 0.491265 0.778558
vt 0.933295 0.047695
vt 0.473872 0.897022
vt 0.917384 0.166435
vt 0.934378 0.166286
vt 0.917073 0.047882
vt 0.490880 0.897178
vt 0.475062 0.778370
vt 0.488978 0.735896
vt 0.487691 0.941032
vt 0.477086 0.736084
vt 0.475804 0.940990
vt 0.919485 0.003379
vt 0.931039 0.003525
vt 0.932351 0.212093
vt 0.920795 0.212166
vt 0.487512 0.942332
vt 0.475944 0.942299
vt 0.477248 0.734764
vt 0.488809 0.734586
vt 0.716708 0.998820
vt 0.676229 0.999474
vt 0.665582 0.866860
vt 0.716708 0.866035
vt 0.654766 0.402333
vt 0.665392 0.534690
vt 0.614365 0.537988
vt 0.614365 0.404944
vt 0.972119 0.229754
vt 0.970682 0.322297
vt 0.967598 0.322862
vt 0.968764 0.229105
vt 0.962538 0.141276
vt 0.965898 0.141152
vt 0.965898 0.228967
vt 0.962926 0.228938
vt 0.969281 0.140798
vt 0.952752 0.135846
vt 0.956130 0.136118
vt 0.956390 0.232354
vt 0.952943 0.232414
vt 0.959338 0.136209
vt 0.959652 0.232347
vt 0.953329 0.423224
vt 0.949954 0.421277
vt 0.949761 0.319029
vt 0.953137 0.319497
vt 0.972472 0.421108
vt 0.970082 0.423060
vt 0.972659 0.139561
vt 0.949376 0.134786
vt 0.949570 0.232932
vt 0.959982 0.424496
vt 0.960019 0.319527
vt 0.963731 0.322959
vt 0.963363 0.424371
vt 0.956652 0.424156
vt 0.956556 0.319530
vt 0.967218 0.424005
vt 0.965981 0.322939
vt 0.965898 0.001509
vt 0.969281 0.002901
vt 0.962580 0.000980
vt 0.955937 0.010138
vt 0.959287 0.009578
vt 0.952563 0.011583
vt 0.949184 0.015134
vt 0.972659 0.006334
vt 0.293577 0.557224
vt 0.283024 0.557224
vt 0.283024 0.556425
vt 0.293577 0.556425
vt 0.283024 0.533877
vt 0.293577 0.533877
vt 0.283024 0.533078
vt 0.293577 0.533078
vt 0.282225 0.533877
vt 0.282225 0.556425
vt 0.294375 0.533877
vt 0.294375 0.556426
vt 0.997991 0.445596
vt 0.998997 0.445661
vt 0.998898 0.579516
vt 0.997822 0.579203
vt 0.990439 0.579187
vt 0.989363 0.579501
vt 0.989588 0.445654
vt 0.990595 0.445591
vt 0.997764 0.888863
vt 0.997947 0.755272
vt 0.999023 0.754958
vt 0.998771 0.888800
vt 0.990564 0.755255
vt 0.990369 0.888855
vt 0.989363 0.888790
vt 0.989488 0.754941
vt 0.989817 0.697982
vt 0.990627 0.698288
vt 0.997995 0.698310
vt 0.998804 0.697996
vt 0.990391 0.636112
vt 0.989584 0.636426
vt 0.997759 0.636135
vt 0.998569 0.636441
vt 0.990482 0.667257
vt 0.989561 0.667263
vt 0.997905 0.667165
vt 0.998827 0.667159
vt 0.617681 0.563473
vt 0.607129 0.563473
vt 0.607129 0.562674
vt 0.617681 0.562674
vt 0.607129 0.540125
vt 0.617681 0.540125
vt 0.607129 0.539326
vt 0.617681 0.539326
vt 0.606330 0.540125
vt 0.606330 0.562674
vt 0.618480 0.540125
vt 0.618480 0.562674
vt 0.568985 0.730870
vt 0.467045 0.730870
vt 0.467045 0.590264
vt 0.568985 0.590264
vt 0.761977 0.819192
vt 0.659901 0.819192
vt 0.659901 0.678774
vt 0.761977 0.678774
vt 0.783569 0.863530
vt 0.792100 0.863486
vt 0.792100 0.937729
vt 0.783755 0.937772
vt 0.783567 0.863075
vt 0.792098 0.863031
vt 0.792555 0.863486
vt 0.792555 0.937729
vt 0.783300 0.937773
vt 0.783114 0.863531
vt 0.494811 0.837139
vt 0.503341 0.837095
vt 0.503340 0.911340
vt 0.494995 0.911383
vt 0.494808 0.836684
vt 0.503339 0.836640
vt 0.503796 0.837095
vt 0.503796 0.911340
vt 0.494540 0.911384
vt 0.494355 0.837140
vt 0.588035 0.804987
vt 0.596565 0.804943
vt 0.596565 0.879186
vt 0.588221 0.879229
vt 0.588033 0.804532
vt 0.596563 0.804488
vt 0.597021 0.804943
vt 0.597021 0.879186
vt 0.587765 0.879230
vt 0.587580 0.804988
vt 0.246302 0.907240
vt 0.254832 0.907196
vt 0.254833 0.981439
vt 0.246488 0.981482
vt 0.246300 0.906784
vt 0.254830 0.906740
vt 0.255288 0.907196
vt 0.255288 0.981439
vt 0.246032 0.981483
vt 0.245847 0.907241
vt 0.697856 0.452741
vt 0.706387 0.452697
vt 0.706386 0.526942
vt 0.698041 0.526986
vt 0.697853 0.452285
vt 0.706384 0.452241
vt 0.706842 0.452697
vt 0.706842 0.526942
vt 0.697586 0.526987
vt 0.697400 0.452742
vt 0.028218 0.406526
vt 0.036749 0.406482
vt 0.036748 0.480729
vt 0.028403 0.480772
vt 0.028216 0.406070
vt 0.036746 0.406026
vt 0.037203 0.406482
vt 0.037203 0.480729
vt 0.027947 0.480773
vt 0.027762 0.406527
vt 0.976425 0.336486
vt 0.984956 0.336442
vt 0.984956 0.410689
vt 0.976611 0.410731
vt 0.976423 0.336030
vt 0.984954 0.335986
vt 0.985412 0.336442
vt 0.985412 0.410688
vt 0.976155 0.410732
vt 0.975970 0.336487
vt 0.555892 0.757820
vt 0.564423 0.757776
vt 0.564423 0.832021
vt 0.556078 0.832065
vt 0.555890 0.757364
vt 0.564420 0.757320
vt 0.564878 0.757776
vt 0.564878 0.832021
vt 0.555622 0.832066
vt 0.555437 0.757821
s 1
f 22/38/34 24/39/34 25/40/34 23/41/34
f 26/42/35 27/43/35 29/44/35 28/45/35
f 34/46/36 31/47/36 30/48/36 35/49/36
f 32/50/36 34/46/36 35/49/36 33/51/36
f 40/52/37 41/53/37 36/54/37 37/55/37
f 38/56/37 39/57/37 41/53/37 40/52/37
f 42/58/38 43/59/36 45/60/36 44/61/39
f 46/62/40 47/63/37 49/64/37 48/65/41
f 48/65/41 42/58/38 44/61/39 46/62/40
f 50/66/42 52/67/43 53/68/36 51/69/36
f 54/70/44 56/71/45 57/72/37 55/73/37
f 56/71/45 54/70/44 52/67/43 50/66/42
f 67/74/37 68/75/46 54/70/44 55/73/37
f 68/75/46 69/76/47 52/67/43 54/70/44
f 69/76/47 66/77/36 53/68/36 52/67/43
f 47/63/37 46/62/40 60/78/48 59/79/37
f 46/62/40 44/61/39 61/80/49 60/78/48
f 44/61/39 45/60/36 58/81/36 61/80/49
f 59/79/37 60/78/48 64/82/50 63/83/37
f 60/78/48 61/80/49 65/84/51 64/82/50
f 61/80/49 58/81/36 62/85/36 65/84/51
f 63/83/37 64/82/50 68/75/46 67/74/37
f 64/82/50 65/84/51 69/76/47 68/75/46
f 65/84/51 62/85/36 66/77/36 69/76/47
f 70/86/52 71/87/53 78/88/53 77/89/52
f 71/87/53 72/90/54 79/91/54 78/88/53
f 72/90/54 73/92/55 80/93/55 79/91/54
f 73/94/55 74/95/56 81/96/56 80/97/55
f 74/95/56 75/98/57 82/99/57 81/96/56
f 75/98/57 76/100/58 83/101/58 82/99/57
f 94/102/59 93/103/60 97/104/61 96/105/62
f 93/103/60 92/106/63 98/107/64 97/104/61
f 96/105/62 95/108/65 108/109/66 107/110/67
f 95/108/65 100/111/68 109/112/69 108/109/66
f 100/111/68 99/113/70 165/114/71 164/115/72
f 99/116/70 98/107/64 166/117/73 165/118/71
f 103/119/74 102/120/75 106/121/76 105/122/77
f 102/120/75 101/123/78 107/110/67 106/121/76
f 105/122/77 104/124/79 168/125/80 167/126/81
f 104/127/79 109/112/69 169/128/82 168/129/80
f 112/130/83 111/131/84 115/132/85 114/133/86
f 111/131/84 110/134/87 116/135/88 115/132/85
f 114/133/86 113/136/89 126/137/90 125/138/91
f 113/136/89 118/139/92 127/140/93 126/137/90
f 118/139/92 117/141/94 159/142/80 158/143/95
f 117/144/94 116/135/88 160/145/81 159/146/80
f 121/147/96 120/148/97 124/149/98 123/150/99
f 120/148/97 119/151/100 125/138/91 124/149/98
f 123/150/99 122/152/101 162/153/102 161/154/103
f 122/155/101 127/140/93 163/156/104 162/157/102
f 130/158/105 129/159/106 132/160/107 131/161/108
f 129/159/106 128/162/109 133/163/110 132/160/107
f 136/164/111 135/165/112 138/166/113 137/167/114
f 135/165/112 134/168/115 139/169/116 138/166/113
f 141/170/117 140/171/118 156/172/119 155/173/120
f 140/174/121 145/175/122 157/176/123 156/177/124
f 143/178/125 142/179/126 146/180/127 151/181/128
f 142/179/126 141/170/117 147/182/129 146/180/127
f 149/183/130 148/184/131 153/185/132 152/186/133
f 148/187/134 147/182/129 154/188/135 153/189/136
f 171/190/137 170/191/138 186/192/139 185/193/140
f 170/194/141 175/195/142 187/196/143 186/197/132
f 173/198/144 172/199/145 176/200/146 181/201/147
f 172/199/145 171/190/137 177/202/148 176/200/146
f 179/203/149 178/204/150 183/205/124 182/206/151
f 178/207/152 177/202/148 184/208/153 183/209/154
f 179/203/149 182/206/151 87/210/155 128/162/109
f 94/102/59 96/105/62 107/110/67 101/123/78
f 103/119/74 105/122/77 167/126/81 84/211/55
f 149/183/130 152/186/133 91/212/55 137/167/114
f 112/130/83 114/133/86 125/138/91 119/151/100
f 121/147/96 123/150/99 161/154/103 88/213/155
f 103/119/74 84/211/55 90/214/55 110/134/87
f 86/215/155 92/106/63 121/147/96 88/213/155
f 128/162/109 87/210/155 89/216/155 133/163/110
f 85/217/55 136/164/111 137/167/114 91/212/55
f 130/158/105 131/161/108 139/169/116 134/168/115
f 101/123/78 112/130/83 119/151/100 94/102/59
f 143/178/125 151/181/128 139/169/116 131/161/108
f 157/176/123 145/175/122 133/163/110 89/216/155
f 90/214/55 160/145/81 116/135/88 110/134/87
f 86/215/155 166/117/73 98/107/64 92/106/63
f 173/198/144 181/201/147 130/158/105 134/168/115
f 187/196/143 175/195/142 136/164/111 85/217/55
f 100/111/68 164/115/72 169/128/82 109/112/69
f 184/208/153 177/202/148 171/190/137 185/193/140
f 154/188/135 147/182/129 141/170/117 155/173/120
f 118/139/92 158/143/95 163/156/104 127/140/93
f 101/123/78 102/120/75 111/131/84 112/130/83
f 102/120/75 103/119/74 110/134/87 111/131/84
f 92/106/63 93/103/60 120/148/97 121/147/96
f 93/103/60 94/102/59 119/151/100 120/148/97
f 128/162/109 129/159/106 180/218/156 179/203/149
f 129/159/106 130/158/105 181/201/147 180/218/156
f 131/161/108 132/160/107 144/219/157 143/178/125
f 132/160/107 133/163/110 145/175/122 144/219/157
f 134/168/115 135/165/112 174/220/158 173/198/144
f 135/165/112 136/164/111 175/195/142 174/220/158
f 137/167/114 138/166/113 150/221/159 149/183/130
f 138/166/113 139/169/116 151/181/128 150/221/159
f 99/113/70 100/111/68 95/108/65 188/222/160
f 95/108/65 96/105/62 97/104/61 188/222/160
f 97/104/61 98/107/64 99/116/70 188/222/160
f 108/109/66 109/112/69 104/127/79 189/223/161
f 104/124/79 105/122/77 106/121/76 189/223/161
f 106/121/76 107/110/67 108/109/66 189/223/161
f 117/141/94 118/139/92 113/136/89 190/224/162
f 113/136/89 114/133/86 115/132/85 190/224/162
f 115/132/85 116/135/88 117/144/94 190/224/162
f 126/137/90 127/140/93 122/155/101 191/225/163
f 122/152/101 123/150/99 124/149/98 191/225/163
f 124/149/98 125/138/91 126/137/90 191/225/163
f 144/219/157 145/175/122 140/174/121 192/226/164
f 140/171/118 141/170/117 142/179/126 192/226/164
f 142/179/126 143/178/125 144/219/157 192/226/164
f 150/221/159 151/181/128 146/180/127 193/227/165
f 146/180/127 147/182/129 148/187/134 193/227/165
f 148/184/131 149/183/130 150/221/159 193/227/165
f 174/220/158 175/195/142 170/194/141 194/228/166
f 170/191/138 171/190/137 172/199/145 194/228/166
f 172/199/145 173/198/144 174/220/158 194/228/166
f 180/218/156 181/201/147 176/200/146 195/229/167
f 176/200/146 177/202/148 178/207/152 195/229/167
f 178/204/150 179/203/149 180/218/156 195/229/167
f 196/230/168 197/231/168 199/232/168 198/233/168
f 200/234/168 202/235/168 203/236/168 201/237/168
f 209/238/155 208/239/155 223/240/169 229/241/170
f 226/242/171 225/243/172 228/244/173 227/245/174
f 225/243/172 224/246/175 229/241/170 228/244/173
f 232/247/176 231/248/177 234/249/178 233/250/179
f 231/248/177 230/251/180 235/252/181 234/249/178
f 217/253/182 204/254/55 210/255/55 218/256/183
f 206/257/155 212/258/184 223/240/169 208/239/155
f 224/246/175 207/259/155 209/238/155 229/241/170
f 205/260/55 232/247/176 233/250/179 211/261/55
f 226/242/171 227/245/174 235/252/181 230/251/180
f 215/262/185 220/263/186 221/264/187 214/265/188
f 215/262/185 216/266/189 219/267/190 220/263/186
f 216/266/189 217/253/182 218/256/183 219/267/190
f 212/258/184 213/268/191 222/269/192 223/240/169
f 213/268/191 214/265/188 221/264/187 222/269/192
f 224/246/175 225/243/172 213/270/191 212/271/184
f 225/243/172 226/242/171 214/272/188 213/270/191
f 228/244/173 229/241/170 223/240/169 222/269/192 221/264/187 227/245/174
f 230/251/180 231/248/177 216/273/189 215/274/185
f 231/248/177 232/247/176 217/275/182 216/273/189
f 233/250/179 234/249/178 219/267/190 218/256/183
f 234/249/178 235/252/181 220/263/186 219/267/190
f 227/245/174 221/264/187 220/263/186 235/252/181
f 233/250/179 218/256/183 210/255/55 211/261/55
f 205/260/55 204/276/55 217/275/182 232/247/176
f 230/251/180 215/274/185 214/272/188 226/242/171
f 224/246/175 212/271/184 206/277/155 207/259/155
f 238/278/193 239/279/194 241/280/195 240/281/196
f 240/281/196 241/280/195 243/282/197 242/283/198
f 242/283/198 243/282/197 237/284/199 236/285/200
f 237/286/199 243/282/197 241/280/195 239/287/194
f 242/283/198 236/288/200 238/289/193 240/281/196
f 244/290/38 245/291/36 247/292/36 246/293/39
f 248/294/40 249/295/37 251/296/37 250/297/41
f 250/297/41 244/290/38 246/293/39 248/294/40
f 252/298/42 254/299/43 255/300/36 253/301/36
f 256/302/44 258/303/45 259/304/37 257/305/37
f 258/303/45 256/302/44 254/299/43 252/298/42
f 269/306/37 270/307/46 256/302/44 257/305/37
f 270/307/46 271/308/201 254/299/43 256/302/44
f 271/308/201 268/309/36 255/300/36 254/299/43
f 249/295/37 248/294/40 262/310/48 261/311/37
f 248/294/40 246/293/39 263/312/49 262/310/48
f 246/293/39 247/292/36 260/313/36 263/312/49
f 261/311/37 262/310/48 266/314/202 265/315/37
f 262/310/48 263/312/49 267/316/51 266/314/202
f 263/312/49 260/313/36 264/317/36 267/316/51
f 265/315/37 266/314/202 270/307/46 269/306/37
f 266/314/202 267/316/51 271/308/201 270/307/46
f 267/316/51 264/317/36 268/309/36 271/308/201
f 274/318/194 275/319/193 277/320/203 276/321/204
f 276/321/204 277/320/203 279/322/205 278/323/206
f 278/323/206 279/322/205 273/324/200 272/325/199
f 273/326/200 279/322/205 277/320/203 275/327/193
f 278/323/206 272/328/199 274/329/194 276/321/204
f 280/330/36 281/331/36 283/332/36 282/333/36
f 284/334/37 285/335/37 287/336/37 286/337/37
f 288/338/207 289/339/208 291/340/209 290/341/210
f 288/338/207 292/342/211 293/343/212 289/339/208
f 289/339/208 293/344/212 294/345/213 291/340/209
f 290/341/210 295/346/214 292/347/211 288/338/207
f 296/348/207 297/349/208 299/350/209 298/351/215
f 296/348/207 300/352/211 301/353/212 297/349/208
f 297/349/208 301/354/212 302/355/213 299/350/209
f 298/351/215 303/356/216 300/357/211 296/348/207
f 304/358/207 305/359/208 307/360/209 306/361/215
f 304/358/207 308/362/211 309/363/212 305/359/208
f 305/359/208 309/364/212 310/365/213 307/360/209
f 306/361/215 311/366/216 308/367/211 304/358/207
f 312/368/207 313/369/208 315/370/209 314/371/217
f 312/368/207 316/372/211 317/373/212 313/369/208
f 313/369/208 317/374/212 318/375/213 315/370/209
f 314/371/217 319/376/214 316/377/211 312/368/207
f 320/378/218 321/379/219 323/380/220 322/381/221
f 320/378/218 324/382/222 325/383/223 321/379/219
f 321/379/219 325/384/223 326/385/224 323/380/220
f 322/381/221 327/386/225 324/387/222 320/378/218
f 328/388/218 329/389/219 331/390/220 330/391/226
f 328/388/218 332/392/227 333/393/223 329/389/219
f 329/389/219 333/394/223 334/395/224 331/390/220
f 330/391/226 335/396/228 332/397/227 328/388/218
f 336/398/218 337/399/219 339/400/220 338/401/226
f 336/398/218 340/402/229 341/403/223 337/399/219
f 337/399/219 341/404/223 342/405/224 339/400/220
f 338/401/226 343/406/228 340/407/229 336/398/218
f 344/408/218 345/409/219 347/410/220 346/411/221
f 344/408/218 348/412/222 349/413/223 345/409/219
f 345/409/219 349/414/223 350/415/224 347/410/220
f 346/411/221 351/416/225 348/417/222 344/408/218
o pCylinder75
v -0.210269 4.591112 -1.399485
v -0.151022 4.554705 -1.429937
v -0.117215 4.582468 -1.491977
v -0.142653 4.646639 -1.523567
v -0.201900 4.683045 -1.493115
v -0.235707 4.655282 -1.431074
v -0.020889 4.701953 -1.263085
v 0.014663 4.680106 -1.281358
v 0.034951 4.696766 -1.318587
v 0.019686 4.735273 -1.337543
v -0.015867 4.757120 -1.319270
v -0.036154 4.740460 -1.282042
v 0.089203 4.880709 -1.150611
v 0.101898 4.872908 -1.157135
v 0.109142 4.878857 -1.170429
v 0.103691 4.892607 -1.177198
v 0.090996 4.900407 -1.170674
v 0.083752 4.894458 -1.157380
v 0.168874 5.800416 -1.824122
v 0.023912 5.800321 -1.890553
v -0.121049 5.800209 -1.824122
v -0.181094 5.800075 -1.663745
v -0.121049 5.799890 -1.503367
v 0.023912 5.799890 -1.436936
v 0.168874 5.800075 -1.503367
v 0.228919 5.800321 -1.663745
v 0.291766 5.870097 -2.004437
v 0.023912 5.867722 -2.145556
v -0.243942 5.867530 -2.004437
v -0.354890 5.867530 -1.663745
v -0.243942 5.867530 -1.323052
v 0.023912 5.867530 -1.181933
v 0.291766 5.867530 -1.323052
v 0.402715 5.868748 -1.663745
v 0.395540 6.007374 -2.202433
v 0.023912 5.997549 -2.425566
v -0.347716 5.997283 -2.202433
v -0.501649 5.999280 -1.663745
v -0.347716 5.994545 -1.125056
v 0.023912 5.994280 -0.901923
v 0.395540 5.994911 -1.125055
v 0.549473 6.008437 -1.663745
v 0.464928 6.192801 -2.339606
v 0.023912 6.176998 -2.619556
v -0.417104 6.182798 -2.339606
v -0.599778 6.194035 -1.663745
v -0.417104 6.175953 -0.987884
v 0.023912 6.175501 -0.707931
v 0.464928 6.176836 -0.987883
v 0.647603 6.206437 -1.663745
v 0.431583 6.337851 -2.267962
v 0.026992 6.339063 -2.515636
v -0.377599 6.333884 -2.267610
v -0.545186 6.333164 -1.669746
v -0.377599 6.338434 -1.072343
v 0.026992 6.337654 -0.824893
v 0.431583 6.337899 -1.071888
v 0.599171 6.337279 -1.669752
v 0.320714 6.463753 -2.039333
v 0.048775 6.503627 -2.172382
v -0.223164 6.538355 -2.033850
v -0.335804 6.540743 -1.714070
v -0.223164 6.541131 -1.402228
v 0.048775 6.540576 -1.272534
v 0.320714 6.541122 -1.398662
v 0.433355 6.494892 -1.715086
v 0.195947 6.536843 -1.866313
v 0.048775 6.572277 -1.930517
v -0.098397 6.594683 -1.863513
v -0.159358 6.588213 -1.708782
v -0.098397 6.591924 -1.557335
v 0.048775 6.596148 -1.494507
v 0.195947 6.592398 -1.556210
v 0.256908 6.560426 -1.709566
v 0.023912 5.776509 -1.663745
v 0.048775 6.619250 -1.707334
v -0.339164 4.273757 -1.992095
v -0.216097 4.159728 -1.944839
v -0.048246 4.194639 -1.976275
v -0.003460 4.343578 -2.054968
v -0.126527 4.457608 -2.102224
v -0.294379 4.422697 -2.070788
v -0.193994 4.840864 -1.044050
v -0.167625 4.816431 -1.033924
v -0.131658 4.823912 -1.040660
v -0.122062 4.855824 -1.057522
v -0.148432 4.880258 -1.067647
v -0.184398 4.872777 -1.060911
v 0.245296 2.598370 -1.942500
v -0.076860 2.365662 -2.050594
v -0.443685 2.426826 -1.873617
v -0.488354 2.720699 -1.588544
v -0.166197 2.953408 -1.480450
v 0.200627 2.892244 -1.657428
v -0.226231 3.366449 -3.016087
v -0.419550 3.226805 -3.080952
v -0.639673 3.263508 -2.974752
v -0.666478 3.439855 -2.803687
v -0.473159 3.579499 -2.738823
v -0.253036 3.542795 -2.845022
v -0.489207 4.458515 -3.654718
v -0.558236 4.408652 -3.677880
v -0.636837 4.421758 -3.639957
v -0.646408 4.484727 -3.578875
v -0.577379 4.534590 -3.555714
v -0.498778 4.521485 -3.593635
v -0.611784 0.773867 -1.753085
v -0.472715 0.616776 -1.570662
v -0.200709 0.658065 -1.530609
v -0.067772 0.856445 -1.672980
v -0.206842 1.013536 -1.855405
v -0.478848 0.972247 -1.895457
v -0.754952 1.292360 -0.974593
v -0.671500 1.198093 -0.865124
v -0.508275 1.222870 -0.841090
v -0.428503 1.341913 -0.926523
v -0.511955 1.436180 -1.035992
v -0.675180 1.411403 -1.060027
v -0.849903 2.029562 -0.518135
v -0.820105 1.995902 -0.479047
v -0.761821 2.004748 -0.470464
v -0.733336 2.047256 -0.500971
v -0.763135 2.080916 -0.540060
v -0.821418 2.072069 -0.548641
v -0.714962 2.055812 -0.628190
v -0.866865 2.031034 -0.603503
v -0.963144 1.995395 -0.529223
v -0.947834 1.969690 -0.448922
v -0.830308 1.968951 -0.409683
v -0.678504 1.993668 -0.434423
v -0.582063 2.029372 -0.508658
v -0.597242 2.055149 -0.588895
v -0.718581 2.143991 -0.693818
v -1.002025 2.098134 -0.656444
v -1.167050 2.030648 -0.512451
v -1.120316 1.979502 -0.347702
v -0.890994 1.974714 -0.258454
v -0.608167 2.019034 -0.297149
v -0.440030 2.086498 -0.441245
v -0.485589 2.138400 -0.605422
v -0.777157 2.276602 -0.716866
v -1.165053 2.210699 -0.679126
v -1.367877 2.114422 -0.470270
v -1.278629 2.039216 -0.218316
v -0.948859 2.023864 -0.073608
v -0.563224 2.083124 -0.116234
v -0.346657 2.179694 -0.324208
v -0.435974 2.265363 -0.568130
v -0.857789 2.430079 -0.674908
v -1.295570 2.349228 -0.638151
v -1.503652 2.236427 -0.385841
v -1.386848 2.150218 -0.078034
v -1.011924 2.121233 0.096673
v -0.583683 2.190196 0.055746
v -0.342775 2.307073 -0.188262
v -0.459457 2.421928 -0.478584
v -0.917842 2.515786 -0.547209
v -1.305803 2.449914 -0.501800
v -1.480992 2.337902 -0.285512
v -1.377311 2.252568 -0.024880
v -1.063875 2.242832 0.135892
v -0.695460 2.307790 0.100355
v -0.479856 2.415019 -0.113680
v -0.563771 2.500990 -0.384582
v -0.966289 2.557204 -0.350701
v -1.215968 2.533297 -0.288460
v -1.340680 2.479521 -0.140732
v -1.298003 2.428171 -0.000361
v -1.129601 2.428728 0.075311
v -0.911556 2.478959 0.043822
v -0.766350 2.549919 -0.081194
v -0.777037 2.573497 -0.253106
v -1.018279 2.561946 -0.206819
v -1.148220 2.555006 -0.165863
v -1.220018 2.527479 -0.089538
v -1.203550 2.496607 -0.023172
v -1.116889 2.500092 0.012951
v -1.003821 2.530950 -0.004918
v -0.926001 2.567410 -0.070754
v -0.927196 2.575897 -0.158383
v -0.761220 1.996261 -0.533725
v -1.081591 2.562427 -0.066283
v -0.018972 4.960557 -0.532785
v -0.089909 4.960855 -0.565417
v -0.161489 4.960576 -0.534514
v -0.191028 4.960327 -0.458934
v -0.161384 4.960539 -0.384235
v -0.089945 4.960895 -0.351665
v -0.018438 4.960661 -0.383804
v 0.010721 4.960444 -0.459208
v 0.038534 4.972335 -0.597061
v -0.089737 4.978082 -0.669254
v -0.220202 4.976953 -0.606240
v -0.273976 4.975432 -0.458842
v -0.220758 4.976437 -0.309413
v -0.089883 4.977895 -0.241160
v 0.041058 4.973077 -0.309728
v 0.092640 4.969907 -0.459365
v 0.084568 5.007409 -0.648349
v -0.089719 5.028253 -0.759252
v -0.268177 5.029586 -0.666415
v -0.338629 5.029235 -0.459168
v -0.270974 5.027673 -0.239732
v -0.089975 5.033519 -0.131046
v 0.090963 5.008318 -0.241813
v 0.155172 4.997643 -0.459954
v 0.114047 5.092536 -0.676660
v -0.089787 5.150215 -0.817644
v -0.298195 5.148825 -0.694993
v -0.373902 5.150521 -0.460296
v -0.304102 5.153112 -0.201238
v -0.090017 5.168517 -0.067808
v 0.123618 5.109195 -0.205387
v 0.189580 5.073518 -0.461155
v 0.089804 5.221754 -0.630821
v -0.087615 5.233973 -0.736990
v -0.268024 5.254800 -0.641561
v -0.338216 5.258314 -0.463511
v -0.273047 5.247148 -0.267567
v -0.088078 5.213469 -0.152046
v 0.096565 5.194708 -0.271308
v 0.159975 5.210228 -0.464422
v 0.036721 5.295041 -0.558931
v -0.077691 5.333398 -0.596607
v -0.192103 5.353243 -0.559562
v -0.239494 5.345799 -0.476331
v -0.192103 5.353017 -0.398222
v -0.077691 5.355682 -0.362864
v 0.036721 5.339692 -0.397874
v 0.084112 5.313215 -0.476332
v -0.015252 5.334938 -0.519700
v -0.077691 5.371553 -0.541956
v -0.140097 5.384343 -0.520365
v -0.165724 5.378137 -0.476173
v -0.140034 5.382029 -0.434096
v -0.077691 5.385145 -0.415282
v -0.015340 5.378195 -0.433700
v 0.010357 5.350080 -0.475681
v -0.089997 4.956284 -0.459274
v -0.077691 5.397433 -0.475574
v -0.478822 4.223297 -3.612681
v -0.551577 4.200395 -3.636911
v -0.624332 4.223086 -3.612484
v -0.654467 4.278010 -3.553641
v -0.624332 4.332881 -3.494750
v -0.551577 4.355688 -3.470430
v -0.478822 4.333070 -3.494927
v -0.448686 4.278261 -3.553877
v -0.417144 4.232491 -3.745368
v -0.551577 4.181619 -3.794759
v -0.686010 4.229871 -3.742911
v -0.741694 4.346836 -3.618185
v -0.686010 4.463801 -3.493458
v -0.551577 4.512250 -3.441794
v -0.417144 4.463801 -3.493458
v -0.361459 4.348078 -3.619350
v -0.365060 4.304582 -3.949205
v -0.551577 4.217953 -4.021493
v -0.738093 4.294287 -3.939551
v -0.815351 4.481265 -3.744249
v -0.738093 4.661374 -3.542505
v -0.551577 4.737709 -3.460563
v -0.365060 4.661748 -3.542856
v -0.287803 4.490608 -3.753010
v -0.330235 4.446686 -4.176848
v -0.551577 4.334450 -4.264216
v -0.772918 4.436480 -4.167277
v -0.864601 4.679980 -3.930598
v -0.772918 4.893564 -3.665864
v -0.551577 4.989214 -3.562942
v -0.330235 4.894465 -3.666709
v -0.238553 4.692634 -3.942464
v -0.346971 4.619281 -4.289408
v -0.550031 4.535488 -4.381242
v -0.753092 4.615355 -4.285483
v -0.837202 4.819877 -4.065918
v -0.753092 5.030351 -3.852252
v -0.550031 5.114510 -3.760915
v -0.346971 5.029963 -3.851575
v -0.262860 4.824074 -4.069858
v -0.402615 4.826234 -4.326175
v -0.539098 4.821243 -4.413038
v -0.675582 4.904237 -4.395551
v -0.732115 5.016459 -4.280765
v -0.675582 5.123916 -4.166971
v -0.539098 5.167876 -4.118959
v -0.402615 5.125131 -4.165657
v -0.346081 4.969327 -4.237265
v -0.465234 4.960213 -4.332769
v -0.539098 4.974324 -4.390178
v -0.612963 5.020189 -4.387085
v -0.643558 5.066710 -4.324251
v -0.612963 5.122490 -4.272356
v -0.539098 5.148371 -4.253396
v -0.465234 5.123360 -4.272397
v -0.434638 5.038088 -4.297949
v -0.551577 4.253965 -3.531094
v -0.539098 5.098874 -4.353416
v -1.250605 4.142711 -3.134411
v -1.298804 4.107815 -3.087547
v -1.319306 4.093084 -3.016131
v -1.300065 4.107100 -2.961996
v -1.252290 4.141579 -2.956851
v -1.204040 4.176410 -3.003713
v -1.183576 4.191190 -3.075130
v -1.202880 4.177252 -3.129269
v -1.296996 4.184525 -3.219790
v -1.388685 4.115732 -3.136530
v -1.422749 4.091314 -3.001177
v -1.378086 4.124120 -2.892959
v -1.280755 4.194799 -2.875265
v -1.187771 4.261949 -2.958459
v -1.153602 4.286233 -3.093808
v -1.198928 4.254269 -3.202059
v -1.388456 4.267168 -3.302504
v -1.517808 4.163052 -3.191859
v -1.559372 4.133327 -2.999013
v -1.484740 4.190249 -2.836727
v -1.333364 4.295059 -2.799851
v -1.198514 4.392193 -2.910218
v -1.157148 4.422171 -3.103074
v -1.240241 4.375991 -3.265788
v -1.501652 4.386504 -3.361281
v -1.656054 4.257778 -3.232663
v -1.705555 4.229037 -3.001178
v -1.614196 4.308283 -2.802075
v -1.420137 4.429594 -2.751207
v -1.256874 4.547070 -2.879376
v -1.211263 4.580749 -3.111058
v -1.324883 4.529765 -3.311289
v -1.573705 4.492075 -3.338445
v -1.722011 4.386244 -3.219192
v -1.763534 4.351274 -3.008162
v -1.678330 4.412972 -2.829297
v -1.516932 4.535954 -2.787418
v -1.368908 4.642051 -2.906724
v -1.324482 4.673763 -3.117427
v -1.408955 4.611137 -3.296255
v -1.621008 4.595007 -3.254446
v -1.735017 4.555981 -3.169195
v -1.789625 4.554639 -3.033617
v -1.751024 4.585633 -2.928639
v -1.659515 4.652489 -2.916977
v -1.567639 4.718216 -3.003934
v -1.529673 4.745852 -3.138194
v -1.543677 4.685027 -3.241341
v -1.654409 4.650572 -3.173594
v -1.722036 4.640223 -3.126398
v -1.755219 4.640786 -3.054595
v -1.733918 4.649405 -3.000955
v -1.689911 4.685378 -2.997941
v -1.644189 4.722963 -3.046487
v -1.620070 4.736115 -3.117825
v -1.620130 4.701103 -3.170149
v -1.238559 4.125783 -3.044978
v -1.701132 4.706627 -3.086453
v 0.211083 5.078977 -1.262026
v 0.082812 5.084724 -1.334218
v -0.047653 5.083595 -1.271205
v -0.101427 5.082074 -1.123806
v -0.048210 5.083078 -0.974378
v 0.082666 5.084538 -0.906124
v 0.213607 5.079720 -0.974692
v 0.265189 5.076549 -1.124329
v 0.257117 5.114051 -1.313314
v 0.082830 5.134895 -1.424217
v -0.095628 5.136228 -1.331380
v -0.166080 5.135877 -1.124133
v -0.098425 5.134315 -0.904697
v 0.082574 5.140161 -0.796011
v 0.263512 5.114960 -0.906778
v 0.327721 5.104285 -1.124919
v 0.286595 5.199178 -1.341625
v 0.082762 5.256856 -1.482609
v -0.125646 5.255466 -1.359957
v -0.201353 5.257163 -1.125260
v -0.131553 5.259754 -0.866202
v 0.082531 5.275159 -0.732772
v 0.296166 5.215837 -0.870351
v 0.362129 5.180160 -1.126119
v 0.262353 5.328396 -1.295785
v 0.084934 5.340614 -1.401955
v -0.095476 5.361442 -1.306525
v -0.165667 5.364955 -1.128475
v -0.100498 5.353790 -0.932532
v 0.084471 5.320110 -0.817011
v 0.269114 5.301350 -0.936273
v 0.332524 5.316870 -1.129387
v 0.209269 5.401683 -1.223895
v 0.094858 5.440040 -1.261572
v -0.019554 5.459885 -1.224527
v -0.066945 5.452441 -1.141296
v -0.019554 5.459659 -1.063186
v 0.094858 5.462323 -1.027829
v 0.209269 5.446334 -1.062839
v 0.256660 5.419857 -1.141297
v 0.157296 5.441580 -1.184664
v 0.094858 5.478195 -1.206920
v 0.032451 5.490985 -1.185330
v 0.006825 5.484779 -1.141138
v 0.032515 5.488670 -1.099060
v 0.094858 5.491786 -1.080247
v 0.157209 5.484837 -1.098665
v 0.182906 5.456721 -1.140645
v 0.094858 5.504075 -1.140538
v 0.082258 5.060741 -1.121347
v 0.767045 -0.420710 -2.275099
v 0.433021 -0.420710 -2.609123
v -0.023264 -0.420710 -2.731385
v -0.479550 -0.420710 -2.609123
v -0.813574 -0.420710 -2.275099
v -0.935835 -0.420710 -1.818814
v -0.813574 -0.420710 -1.362528
v -0.479550 -0.420710 -1.028505
v -0.023264 -0.420710 -0.906242
v 0.433021 -0.420710 -1.028505
v 0.767045 -0.420710 -1.362528
v 0.889306 -0.420710 -1.818814
v 0.298161 2.511428 -2.018004
v 0.104937 2.511428 -2.211228
v -0.159010 2.511428 -2.281951
v -0.422957 2.511428 -2.211228
v -0.616181 2.511428 -2.018004
v -0.686905 2.511428 -1.754057
v -0.616181 2.511428 -1.490108
v -0.422957 2.511428 -1.296885
v -0.159010 2.511428 -1.226161
v 0.104937 2.511428 -1.296885
v 0.298161 2.511428 -1.490108
v 0.368886 2.511428 -1.754057
v 0.740957 1.317955 -2.712309
v 0.859183 1.317955 -2.271086
v 0.740957 1.317955 -1.829863
v 0.417959 1.317955 -1.506865
v -0.023264 1.317955 -1.388639
v -0.464488 1.317955 -1.506865
v -0.787486 1.317955 -1.829863
v -0.905712 1.317955 -2.271086
v -0.787486 1.317955 -2.712309
v -0.464488 1.317955 -3.035307
v -0.023264 1.317955 -3.153533
v 0.417959 1.317955 -3.035307
v 0.048399 4.091213 -2.394158
v -0.067550 4.091213 -2.510107
v -0.225938 4.091213 -2.552547
v -0.384327 4.091213 -2.510107
v -0.500276 4.091213 -2.394158
v -0.542716 4.091213 -2.235770
v -0.500276 4.091213 -2.077380
v -0.384327 4.091213 -1.961431
v -0.225938 4.091213 -1.918991
v -0.067550 4.091213 -1.961431
v 0.048399 4.091213 -2.077380
v 0.090840 4.091213 -2.235770
v 0.214216 5.871679 -1.756836
v 0.155879 5.871679 -1.815173
v 0.076190 5.871679 -1.836526
v -0.003499 5.871679 -1.815173
v -0.061836 5.871679 -1.756836
v -0.083189 5.871679 -1.677147
v -0.061836 5.871679 -1.597458
v -0.003499 5.871679 -1.539121
v 0.076190 5.871679 -1.517768
v 0.155879 5.871679 -1.539121
v 0.214216 5.871679 -1.597458
v 0.235569 5.871679 -1.677147
v -0.752786 -0.405078 -2.003164
v -1.280131 -0.279356 -1.905059
v -0.670283 -0.074309 -2.083966
v -0.806834 0.033995 -1.780044
v -0.889337 -0.296775 -1.699242
v -0.729424 0.032733 -1.943562
v -1.192075 -0.311460 -1.796811
v -0.875459 -0.115577 -1.687080
v -0.839427 -0.408293 -1.835825
v -1.116214 -0.371629 -1.965657
v -1.070379 -0.187868 -2.010547
v -0.693391 -0.259982 -2.092309
v -1.146240 -0.127699 -1.841702
v -1.001592 -0.285623 -2.035787
v -1.025613 -0.090479 -1.936623
v -1.122970 -0.189353 -1.765635
v -1.098949 -0.384496 -1.864799
v 0.293930 6.299733 -1.068146
v 0.301220 6.320799 -1.264715
v 0.224702 6.352434 -1.381260
v 0.109145 6.376042 -1.349594
v 0.022159 6.377692 -1.188400
v 0.014795 6.356539 -0.991947
v 0.091369 6.324971 -0.875313
v 0.207014 6.301470 -0.906840
v 0.490948 6.328378 -0.958353
v 0.514299 6.363772 -1.335346
v 0.361337 6.423703 -1.539605
v 0.120035 6.471089 -1.454067
v -0.068404 6.477994 -1.129077
v -0.093597 6.440366 -0.755010
v 0.059216 6.380257 -0.550988
v 0.301462 6.334013 -0.635027
v 0.921623 6.529566 -0.648296
v 0.980870 6.572882 -1.312333
v 0.703744 6.681094 -1.612427
v 0.242679 6.778823 -1.388515
v -0.154078 6.782366 -0.806458
v -0.225928 6.723787 -0.162441
v 0.056730 6.622273 0.146442
v 0.549454 6.562894 -0.027178
v 1.053074 6.721088 -0.390200
v 1.113834 6.776308 -0.974528
v 0.857006 6.865022 -1.268072
v 0.439459 6.942555 -1.089596
v 0.106693 6.964526 -0.542333
v 0.046409 6.909697 0.042395
v 0.298763 6.816432 0.330484
v 0.715271 6.737642 0.150359
v 0.980070 6.877752 -0.217042
v 1.030111 6.954207 -0.541549
v 0.904879 7.047468 -0.708770
v 0.678215 7.095739 -0.634717
v 0.508675 7.100402 -0.324805
v 0.491232 7.060599 0.046104
v 0.635985 7.001448 0.264239
v 0.826546 6.912278 0.138215
v 0.897888 6.982934 -0.157424
v 0.930789 7.037941 -0.311284
v 0.870839 7.091167 -0.402137
v 0.753715 7.108544 -0.382662
v 0.675598 7.112973 -0.221066
v 0.674308 7.095094 -0.019193
v 0.745376 7.059806 0.097827
v 0.831833 7.006444 0.031840
v 0.139716 6.316512 -1.157389
v 0.826444 7.099828 -0.118971
v -0.384592 0.545321 -2.765776
v -0.473474 0.476940 -2.782033
v -0.573990 0.502906 -2.736616
v -0.585623 0.597252 -2.674942
v -0.496741 0.665633 -2.658685
v -0.396226 0.639668 -2.704102
v -0.516790 0.696652 -3.094959
v -0.570126 0.655618 -3.104714
v -0.630443 0.671200 -3.077461
v -0.637424 0.727814 -3.040452
v -0.584088 0.768848 -3.030696
v -0.523771 0.753267 -3.057950
v -0.590610 0.958215 -3.324139
v -0.609655 0.943562 -3.327622
v -0.631192 0.949126 -3.317891
v -0.633685 0.969342 -3.304676
v -0.614640 0.983994 -3.301192
v -0.593103 0.978430 -3.310924
v -0.109052 5.657825 -2.738707
v -0.179514 5.603860 -2.703429
v -0.210420 5.618045 -2.614182
v -0.170864 5.686192 -2.560212
v -0.100403 5.740156 -2.595491
v -0.069497 5.725973 -2.684737
v -0.362658 5.835938 -2.836792
v -0.404941 5.803555 -2.815624
v -0.423487 5.812067 -2.762068
v -0.399750 5.852961 -2.729682
v -0.357468 5.885343 -2.750852
v -0.338922 5.876832 -2.804407
v -0.510653 6.089182 -2.898019
v -0.525751 6.077620 -2.890460
v -0.532374 6.080658 -2.871336
v -0.523898 6.095260 -2.859772
v -0.508799 6.106824 -2.867331
v -0.502177 6.103784 -2.886455
v 0.134519 5.083943 -2.144652
v -0.031413 4.960039 -2.216776
v -0.234122 4.992606 -2.139730
v -0.270900 5.149077 -1.990559
v -0.104967 5.272982 -1.918435
v 0.097742 5.240416 -1.995482
v -0.176534 6.074369 -3.086629
v -0.212088 6.047820 -3.102084
v -0.255523 6.054798 -3.085575
v -0.263404 6.088326 -3.053611
v -0.227849 6.114876 -3.038157
v -0.184414 6.107897 -3.054666
v -0.480430 3.365880 -2.987011
v -0.592841 3.265226 -2.892320
v -0.609991 3.291681 -2.716991
v -0.514730 3.418791 -2.636355
v -0.402318 3.519446 -2.731046
v -0.385169 3.492990 -2.906374
v -1.278203 4.170456 -3.100888
v -1.302290 4.148889 -3.080598
v -1.305964 4.154557 -3.043030
v -1.285553 4.181794 -3.025752
v -1.261466 4.203361 -3.046041
v -1.257791 4.197693 -3.083610
v 0.729922 -0.295810 -1.496577
v 1.265126 -0.259930 -1.622246
v 0.661308 0.025304 -1.618735
v 0.810942 -0.058900 -1.924125
v 0.879555 -0.380013 -1.801968
v 0.729241 0.033682 -1.791893
v 1.178536 -0.345004 -1.698184
v 0.874739 -0.236529 -1.914048
v 0.820726 -0.394469 -1.629016
v 1.095407 -0.298225 -1.528522
v 1.057288 -0.119828 -1.596388
v 0.675227 -0.124258 -1.506860
v 1.140418 -0.166608 -1.766049
v 0.983231 -0.184860 -1.524199
v 1.019240 -0.079567 -1.714221
v 1.116238 -0.259708 -1.795658
v 1.080230 -0.365001 -1.605637
v 0.303329 -0.336725 -0.998342
v 0.772560 -0.269117 -0.717673
v 0.297234 -0.002654 -1.103716
v 0.622824 -0.036128 -1.228675
v 0.628919 -0.370199 -1.123301
v 0.462755 0.033412 -1.180985
v 0.771442 -0.343877 -0.839787
v 0.683879 -0.211618 -1.194042
v 0.470883 -0.412015 -1.040487
v 0.590559 -0.325280 -0.770365
v 0.587173 -0.139686 -0.828906
v 0.249759 -0.166985 -1.027430
v 0.768056 -0.158282 -0.898327
v 0.492439 -0.216666 -0.833838
v 0.634436 -0.083067 -0.936208
v 0.781852 -0.246420 -0.944913
v 0.639855 -0.380019 -0.842543
v -0.473336 -0.375982 -2.534578
v -0.940957 -0.218389 -2.779565
v -0.344327 -0.050269 -2.531100
v -0.635639 0.063428 -2.373132
v -0.764649 -0.262284 -2.376609
v -0.473372 0.058902 -2.453014
v -0.940983 -0.257003 -2.641684
v -0.753587 -0.082442 -2.350019
v -0.645385 -0.375381 -2.457650
v -0.779142 -0.320168 -2.729445
v -0.707470 -0.139217 -2.727513
v -0.365171 -0.234038 -2.560644
v -0.869311 -0.076051 -2.639752
v -0.642223 -0.240844 -2.709086
v -0.714358 -0.045551 -2.637332
v -0.901167 -0.139780 -2.568669
v -0.829033 -0.335073 -2.640423
v 0.714578 -0.322960 -2.132753
v 1.021877 -0.255353 -2.584992
v 0.609029 0.011111 -2.132753
v 0.503081 -0.022364 -2.465016
v 0.608630 -0.356435 -2.465016
v 0.541447 0.047177 -2.302461
v 0.899903 -0.330113 -2.590928
v 0.541181 -0.197853 -2.523969
v 0.682180 -0.398251 -2.302461
v 0.958763 -0.311516 -2.406338
v 0.900124 -0.125921 -2.406338
v 0.682445 -0.153221 -2.080952
v 0.841264 -0.144518 -2.590928
v 0.889729 -0.202901 -2.312047
v 0.795730 -0.069303 -2.459719
v 0.795553 -0.232656 -2.607392
v 0.889552 -0.366254 -2.459719
v -0.322544 -0.344480 -1.075643
v -0.097164 -0.276872 -0.577490
v -0.267457 -0.010409 -1.165678
v 0.071259 -0.043884 -1.082642
v 0.016172 -0.377954 -0.992608
v -0.087425 0.025657 -1.134754
v -0.028441 -0.351633 -0.678437
v 0.101661 -0.219373 -1.019374
v -0.160874 -0.419771 -1.014708
v -0.216617 -0.333036 -0.724568
v -0.186013 -0.147441 -0.774587
v -0.349960 -0.174741 -1.130088
v 0.002163 -0.166038 -0.728456
v -0.261018 -0.224421 -0.832665
v -0.085994 -0.090822 -0.835776
v 0.040063 -0.254176 -0.758856
v -0.134961 -0.387774 -0.755745
v 0.166632 -0.354506 -2.604998
v -0.064292 -0.264367 -3.097007
v 0.215035 -0.012730 -2.545082
v -0.124160 0.046626 -2.609639
v -0.172564 -0.295151 -2.669555
v 0.050955 0.071250 -2.571420
v -0.144231 -0.307832 -2.986451
v -0.207445 -0.117031 -2.654403
v -0.013584 -0.384452 -2.651309
v 0.044210 -0.340808 -2.950586
v 0.071101 -0.150932 -2.917299
v 0.244816 -0.196172 -2.568326
v -0.117340 -0.117957 -2.953164
v 0.125010 -0.241445 -2.855443
v -0.004231 -0.063164 -2.857507
v -0.176497 -0.188684 -2.912828
v -0.047256 -0.366966 -2.910765
v -0.741207 -0.342745 -1.394392
v -0.920164 -0.275138 -0.877742
v -0.639297 -0.008675 -1.421873
v -0.450496 -0.042149 -1.128654
v -0.552405 -0.376220 -1.101173
v -0.529862 0.027392 -1.275614
v -0.800850 -0.349898 -0.903768
v -0.471934 -0.217638 -1.061814
v -0.665741 -0.418036 -1.238973
v -0.905740 -0.331301 -1.066668
v -0.849123 -0.145706 -1.081935
v -0.723669 -0.173006 -1.452773
v -0.744233 -0.164303 -0.919035
v -0.863636 -0.222686 -1.175680
v -0.734432 -0.089088 -1.057574
v -0.695812 -0.252441 -0.915040
v -0.825017 -0.386040 -1.033147
v 0.114658 6.395308 -2.234605
v 0.041904 6.372405 -2.258836
v -0.030851 6.395098 -2.234409
v -0.060987 6.450020 -2.175566
v -0.030851 6.504892 -2.116675
v 0.041904 6.527699 -2.092355
v 0.114658 6.505081 -2.116852
v 0.144794 6.450273 -2.175802
v 0.228420 6.476593 -2.571130
v 0.041904 6.389965 -2.643418
v -0.144613 6.466299 -2.561476
v -0.221870 6.653277 -2.366173
v -0.144613 6.833385 -2.164430
v 0.041904 6.909720 -2.082488
v 0.228420 6.833760 -2.164780
v 0.305678 6.662620 -2.374934
v 0.263245 6.618699 -2.798773
v 0.041904 6.506461 -2.886141
v -0.179438 6.608492 -2.789202
v -0.271120 6.851992 -2.552522
v -0.179438 7.065576 -2.287789
v 0.041904 7.161225 -2.184867
v 0.263245 7.066477 -2.288634
v 0.354928 6.864645 -2.564388
v 0.220748 6.782784 -2.849416
v 0.032514 6.775900 -2.969215
v -0.155720 6.890363 -2.945096
v -0.233689 7.045136 -2.786788
v -0.155720 7.193337 -2.629847
v 0.032514 7.253965 -2.563631
v 0.220748 7.195014 -2.628034
v 0.298717 6.980134 -2.726794
v 0.128246 7.132224 -2.954694
v 0.054382 7.146336 -3.012103
v -0.019482 7.192200 -3.009011
v -0.050078 7.238722 -2.946175
v -0.019482 7.294501 -2.894281
v 0.054382 7.320383 -2.875322
v 0.128246 7.295371 -2.894321
v 0.158842 7.210099 -2.919873
v 0.041904 6.425977 -2.153018
v 0.054382 7.270885 -2.975341
v -0.469606 6.024674 -2.865273
v -0.498873 6.017937 -2.876166
v -0.527244 6.023683 -2.865264
v -0.538641 6.039571 -2.839550
v -0.527176 6.056975 -2.814766
v -0.499170 6.065681 -2.804422
v -0.469674 6.058056 -2.815291
v -0.457449 6.040954 -2.840645
v -0.467412 6.040281 -2.895507
v -0.525714 6.033842 -2.922559
v -0.573938 6.041793 -2.899678
v -0.591844 6.069339 -2.848739
v -0.574899 6.108455 -2.800106
v -0.528338 6.131996 -2.779489
v -0.469533 6.108082 -2.799998
v -0.443906 6.067989 -2.848285
v -0.472625 6.073613 -2.930102
v -0.558870 6.075532 -2.976490
v -0.621708 6.086867 -2.944065
v -0.641736 6.123727 -2.872934
v -0.625641 6.183414 -2.800431
v -0.568280 6.227952 -2.769168
v -0.478412 6.173339 -2.795345
v -0.439323 6.105452 -2.862720
v -0.488821 6.145564 -2.977814
v -0.597458 6.167014 -3.046470
v -0.672407 6.188684 -3.006574
v -0.697115 6.238623 -2.929592
v -0.676487 6.297364 -2.839151
v -0.604410 6.344473 -2.798382
v -0.494698 6.265402 -2.824530
v -0.448226 6.172537 -2.896824
v -0.541133 6.295204 -3.034791
v -0.615236 6.272423 -3.069445
v -0.692269 6.313093 -3.048396
v -0.719518 6.352167 -2.988866
v -0.688190 6.378229 -2.913907
v -0.604297 6.365530 -2.853915
v -0.524465 6.334770 -2.894158
v -0.507477 6.317665 -2.971980
v -0.582437 6.395268 -3.057595
v -0.629681 6.409044 -3.084961
v -0.675725 6.421777 -3.075676
v -0.694797 6.433857 -3.043278
v -0.675725 6.459583 -3.022879
v -0.629681 6.473284 -3.015070
v -0.583637 6.454280 -3.019012
v -0.564194 6.419618 -3.033575
v -0.604553 6.433738 -3.064426
v -0.629681 6.444165 -3.082609
v -0.654796 6.452614 -3.077910
v -0.665109 6.459219 -3.060838
v -0.654770 6.471884 -3.049021
v -0.629681 6.478786 -3.044600
v -0.604588 6.470540 -3.047889
v -0.594247 6.448692 -3.053260
v -0.488765 6.027627 -2.836741
v -0.629681 6.471833 -3.069324
v -0.035965 6.037503 -3.137075
v -0.157519 6.012172 -3.211589
v -0.281982 6.044785 -3.155648
v -0.331118 6.115574 -3.029625
v -0.283933 6.189801 -2.895784
v -0.157698 6.230585 -2.831760
v -0.031505 6.177329 -2.890417
v 0.013277 6.096111 -3.019281
v -0.015405 6.079519 -3.183438
v -0.157566 6.066258 -3.288845
v -0.302918 6.107433 -3.213858
v -0.355719 6.188868 -3.071862
v -0.307038 6.279192 -2.915372
v -0.157727 6.334261 -2.839591
v -0.008730 6.251091 -2.902847
v 0.037275 6.141794 -3.046003
v -0.032313 6.173721 -3.199859
v -0.156052 6.144773 -3.268542
v -0.281876 6.190117 -3.217704
v -0.330830 6.253250 -3.110743
v -0.285379 6.313595 -2.987883
v -0.156375 6.332711 -2.906166
v -0.027598 6.280456 -2.972190
v 0.016627 6.223726 -3.094823
v -0.069336 6.242873 -3.181293
v -0.149131 6.253267 -3.217322
v -0.228926 6.278014 -3.201616
v -0.261978 6.302004 -3.148503
v -0.228926 6.333150 -3.103524
v -0.149131 6.346880 -3.082958
v -0.069336 6.325173 -3.098748
v -0.036283 6.282210 -3.137341
v -0.105583 6.280550 -3.171128
v -0.149131 6.295168 -3.197193
v -0.192655 6.310335 -3.188458
v -0.210528 6.321704 -3.159486
v -0.192611 6.338484 -3.135257
v -0.149131 6.346821 -3.124895
v -0.105645 6.336290 -3.133702
v -0.087722 6.304828 -3.149574
v -0.149131 6.333632 -3.165733
v -0.119757 6.068411 -2.942592
v -0.049513 4.829092 -1.066067
v -0.146643 4.829092 -1.110667
v -0.243980 4.829092 -1.067476
v -0.284170 4.829092 -0.957445
v -0.243890 4.829092 -0.847902
v -0.146650 4.829092 -0.803559
v -0.049373 4.829092 -0.847498
v -0.009279 4.829092 -0.957930
v 0.031535 4.876132 -1.180706
v -0.146546 4.874704 -1.278344
v -0.325517 4.874574 -1.189777
v -0.399610 4.874574 -0.959015
v -0.325609 4.874574 -0.726972
v -0.146590 4.874574 -0.631916
v 0.032440 4.874574 -0.726972
v 0.105754 4.875103 -0.960104
v 0.098790 4.968608 -1.292763
v -0.146499 4.962002 -1.463429
v -0.393453 4.961823 -1.314420
v -0.494850 4.962997 -0.961763
v -0.394467 4.959982 -0.592949
v -0.146609 4.959804 -0.423273
v 0.101202 4.960228 -0.595554
v 0.200127 4.968382 -0.963696
v 0.143632 5.093293 -1.357882
v -0.146516 5.082666 -1.585623
v -0.438268 5.086567 -1.381886
v -0.555313 5.093278 -0.965480
v -0.440364 5.081964 -0.512280
v -0.146638 5.081660 -0.288417
v 0.146944 5.082558 -0.518133
v 0.260218 5.099953 -0.967652
v 0.118495 5.189105 -1.272301
v -0.144244 5.191642 -1.438833
v -0.408058 5.187218 -1.286476
v -0.515088 5.182190 -0.972229
v -0.409987 5.191219 -0.629630
v -0.144392 5.190695 -0.445846
v 0.121067 5.190645 -0.634922
v 0.225326 5.182194 -0.973504
v 0.044236 5.253907 -1.132409
v -0.129967 5.283329 -1.186240
v -0.304169 5.302418 -1.128019
v -0.376327 5.300038 -0.994159
v -0.304169 5.302662 -0.864185
v -0.129967 5.304862 -0.810997
v 0.044236 5.302920 -0.862556
v 0.116393 5.269954 -0.994797
v -0.034898 5.282697 -1.063098
v -0.129967 5.306403 -1.093790
v -0.224986 5.320655 -1.060759
v -0.264004 5.315867 -0.991253
v -0.224890 5.318485 -0.923416
v -0.129967 5.321505 -0.893853
v -0.035031 5.318860 -0.922634
v 0.004095 5.297483 -0.991728
v -0.146680 4.813121 -0.956681
v -0.129967 5.328631 -0.988848
v -0.591212 0.933928 -3.358863
v -0.665598 0.928963 -3.342470
v -0.712745 0.930810 -3.302168
v -0.705249 0.938339 -3.261571
v -0.647696 0.947116 -3.244474
v -0.573359 0.952042 -3.260876
v -0.526133 0.950234 -3.301174
v -0.533565 0.942752 -3.341760
v -0.592985 0.956750 -3.407613
v -0.731786 0.945634 -3.380861
v -0.812597 0.949905 -3.303106
v -0.789712 0.966036 -3.220185
v -0.677414 0.984660 -3.180579
v -0.538915 0.994807 -3.207544
v -0.456580 0.990503 -3.285338
v -0.478890 0.974830 -3.368188
v -0.621669 1.008608 -3.448297
v -0.811620 0.988930 -3.416740
v -0.910941 0.995819 -3.304332
v -0.867237 1.021788 -3.178218
v -0.705750 1.048712 -3.112240
v -0.516907 1.064392 -3.144364
v -0.410855 1.057834 -3.256460
v -0.454593 1.038240 -3.381535
v -0.661154 1.084536 -3.465778
v -0.875533 1.058182 -3.431180
v -0.977429 1.068018 -3.296197
v -0.920231 1.102189 -3.143441
v -0.736633 1.130187 -3.061363
v -0.526926 1.150446 -3.095004
v -0.408955 1.144294 -3.227350
v -0.466093 1.126533 -3.379205
v -0.690562 1.151109 -3.430565
v -0.880544 1.133222 -3.395707
v -0.966333 1.135047 -3.276445
v -0.915561 1.158659 -3.144241
v -0.762073 1.191730 -3.072635
v -0.581662 1.211511 -3.103023
v -0.476083 1.208146 -3.220204
v -0.517175 1.182428 -3.356986
v -0.714286 1.214530 -3.355404
v -0.836552 1.218646 -3.323014
v -0.897623 1.229697 -3.246826
v -0.876724 1.240088 -3.174373
v -0.794259 1.257871 -3.141862
v -0.687484 1.272238 -3.167089
v -0.616377 1.273865 -3.237464
v -0.621610 1.244182 -3.317084
v -0.739745 1.249930 -3.294440
v -0.803376 1.256431 -3.275165
v -0.838536 1.262251 -3.235861
v -0.830471 1.264320 -3.200078
v -0.788033 1.274198 -3.185304
v -0.732665 1.283365 -3.200166
v -0.694557 1.283830 -3.237016
v -0.695142 1.267176 -3.276782
v -0.613865 0.930140 -3.304310
v -0.770749 1.282717 -3.233932
v -0.659808 1.113090 -3.566915
v -0.734194 1.108125 -3.550522
v -0.781342 1.109972 -3.510220
v -0.773845 1.117500 -3.469624
v -0.716293 1.126277 -3.452526
v -0.641956 1.131204 -3.468928
v -0.594729 1.129395 -3.509226
v -0.602162 1.121913 -3.549811
v -0.661581 1.135911 -3.615665
v -0.800382 1.124795 -3.588913
v -0.881194 1.129066 -3.511158
v -0.858308 1.145197 -3.428237
v -0.746010 1.163822 -3.388631
v -0.607512 1.173969 -3.415596
v -0.525176 1.169664 -3.493391
v -0.547486 1.153992 -3.576240
v -0.690265 1.187769 -3.656349
v -0.880216 1.168091 -3.624792
v -0.979537 1.174981 -3.512384
v -0.935833 1.200949 -3.386270
v -0.774346 1.227874 -3.320292
v -0.585504 1.243554 -3.352416
v -0.479452 1.236995 -3.464512
v -0.523190 1.217402 -3.589586
v -0.729750 1.263698 -3.673830
v -0.944129 1.237344 -3.639232
v -1.046025 1.247179 -3.504249
v -0.988827 1.281350 -3.351493
v -0.805229 1.309348 -3.269414
v -0.595522 1.329608 -3.303056
v -0.477551 1.323455 -3.435402
v -0.534689 1.305694 -3.587257
v -0.759158 1.330270 -3.638617
v -0.949140 1.312384 -3.603759
v -1.034929 1.314208 -3.484497
v -0.984157 1.337821 -3.352293
v -0.830669 1.370891 -3.280687
v -0.650258 1.390672 -3.311075
v -0.544679 1.387307 -3.428256
v -0.585771 1.361589 -3.565038
v -0.782882 1.393691 -3.563456
v -0.905148 1.397807 -3.531066
v -0.966219 1.408858 -3.454878
v -0.945321 1.419250 -3.382425
v -0.862855 1.437033 -3.349914
v -0.756080 1.451400 -3.375141
v -0.684973 1.453026 -3.445516
v -0.690206 1.423343 -3.525135
v -0.808341 1.429092 -3.502492
v -0.871973 1.435592 -3.483217
v -0.907132 1.441413 -3.443913
v -0.899067 1.443481 -3.408129
v -0.856630 1.453359 -3.393356
v -0.801261 1.462527 -3.408217
v -0.763153 1.462991 -3.445068
v -0.763738 1.446337 -3.484834
v -0.682461 1.109302 -3.512362
v -0.839345 1.461878 -3.441984
vn -0.3622 -0.3732 0.8541
vn -0.4379 -0.2963 0.8488
vn 0.3032 -0.8676 0.3942
vn 0.3958 -0.8038 0.4441
vn 0.7993 -0.4349 -0.4148
vn 0.8479 -0.4387 -0.2977
vn 0.5230 0.4963 -0.6929
vn 0.5845 0.4097 -0.7004
vn 0.2047 0.8022 -0.5609
vn 0.1606 0.7738 -0.6127
vn -0.5571 0.8278 0.0669
vn -0.4715 0.8717 0.1332
vn -0.6239 0.6127 0.4852
vn -0.7121 0.5065 0.4861
vn 0.4917 -0.6178 0.6136
vn -0.4509 -0.2596 0.8540
vn 0.9535 -0.2360 -0.1875
vn 0.4697 0.4945 -0.7313
vn 0.0605 0.6965 -0.7150
vn -0.8547 0.4292 0.2919
vn -0.7407 0.6632 -0.1068
vn 0.2265 -0.9587 -0.1722
vn 0.0035 -0.9709 -0.2394
vn 0.0096 -0.9169 -0.3989
vn 0.4298 -0.8572 -0.2837
vn -0.2203 -0.9607 -0.1691
vn -0.4109 -0.8683 -0.2778
vn -0.3109 -0.9504 -0.0005
vn -0.5698 -0.8218 -0.0015
vn -0.2212 -0.9605 0.1690
vn -0.4088 -0.8706 0.2737
vn 0.0003 -0.9711 0.2385
vn 0.0003 -0.9210 0.3896
vn 0.2229 -0.9602 0.1683
vn 0.4184 -0.8666 0.2720
vn 0.3151 -0.9491 -0.0023
vn 0.5858 -0.8104 -0.0072
vn 0.0083 -0.7866 -0.6173
vn 0.6220 -0.6739 -0.3987
vn -0.6122 -0.6824 -0.3995
vn -0.8096 -0.5870 -0.0025
vn -0.6099 -0.6866 0.3958
vn 0.0006 -0.7891 0.6142
vn 0.6155 -0.6835 0.3924
vn 0.8159 -0.5782 -0.0063
vn -0.0029 -0.2126 -0.9771
vn 0.7784 -0.1764 -0.6025
vn -0.7816 -0.1638 -0.6019
vn -0.9937 -0.1118 0.0041
vn -0.7805 -0.1428 0.6087
vn -0.0037 -0.1703 0.9854
vn 0.7771 -0.1588 0.6090
vn 0.9916 -0.1291 0.0041
vn -0.0049 0.7335 -0.6796
vn 0.6136 0.6547 -0.4414
vn -0.6135 0.6521 -0.4454
vn -0.8149 0.5795 0.0100
vn -0.5699 0.7030 0.4255
vn -0.0044 0.7689 0.6394
vn 0.5770 0.6860 0.4433
vn 0.8327 0.5535 0.0152
vn 0.0339 0.9075 -0.4186
vn 0.4384 0.8509 -0.2896
vn -0.4384 0.8412 -0.3164
vn -0.6145 0.7888 -0.0165
vn -0.4277 0.8592 0.2808
vn 0.0032 0.9148 0.4039
vn 0.4542 0.8480 0.2732
vn 0.6052 0.7952 -0.0369
vn 0.1426 0.9566 -0.2542
vn 0.2890 0.9309 -0.2233
vn -0.1297 0.9756 -0.1772
vn -0.2501 0.9682 0.0005
vn -0.1791 0.9728 0.1470
vn -0.0017 0.9767 0.2146
vn 0.2350 0.9679 0.0892
vn 0.3245 0.9375 -0.1257
vn 0.0006 -1.0000 -0.0010
vn 0.0801 0.9945 -0.0682
vn -0.2213 -0.7854 0.5780
vn -0.2638 -0.7757 0.5733
vn -0.9593 -0.1522 0.2379
vn -0.9500 -0.1815 0.2541
vn 0.7105 -0.5529 0.4352
vn 0.7039 -0.5588 0.4386
vn 0.9659 0.2583 -0.0178
vn 0.9572 0.2873 -0.0337
vn 0.7080 0.6588 -0.2542
vn -0.6980 0.6792 -0.2267
vn -0.7048 0.6733 -0.2233
vn -0.2551 0.8932 -0.3703
vn 0.8475 -0.1465 -0.5102
vn 0.8927 -0.0733 -0.4446
vn 0.1240 -0.7407 -0.6603
vn 0.0705 -0.6663 -0.7423
vn -0.8120 -0.5252 -0.2545
vn -0.7811 -0.4994 -0.3748
vn -0.8990 0.3062 0.3130
vn -0.9390 0.2205 0.2640
vn -0.6155 0.6354 0.4663
vn -0.6067 0.5950 0.5272
vn 0.3548 0.8180 0.4527
vn 0.3193 0.8772 0.3586
vn 0.6871 0.7150 0.1292
vn 0.7739 0.6125 0.1610
vn 0.0657 -0.4437 -0.8938
vn 0.9005 -0.0366 -0.4333
vn -0.8310 -0.2755 -0.4833
vn -0.8791 0.2948 0.3746
vn -0.5756 0.4943 0.6514
vn 0.7845 0.4888 0.3815
vn 0.4234 0.6151 0.6651
vn -0.9878 -0.1465 -0.0533
vn -0.9884 -0.0733 -0.1329
vn -0.4734 -0.7406 0.4768
vn -0.4748 -0.6663 0.5749
vn 0.5293 -0.5252 0.6663
vn 0.4363 -0.4994 0.7485
vn 0.9198 0.3062 0.2454
vn 0.9254 0.2205 0.3083
vn 0.7711 0.6354 -0.0406
vn 0.7980 0.5950 -0.0960
vn -0.0397 0.8180 -0.5739
vn -0.0631 0.8772 -0.4759
vn -0.4963 0.7150 -0.4925
vn -0.5503 0.6125 -0.5675
vn -0.5559 -0.4437 0.7029
vn -0.9885 -0.0366 -0.1466
vn 0.4167 -0.2755 0.8663
vn 0.9378 0.2948 0.1832
vn 0.8420 0.4943 -0.2162
vn -0.4353 0.4888 -0.7560
vn 0.0227 0.6151 -0.7881
vn 0.1190 -0.6577 -0.7438
vn -0.0567 -0.7310 -0.6800
vn -0.1687 -0.5011 -0.8488
vn 0.1723 -0.2343 -0.9568
vn -0.1607 -0.8837 -0.4397
vn -0.3659 -0.8142 -0.4508
vn -0.0834 -0.9904 -0.1100
vn -0.2335 -0.9717 0.0353
vn 0.0906 -0.9954 0.0326
vn 0.0485 -0.9743 0.2198
vn 0.2419 -0.9701 0.0174
vn 0.3252 -0.9245 0.1988
vn 0.3985 -0.9006 -0.1737
vn 0.6852 -0.7213 -0.1014
vn 0.3564 -0.7164 -0.5998
vn 0.5980 -0.2604 -0.7580
vn -0.3114 -0.1853 -0.9320
vn 0.1610 0.1877 -0.9689
vn -0.6307 -0.6579 -0.4116
vn -0.4069 -0.8914 0.1997
vn -0.0016 -0.9068 0.4215
vn 0.4207 -0.8019 0.4243
vn 0.9334 -0.3557 0.0472
vn 0.6933 0.2409 -0.6792
vn -0.4942 0.3176 -0.8093
vn 0.0718 0.5947 -0.8008
vn -0.9350 -0.2355 -0.2654
vn -0.6097 -0.6566 0.4440
vn -0.0663 -0.6837 0.7268
vn 0.4706 -0.4364 0.7669
vn 0.9331 0.1363 0.3329
vn 0.6140 0.6511 -0.4462
vn -0.4543 0.8014 -0.3890
vn -0.0177 0.9024 -0.4306
vn -0.8870 0.4607 0.0312
vn -0.7086 -0.0432 0.7043
vn -0.1529 -0.0343 0.9877
vn 0.3026 0.2606 0.9168
vn 0.5695 0.6767 0.4666
vn 0.3835 0.9103 -0.1557
vn -0.3543 0.9191 -0.1725
vn -0.0543 0.9721 -0.2283
vn -0.7124 0.6824 0.1637
vn -0.6224 0.3121 0.7178
vn -0.2049 0.3058 0.9298
vn 0.1564 0.5211 0.8391
vn 0.3553 0.8106 0.4655
vn 0.2342 0.9711 -0.0469
vn -0.2108 0.9771 -0.0289
vn -0.0900 0.9925 -0.0823
vn -0.3963 0.8936 0.2109
vn -0.3715 0.7362 0.5658
vn -0.1665 0.6934 0.7010
vn 0.0113 0.7492 0.6622
vn 0.0968 0.9233 0.3717
vn 0.0009 0.9999 0.0103
vn 0.1040 -0.9398 -0.3254
vn -0.1389 0.9593 0.2460
vn 0.0746 -0.9929 -0.0930
vn -0.0086 -0.9903 -0.1389
vn -0.0126 -0.9871 -0.1596
vn 0.0808 -0.9901 -0.1147
vn -0.1078 -0.9888 -0.1032
vn -0.1161 -0.9850 -0.1278
vn -0.1518 -0.9884 -0.0014
vn -0.1788 -0.9839 -0.0014
vn -0.1052 -0.9897 0.0972
vn -0.1107 -0.9864 0.1211
vn -0.0090 -0.9914 0.1307
vn -0.0111 -0.9889 0.1483
vn 0.0741 -0.9933 0.0881
vn 0.0761 -0.9910 0.1102
vn 0.1065 -0.9943 0.0012
vn 0.1229 -0.9924 0.0025
vn 0.3099 -0.8891 -0.3367
vn -0.0309 -0.8725 -0.4876
vn -0.0259 -0.5655 -0.8244
vn 0.5685 -0.6025 -0.5602
vn -0.4488 -0.8195 -0.3564
vn -0.6650 -0.5037 -0.5514
vn -0.6141 -0.7892 -0.0062
vn -0.8856 -0.4644 -0.0040
vn -0.4315 -0.8416 0.3248
vn -0.6691 -0.5294 0.5215
vn -0.0454 -0.8968 0.4401
vn -0.0424 -0.5828 0.8115
vn 0.2812 -0.9128 0.2962
vn 0.5745 -0.6163 0.5387
vn 0.4067 -0.8991 0.1619
vn 0.7709 -0.5832 0.2561
vn 0.4202 -0.8865 -0.1939
vn 0.7492 -0.5876 -0.3056
vn 0.0351 0.1104 -0.9933
vn 0.7609 0.0098 -0.6488
vn -0.7550 0.0531 -0.6536
vn -0.9999 0.0066 -0.0085
vn -0.7760 0.0490 0.6288
vn -0.0122 0.1112 0.9937
vn 0.7734 0.0312 0.6332
vn 0.9588 -0.0313 0.2823
vn 0.9359 -0.0329 -0.3507
vn 0.1059 0.6683 -0.7363
vn 0.6895 0.5036 -0.5205
vn -0.5781 0.6171 -0.5339
vn -0.8358 0.5490 -0.0038
vn -0.5363 0.7052 0.4638
vn 0.0897 0.7943 0.6009
vn 0.6656 0.6000 0.4439
vn 0.8580 0.4367 0.2704
vn 0.8714 0.3526 -0.3410
vn 0.0864 0.7929 -0.6032
vn 0.5256 0.7132 -0.4638
vn -0.3902 0.7767 -0.4945
vn -0.6486 0.7611 -0.0030
vn -0.3640 0.8180 0.4454
vn 0.1060 0.8076 0.5802
vn 0.5382 0.6949 0.4769
vn 0.7631 0.5785 0.2880
vn 0.6973 0.6278 -0.3460
vn 0.4107 0.8113 -0.4161
vn 0.2538 0.8311 -0.4948
vn 0.2387 0.8463 -0.4762
vn 0.4353 0.7996 -0.4137
vn -0.2509 0.8996 -0.3574
vn -0.1826 0.9140 -0.3623
vn -0.4085 0.9128 0.0021
vn -0.3785 0.9256 0.0080
vn -0.3120 0.9051 0.2889
vn -0.2507 0.9188 0.3049
vn 0.0516 0.8687 0.4926
vn 0.0419 0.8997 0.4345
vn 0.4462 0.8826 0.1480
vn 0.3794 0.9017 0.2074
vn 0.4426 0.8512 -0.2820
vn 0.4553 0.8458 -0.2780
vn 0.0006 -1.0000 -0.0001
vn 0.1832 0.9726 -0.1430
vn 0.5013 -0.8295 0.2463
vn 0.0081 -0.9882 0.1527
vn 0.0171 -0.9926 -0.1201
vn 0.7011 -0.7131 0.0056
vn -0.4919 -0.8326 0.2544
vn -0.6859 -0.7275 0.0184
vn -0.6708 -0.5418 0.5064
vn -0.8845 -0.3419 0.3175
vn -0.4932 -0.3071 0.8139
vn -0.6859 -0.0712 0.7242
vn 0.0008 -0.2178 0.9760
vn 0.0006 0.0432 0.9991
vn 0.4963 -0.3078 0.8117
vn 0.6954 -0.0709 0.7152
vn 0.6762 -0.5405 0.5006
vn 0.8920 -0.3366 0.3016
vn 0.0102 -0.9314 -0.3638
vn 0.7911 -0.5898 -0.1620
vn -0.7844 -0.5994 -0.1596
vn -0.9666 -0.1888 0.1733
vn -0.7841 0.1167 0.6096
vn 0.0008 0.3014 0.9535
vn 0.7883 0.1142 0.6047
vn 0.9682 -0.1869 0.1660
vn 0.0004 -0.7476 -0.6642
vn 0.8160 -0.4387 -0.3763
vn -0.8161 -0.4369 -0.3782
vn -0.9993 -0.0257 0.0267
vn -0.8149 0.3542 0.4587
vn -0.0015 0.6338 0.7735
vn 0.8149 0.3479 0.4635
vn 0.9991 -0.0292 0.0298
vn -0.0029 -0.3515 -0.9362
vn 0.7700 -0.1595 -0.6177
vn -0.7721 -0.1615 -0.6146
vn -0.9677 0.1881 -0.1679
vn -0.7547 0.6330 0.1726
vn -0.0052 0.9263 0.3768
vn 0.7551 0.6271 0.1913
vn 0.9711 0.1818 -0.1545
vn 0.0302 -0.0891 -0.9956
vn 0.7097 0.0326 -0.7037
vn -0.7009 0.0172 -0.7130
vn -0.9049 0.3012 -0.3008
vn -0.6990 0.7151 -0.0084
vn 0.0036 0.9915 0.1303
vn 0.7063 0.7077 -0.0148
vn 0.9040 0.2958 -0.3087
vn 0.2940 0.1694 -0.9407
vn 0.5829 0.1826 -0.7918
vn -0.3140 0.3325 -0.8893
vn -0.5841 0.5919 -0.5554
vn -0.4228 0.8504 -0.3130
vn -0.0039 0.9786 -0.2055
vn 0.5289 0.7494 -0.3982
vn 0.6759 0.3394 -0.6542
vn 0.0016 -0.7312 0.6822
vn 0.1988 0.5884 -0.7837
vn 0.3667 -0.7808 -0.5058
vn 0.1378 -0.9379 -0.3183
vn -0.0893 -0.8940 -0.4391
vn 0.2432 -0.6188 -0.7470
vn 0.0750 -0.9971 0.0092
vn -0.2210 -0.9725 0.0736
vn 0.2688 -0.8689 0.4158
vn 0.0041 -0.7735 0.6338
vn 0.6301 -0.5770 0.5197
vn 0.5149 -0.4029 0.7566
vn 0.8564 -0.3950 0.3323
vn 0.8807 -0.1478 0.4501
vn 0.9334 -0.3589 -0.0043
vn 0.9954 -0.0529 -0.0801
vn 0.7444 -0.5229 -0.4152
vn 0.7277 -0.2343 -0.6447
vn -0.2992 -0.8012 -0.5182
vn 0.1214 -0.4445 -0.8875
vn -0.4656 -0.8762 0.1244
vn -0.2140 -0.6229 0.7524
vn 0.3707 -0.2078 0.9052
vn 0.8388 0.1099 0.5333
vn 0.9667 0.2215 -0.1282
vn 0.6535 0.0104 -0.7569
vn -0.5721 -0.5836 -0.5764
vn -0.0884 -0.2105 -0.9736
vn -0.7330 -0.6677 0.1296
vn -0.4369 -0.3852 0.8128
vn 0.1787 0.0884 0.9799
vn 0.6699 0.4590 0.5835
vn 0.8293 0.5438 -0.1286
vn 0.5113 0.2874 -0.8099
vn -0.8246 -0.1603 -0.5425
vn -0.3717 0.1549 -0.9154
vn -0.9579 -0.2683 0.1021
vn -0.6526 -0.0078 0.7577
vn -0.0993 0.4792 0.8721
vn 0.3085 0.7974 0.5186
vn 0.4806 0.8730 -0.0826
vn 0.2440 0.6125 -0.7519
vn -0.8598 0.1159 -0.4973
vn -0.4975 0.3668 -0.7861
vn -0.9988 -0.0120 0.0481
vn -0.7420 0.1862 0.6440
vn -0.2394 0.6291 0.7396
vn 0.1067 0.8959 0.4312
vn 0.2340 0.9675 -0.0955
vn 0.0165 0.7364 -0.6763
vn -0.7507 0.4159 -0.5132
vn -0.5827 0.4969 -0.6431
vn -0.9009 0.4153 -0.1259
vn -0.7335 0.5909 0.3360
vn -0.3933 0.8100 0.4351
vn -0.1797 0.9395 0.2915
vn -0.1911 0.9730 -0.1292
vn -0.4296 0.6875 -0.5854
vn 0.5871 -0.8095 0.0015
vn -0.6191 0.7552 -0.2155
vn -0.3640 0.8180 0.4453
vn 0.3794 0.9017 0.2075
vn 0.4427 0.8512 -0.2820
vn -0.0147 -0.9936 -0.1120
vn 0.0475 -0.9952 -0.0855
vn -0.0154 -0.9999 0.0006
vn -0.0761 -0.9934 -0.0855
vn -0.1153 -0.9933 -0.0024
vn -0.0770 -0.9936 0.0827
vn -0.0127 -0.9939 0.1099
vn 0.0497 -0.9952 0.0843
vn 0.0861 -0.9963 0.0020
vn 0.8785 -0.1041 -0.4663
vn 0.5068 -0.2011 -0.8383
vn 0.4797 0.1042 -0.8712
vn 0.8380 0.1280 -0.5304
vn -0.0000 -0.2359 -0.9718
vn 0.0057 0.0847 -0.9964
vn -0.5068 -0.2011 -0.8383
vn -0.4722 0.0731 -0.8785
vn -0.8785 -0.1041 -0.4663
vn -0.8394 0.0708 -0.5389
vn -0.9987 0.0282 0.0420
vn -0.9957 0.0770 -0.0507
vn -0.8368 0.1538 0.5254
vn -0.8820 0.0901 0.4626
vn -0.4673 0.2383 0.8514
vn -0.5137 0.1101 0.8509
vn -0.0000 0.2674 0.9636
vn 0.0062 0.1340 0.9910
vn 0.4674 0.2383 0.8513
vn 0.5197 0.1540 0.8403
vn 0.8368 0.1538 0.5254
vn 0.8768 0.1605 0.4534
vn 0.9987 0.0282 0.0420
vn 0.9875 0.1499 -0.0497
vn 0.8343 0.3383 -0.4352
vn 0.9555 0.2901 0.0527
vn 0.8170 0.2217 0.5323
vn 0.4619 0.1564 0.8730
vn -0.0078 0.1097 0.9939
vn -0.4768 0.0873 0.8746
vn -0.8369 0.0938 0.5393
vn -0.9895 0.1328 0.0573
vn -0.8724 0.1983 -0.4468
vn -0.5068 0.2703 -0.8186
vn -0.0049 0.3264 -0.9452
vn 0.4851 0.3513 -0.8008
vn 0.4663 0.0397 -0.8837
vn 0.8390 0.0484 -0.5420
vn -0.0148 0.0483 -0.9987
vn -0.4878 0.0723 -0.8700
vn -0.8425 0.1083 -0.5278
vn -0.9877 0.1488 -0.0483
vn -0.8742 0.1818 0.4501
vn -0.5199 0.1948 0.8317
vn -0.0135 0.1835 0.9829
vn 0.5034 0.1522 0.8506
vn 0.8766 0.1116 0.4682
vn 0.9961 0.0738 -0.0475
vn 0.5210 0.2528 -0.8153
vn 0.8896 0.0782 -0.4500
vn 0.0226 0.3697 -0.9289
vn -0.4578 0.4065 -0.7907
vn -0.8199 0.3610 -0.4444
vn -0.9706 0.2363 0.0454
vn -0.8355 0.0585 0.5463
vn -0.4540 -0.1125 0.8839
vn 0.0274 -0.2242 0.9742
vn 0.4817 -0.2590 0.8372
vn 0.8302 -0.2159 0.5141
vn 0.9941 -0.0966 0.0502
vn -0.1275 -0.7309 -0.6705
vn -0.3350 -0.7423 -0.5804
vn -0.2115 -0.2044 -0.9558
vn -0.1792 -0.1202 -0.9764
vn -0.9380 0.0353 -0.3448
vn -0.4012 0.3722 -0.8369
vn -0.2709 0.4231 -0.8646
vn -0.3963 0.8023 -0.4464
vn -0.3518 0.7927 -0.4978
vn -0.6058 0.7822 0.1458
vn -0.4350 0.8947 0.1016
vn -0.4437 0.2765 0.8525
vn -0.3933 0.3958 0.8299
vn -0.5115 -0.4414 0.7373
vn -0.2467 -0.4463 0.8602
vn -0.2056 -0.9380 0.2791
vn -0.1233 -0.9695 0.2116
vn 0.1483 -0.9888 -0.0145
vn 0.1446 -0.9718 -0.1864
vn 0.3844 -0.8864 -0.2580
vn 0.3394 -0.9380 0.0706
vn -0.1058 -0.8684 -0.4845
vn -0.0584 -0.3072 -0.9498
vn -0.3456 -0.6931 -0.6326
vn -0.3738 0.0785 -0.9242
vn -0.7910 -0.4244 -0.4406
vn -0.7927 -0.5256 -0.3088
vn -0.9066 0.1066 -0.4083
vn -0.8000 0.3095 -0.5141
vn -0.6740 -0.7377 -0.0382
vn -0.8732 -0.4871 0.0166
vn -0.3213 -0.9383 0.1281
vn -0.2948 -0.9081 0.2975
vn 0.0120 -0.9939 0.1093
vn 0.1543 -0.9552 0.2526
vn 0.7333 -0.5910 -0.3361
vn 0.5167 -0.8450 0.1377
vn 0.2679 0.2739 -0.9237
vn -0.1744 0.6927 -0.6998
vn -0.7955 0.5615 -0.2278
vn -0.5952 0.6981 -0.3979
vn -0.9693 0.0654 0.2368
vn -0.3577 -0.7151 0.6006
vn 0.2274 -0.8940 0.3861
vn 0.9871 0.0207 -0.1589
vn 0.8006 -0.5316 0.2764
vn 0.3364 0.8139 -0.4737
vn -0.1781 0.9332 -0.3121
vn -0.4058 0.9096 -0.0895
vn -0.5475 0.7770 0.3106
vn -0.1855 -0.0460 0.9816
vn 0.4469 -0.6610 0.6028
vn 0.8713 0.4907 0.0066
vn 0.9264 -0.0341 0.3750
vn 0.3459 0.8971 -0.2751
vn -0.1017 0.9703 -0.2195
vn -0.2666 0.9631 -0.0363
vn -0.2985 0.9231 0.2426
vn 0.0787 0.4684 0.8800
vn 0.7204 -0.1511 0.6769
vn 0.7853 0.5983 0.1592
vn 0.8622 0.4147 0.2909
vn 0.4058 0.9123 -0.0557
vn 0.0517 0.9968 -0.0603
vn -0.0714 0.9967 0.0390
vn -0.0764 0.9809 0.1790
vn 0.2891 0.8494 0.4415
vn 0.7919 0.4746 0.3842
vn -0.0808 -0.9837 -0.1609
vn -0.0710 -0.9954 -0.0644
vn -0.2340 -0.9648 -0.1202
vn -0.1807 -0.9581 -0.2223
vn -0.3042 -0.9226 -0.2373
vn -0.4220 -0.8923 -0.1605
vn -0.3650 -0.9296 -0.0507
vn -0.2556 -0.9667 -0.0148
vn -0.1629 -0.9865 -0.0155
vn 0.4522 0.8733 0.1812
vn 0.8432 -0.2424 -0.4798
vn 0.8890 -0.1582 -0.4297
vn 0.1188 -0.8531 -0.5080
vn 0.0642 -0.7958 -0.6022
vn -0.8141 -0.5629 -0.1431
vn -0.7842 -0.5605 -0.2662
vn -0.8964 0.3617 0.2562
vn -0.9368 0.2682 0.2248
vn -0.6115 0.7137 0.3416
vn -0.6022 0.6855 0.4091
vn 0.3586 0.8888 0.2855
vn 0.3222 0.9290 0.1821
vn 0.6882 0.7254 -0.0152
vn 0.7753 0.6307 0.0349
vn 0.0582 -0.6061 -0.7933
vn 0.8968 -0.1200 -0.4258
vn -0.8350 -0.3613 -0.4150
vn -0.8759 0.3622 0.3187
vn -0.5702 0.6104 0.5499
vn 0.7877 0.5513 0.2748
vn 0.4290 0.7299 0.5321
vn 0.2361 -0.1465 -0.9606
vn 0.3145 -0.0733 -0.9464
vn -0.3806 -0.7407 -0.5536
vn -0.4765 -0.6663 -0.5735
vn -0.7532 -0.5251 0.3962
vn -0.8166 -0.4994 0.2894
vn -0.4122 0.3062 0.8581
vn -0.4752 0.2205 0.8518
vn -0.1036 0.6354 0.7652
vn -0.0541 0.5950 0.8019
vn 0.5712 0.8180 0.0678
vn 0.4794 0.8772 0.0266
vn 0.5762 0.7150 -0.3959
vn 0.6600 0.6125 -0.4351
vn -0.5872 -0.4437 -0.6770
vn 0.3280 -0.0366 -0.9440
vn -0.9287 -0.2755 0.2482
vn -0.3545 0.2948 0.8874
vn 0.0557 0.4943 0.8675
vn 0.8238 0.4888 -0.2871
vn 0.7702 0.6151 0.1690
vn 0.1184 -0.6149 -0.7797
vn 0.1614 -0.6067 -0.7784
vn 0.9149 -0.0875 -0.3941
vn 0.9026 -0.1119 -0.4157
vn -0.7789 -0.4257 -0.4605
vn -0.7729 -0.4306 -0.4661
vn -0.9463 0.2455 0.2103
vn -0.9347 0.2696 0.2316
vn -0.2065 0.7710 0.6024
vn -0.1631 0.7799 0.6043
vn 0.3306 0.7714 0.5437
vn 0.9635 0.2646 -0.0400
vn -0.6458 -0.6149 -0.4527
vn -0.6255 -0.6067 -0.4906
vn 0.0538 -0.0875 -0.9947
vn 0.0290 -0.1118 -0.9933
vn -0.7588 -0.4257 0.4930
vn -0.7611 -0.4305 0.4852
vn -0.2323 0.2456 0.9411
vn -0.2081 0.2696 0.9402
vn 0.1624 0.5738 0.8027
vn 0.5937 0.6004 -0.5357
vn 0.5914 0.5955 -0.5437
vn 0.6340 0.7714 -0.0544
vn 0.0743 -0.2321 0.9699
vn 0.2833 -0.2972 0.9118
vn 0.1760 0.3616 0.9156
vn 0.1472 0.4436 0.8841
vn 0.9291 0.1992 0.3115
vn 0.3963 0.7674 0.5041
vn 0.2679 0.8283 0.4922
vn 0.4224 0.9044 -0.0598
vn 0.3762 0.9264 -0.0142
vn 0.6464 0.5505 -0.5284
vn 0.4801 0.6726 -0.5631
vn 0.4790 -0.2603 -0.8384
vn 0.4338 -0.1477 -0.8888
vn 0.5091 -0.7915 -0.3382
vn 0.2477 -0.8579 -0.4502
vn 0.1676 -0.9379 0.3037
vn 0.0821 -0.9241 0.3731
vn -0.5745 -0.3738 0.7282
vn -0.3755 -0.4242 0.8240
vn -0.5360 0.2236 0.8141
vn -0.5455 0.3087 0.7792
vn 0.4394 0.1728 0.8815
vn -0.1468 0.6921 0.7067
vn -0.2393 0.7509 0.6155
vn 0.2373 0.9133 0.3311
vn 0.1702 0.9270 0.3343
vn 0.7601 0.6396 0.1147
vn 0.6481 0.7614 -0.0133
vn 0.9468 -0.1190 -0.2989
vn 0.9346 -0.0011 -0.3558
vn 0.6946 -0.7186 0.0328
vn 0.5887 -0.7738 -0.2336
vn 0.0299 -0.9686 0.2470
vn -0.0808 -0.9675 0.2395
vn 0.2866 -0.7149 -0.6378
vn 0.0679 -0.7141 -0.6967
vn 0.4213 -0.1814 -0.8886
vn 0.4631 -0.0993 -0.8807
vn -0.5165 0.0975 -0.8508
vn 0.2239 0.4048 -0.8866
vn 0.3451 0.4476 -0.8249
vn 0.0031 0.8299 -0.5580
vn 0.0694 0.8180 -0.5710
vn -0.5303 0.8172 -0.2258
vn -0.3646 0.9192 -0.1490
vn -0.8657 0.2955 0.4041
vn -0.8071 0.4116 0.4233
vn -0.8778 -0.4156 0.2384
vn -0.7477 -0.4383 0.4988
vn -0.3748 -0.9259 0.0468
vn -0.2698 -0.9619 0.0437
vn 0.6938 -0.3738 0.6156
vn 0.8010 -0.4242 0.4225
vn 0.7818 0.2236 0.5821
vn 0.7464 0.3087 0.5896
vn 0.9054 0.1728 -0.3878
vn 0.6971 0.6921 0.1873
vn 0.6007 0.7509 0.2744
vn 0.3443 0.9133 -0.2178
vn 0.3436 0.9270 -0.1506
vn 0.1584 0.6396 -0.7522
vn 0.0242 0.7614 -0.6478
vn -0.2437 -0.1190 -0.9625
vn -0.3012 -0.0012 -0.9535
vn 0.0729 -0.7186 -0.6916
vn -0.1992 -0.7738 -0.6012
vn 0.2483 -0.9686 -0.0156
vn 0.2344 -0.9675 0.0945
vn -0.8872 -0.3738 0.2706
vn -0.7784 -0.4242 0.4627
vn -0.9046 0.2236 0.3630
vn -0.8925 0.3087 0.3289
vn -0.1418 0.1728 0.9747
vn -0.5236 0.6921 0.4968
vn -0.5476 0.7509 0.3691
vn 0.0061 0.9133 0.4073
vn -0.0509 0.9270 0.3717
vn 0.5590 0.6396 0.5277
vn 0.5400 0.7614 0.3587
vn 0.9482 -0.1190 0.2945
vn 0.9706 -0.0012 0.2407
vn 0.5519 -0.7186 0.4231
vn 0.6168 -0.7738 0.1438
vn -0.1163 -0.9686 0.2199
vn -0.2030 -0.9675 0.1507
vn 0.7236 -0.6344 -0.2720
vn 0.5919 -0.6663 -0.4535
vn 0.9033 -0.0768 -0.4220
vn 0.9183 0.0105 -0.3957
vn 0.1170 0.0466 -0.9920
vn 0.6627 0.4696 -0.5833
vn 0.7112 0.5289 -0.4630
vn 0.2252 0.8408 -0.4924
vn 0.2860 0.8402 -0.4607
vn -0.3896 0.7299 -0.5616
vn -0.3251 0.8540 -0.4061
vn -0.9610 0.1371 -0.2400
vn -0.9453 0.2603 -0.1968
vn -0.7611 -0.5597 -0.3278
vn -0.8196 -0.5715 -0.0419
vn -0.1790 -0.9751 -0.1309
vn -0.0910 -0.9937 -0.0659
vn -0.8301 -0.3738 -0.4137
vn -0.8833 -0.4242 -0.1994
vn -0.9064 0.2236 -0.3585
vn -0.8741 0.3087 -0.3750
vn -0.7732 0.1728 0.6101
vn -0.7218 0.6921 0.0006
vn -0.6514 0.7509 -0.1086
vn -0.2757 0.9133 0.2999
vn -0.2925 0.9270 0.2348
vn 0.0429 0.6396 0.7675
vn 0.1453 0.7614 0.6317
vn 0.4859 -0.1190 0.8659
vn 0.5391 -0.0012 0.8422
vn 0.1097 -0.7186 0.6867
vn 0.3489 -0.7738 0.5286
vn -0.2357 -0.9686 0.0797
vn -0.2510 -0.9675 -0.0302
vn 0.0206 -0.9991 -0.0367
vn 0.0119 -0.9526 -0.3039
vn 0.7692 -0.6283 -0.1170
vn 0.6704 -0.7375 0.0815
vn -0.6526 -0.7520 0.0930
vn -0.7603 -0.6395 -0.1136
vn -0.8396 -0.3982 0.3693
vn -0.9488 -0.2324 0.2138
vn -0.6534 -0.1472 0.7425
vn -0.7601 0.0679 0.6462
vn 0.0011 -0.0379 0.9993
vn 0.0009 0.2420 0.9703
vn 0.6647 -0.1492 0.7321
vn 0.7648 0.0640 0.6411
vn 0.8490 -0.3947 0.3514
vn 0.9513 -0.2303 0.2047
vn -0.0017 -0.6764 -0.7365
vn 0.8039 -0.3939 -0.4456
vn -0.8011 -0.4140 -0.4324
vn -0.9999 0.0070 0.0122
vn -0.7778 0.4862 0.3984
vn 0.0031 0.7888 0.6146
vn 0.7784 0.4968 0.3838
vn 0.9990 0.0445 -0.0049
vn 0.0464 -0.2544 -0.9660
vn 0.7200 -0.0868 -0.6885
vn -0.7226 -0.1254 -0.6798
vn -0.9542 0.2062 -0.2168
vn -0.7434 0.6585 0.1173
vn -0.0139 0.9669 0.2548
vn 0.7296 0.6787 0.0843
vn 0.9361 0.2171 -0.2768
vn 0.1759 -0.0967 -0.9796
vn 0.6882 -0.0372 -0.7246
vn -0.5179 0.1089 -0.8485
vn -0.7915 0.4476 -0.4162
vn -0.5852 0.8103 -0.0316
vn 0.0086 0.9859 0.1674
vn 0.6765 0.7363 -0.0176
vn 0.8844 0.2609 -0.3871
vn 0.6030 -0.7712 -0.2042
vn 0.0611 -0.9662 -0.2503
vn -0.1138 -0.9612 -0.2513
vn 0.5264 -0.7624 -0.3763
vn -0.3562 -0.9303 0.0877
vn -0.4251 -0.8991 0.1048
vn -0.4563 -0.7486 0.4810
vn -0.4896 -0.7126 0.5024
vn -0.3024 -0.5530 0.7764
vn -0.3134 -0.5159 0.7973
vn 0.0361 -0.3900 0.9201
vn -0.0648 -0.3832 0.9214
vn 0.5266 -0.3246 0.7857
vn 0.3527 -0.2609 0.8986
vn 0.8378 -0.4679 0.2814
vn 0.8899 -0.3139 0.3311
vn 0.7130 -0.4449 -0.5419
vn 0.0699 -0.7710 -0.6330
vn 0.0093 -0.6525 -0.7577
vn 0.6831 -0.3578 -0.6367
vn -0.5866 -0.7908 -0.1747
vn -0.7175 -0.6412 -0.2720
vn -0.7489 -0.5673 0.3426
vn -0.8704 -0.4224 0.2529
vn -0.5454 -0.3543 0.7596
vn -0.7089 -0.1984 0.6769
vn -0.3156 -0.2214 0.9227
vn -0.4626 -0.0257 0.8862
vn 0.3008 0.0025 0.9537
vn 0.7176 0.0524 0.6944
vn 0.7074 0.2186 0.6721
vn 0.4323 0.3040 0.8489
vn 0.9956 -0.0900 0.0268
vn 0.9988 0.0482 0.0008
vn 0.0450 -0.3978 -0.9164
vn 0.7075 -0.1411 -0.6925
vn -0.7837 -0.4450 -0.4333
vn -0.9618 -0.2388 0.1340
vn -0.8147 0.0711 0.5756
vn -0.5416 0.3034 0.7840
vn 0.7615 0.4587 0.4579
vn 0.5411 0.6137 0.5750
vn 0.9699 0.1985 -0.1409
vn 0.0701 -0.2009 -0.9771
vn 0.6783 0.0043 -0.7347
vn -0.7446 -0.2242 -0.6287
vn -0.9995 0.0330 0.0012
vn -0.7306 0.4948 0.4705
vn -0.4306 0.7061 0.5621
vn 0.7451 0.6167 0.2540
vn 0.5073 0.7450 0.4331
vn 0.9226 0.3080 -0.2324
vn -0.0100 -0.1221 -0.9925
vn 0.6163 0.0411 -0.7864
vn -0.6127 -0.0972 -0.7843
vn -0.9632 0.2530 -0.0908
vn -0.5423 0.6966 0.4697
vn -0.2967 0.7756 0.5572
vn 0.5886 0.7172 0.3731
vn 0.4618 0.7559 0.4641
vn 0.8982 0.4073 -0.1653
vn 0.6079 0.1689 -0.7758
vn 0.2882 0.1008 -0.9523
vn 0.2161 0.1617 -0.9629
vn 0.5899 0.1705 -0.7893
vn -0.4907 0.2743 -0.8270
vn -0.3953 0.3112 -0.8642
vn -0.7135 0.5684 -0.4097
vn -0.6770 0.6023 -0.4230
vn -0.5638 0.8242 -0.0525
vn -0.4580 0.8878 -0.0441
vn 0.0556 0.9765 0.2081
vn 0.0384 0.9924 0.1169
vn 0.6923 0.7032 -0.1616
vn 0.5635 0.8194 -0.1052
vn 0.7125 0.3251 -0.6218
vn 0.7200 0.3868 -0.5762
vn 0.0536 -0.8405 0.5391
vn 0.1995 0.6998 -0.6859
vn 0.4440 -0.8943 -0.0564
vn -0.0427 -0.9701 -0.2387
vn 0.0351 -0.3917 -0.9194
vn 0.7609 -0.3101 -0.5699
vn -0.5409 -0.8401 -0.0417
vn -0.7550 -0.2748 -0.5954
vn -0.7434 -0.5901 0.3149
vn -0.9999 0.0016 -0.0107
vn -0.6124 -0.3412 0.7131
vn -0.7760 0.3515 0.5237
vn -0.0554 -0.1653 0.9847
vn -0.0122 0.5850 0.8110
vn 0.5611 -0.2995 0.7716
vn 0.7734 0.3382 0.5362
vn 0.7261 -0.6089 0.3194
vn 0.9992 -0.0394 -0.0010
vn 0.1109 0.1184 -0.9868
vn 0.7654 0.0581 -0.6410
vn -0.6995 0.1556 -0.6975
vn -0.9237 0.3187 -0.2128
vn -0.7243 0.6828 0.0955
vn 0.0701 0.9857 0.1534
vn 0.7914 0.6048 0.0889
vn 0.9566 0.2169 -0.1944
vn 0.5114 0.3938 -0.7638
vn 0.0941 0.3948 -0.9139
vn 0.1144 0.4098 -0.9050
vn 0.5091 0.4105 -0.7565
vn -0.3721 0.4288 -0.8232
vn -0.3695 0.4628 -0.8058
vn -0.6451 0.6817 -0.3452
vn -0.6227 0.6803 -0.3865
vn -0.3070 0.9516 0.0147
vn -0.3589 0.9328 -0.0336
vn 0.1126 0.9876 0.1094
vn 0.1004 0.9901 0.0977
vn 0.4947 0.8642 0.0915
vn 0.5317 0.8463 0.0306
vn 0.7771 0.5789 -0.2469
vn 0.7410 0.5861 -0.3276
vn 0.2387 0.5033 -0.8305
vn 0.4353 0.4933 -0.7531
vn -0.1826 0.6182 -0.7645
vn -0.3785 0.8101 -0.4477
vn -0.2507 0.9501 -0.1857
vn 0.0419 0.9971 -0.0634
vn 0.3794 0.8873 -0.2623
vn 0.4553 0.6002 -0.6576
vn 0.1832 0.7770 -0.6023
vn -0.0221 -0.8433 0.5370
vn 0.2299 -0.9569 -0.1775
vn 0.0077 -0.9696 -0.2445
vn 0.0248 -0.9102 -0.4135
vn 0.4397 -0.8460 -0.3018
vn -0.2220 -0.9601 -0.1698
vn -0.4153 -0.8636 -0.2858
vn -0.3142 -0.9493 -0.0000
vn -0.5786 -0.8156 -0.0006
vn -0.2244 -0.9597 0.1689
vn -0.4148 -0.8699 0.2669
vn -0.0002 -0.9710 0.2390
vn 0.0013 -0.9272 0.3747
vn 0.2263 -0.9594 0.1683
vn 0.4260 -0.8647 0.2662
vn 0.3188 -0.9478 -0.0021
vn 0.5968 -0.8024 -0.0074
vn 0.0360 -0.7532 -0.6568
vn 0.6370 -0.6414 -0.4275
vn -0.6212 -0.6588 -0.4243
vn -0.8240 -0.5665 -0.0026
vn -0.6239 -0.6786 0.3877
vn 0.0050 -0.7892 0.6141
vn 0.6313 -0.6727 0.3859
vn 0.8312 -0.5558 -0.0084
vn 0.0224 0.0538 -0.9983
vn 0.7801 0.0132 -0.6255
vn -0.7740 0.0292 -0.6326
vn -0.9984 -0.0573 0.0026
vn -0.7870 0.0455 0.6153
vn 0.0019 0.0900 0.9959
vn 0.7903 0.0355 0.6116
vn 0.9970 -0.0773 0.0013
vn 0.0143 0.8419 -0.5394
vn 0.5334 0.7473 -0.3964
vn -0.5267 0.7473 -0.4053
vn -0.7702 0.6378 0.0030
vn -0.4969 0.7941 0.3500
vn 0.0023 0.8718 0.4898
vn 0.5049 0.7838 0.3615
vn 0.7901 0.6130 0.0063
vn 0.0398 0.9337 -0.3559
vn 0.3399 0.8975 -0.2810
vn -0.3405 0.8877 -0.3100
vn -0.5474 0.8367 -0.0159
vn -0.3305 0.9100 0.2503
vn 0.0047 0.9486 0.3163
vn 0.3596 0.9024 0.2374
vn 0.5381 0.8421 -0.0366
vn 0.1484 0.9637 -0.2220
vn 0.2254 0.9491 -0.2202
vn -0.0461 0.9869 -0.1546
vn -0.1424 0.9898 0.0042
vn -0.1009 0.9887 0.1107
vn -0.0019 0.9871 0.1604
vn 0.1547 0.9876 0.0250
vn 0.2205 0.9562 -0.1923
vn 0.0001 -1.0000 0.0004
vn 0.0855 0.9922 -0.0910
vn 0.1190 -0.9315 -0.3438
vn -0.0567 -0.9658 -0.2529
vn -0.1687 -0.8432 -0.5104
vn 0.1723 -0.6594 -0.7318
vn -0.1607 -0.9865 0.0310
vn -0.3659 -0.9306 -0.0116
vn -0.0834 -0.9245 0.3720
vn -0.2335 -0.8392 0.4911
vn 0.0906 -0.8613 0.4999
vn 0.0485 -0.7542 0.6549
vn 0.2419 -0.8463 0.4746
vn 0.3252 -0.7203 0.6128
vn 0.3985 -0.8755 0.2733
vn 0.6852 -0.6833 0.2521
vn 0.3564 -0.9150 -0.1891
vn 0.5980 -0.5882 -0.5444
vn -0.3114 -0.6045 -0.7333
vn 0.1610 -0.2933 -0.9424
vn -0.6307 -0.7743 -0.0512
vn -0.4069 -0.6906 0.5979
vn -0.0016 -0.5992 0.8006
vn 0.4207 -0.5054 0.7534
vn 0.9334 -0.2909 0.2100
vn 0.6933 -0.1093 -0.7123
vn -0.4942 -0.1034 -0.8632
vn 0.0718 0.1447 -0.9869
vn -0.9350 -0.3330 -0.1223
vn -0.6097 -0.3682 0.7019
vn -0.0663 -0.2581 0.9638
vn 0.4706 -0.0214 0.8821
vn 0.9331 0.2777 0.2287
vn 0.6140 0.3623 -0.7013
vn -0.4998 0.3532 -0.7909
vn -0.0061 0.4726 -0.8813
vn -0.9787 0.1784 -0.1013
vn -0.6628 0.0405 0.7477
vn -0.1701 0.1266 0.9773
vn 0.3170 0.3866 0.8660
vn 0.6826 0.7090 0.1768
vn 0.4347 0.6436 -0.6299
vn -0.0323 0.7273 -0.6856
vn -0.3806 0.6960 -0.6088
vn -0.3543 0.7279 -0.5871
vn -0.0543 0.7482 -0.6613
vn -0.7189 0.6410 -0.2690
vn -0.7124 0.6786 -0.1789
vn -0.6958 0.5431 0.4700
vn -0.6224 0.6147 0.4845
vn -0.1215 0.6908 0.7128
vn -0.2049 0.7095 0.6742
vn 0.2577 0.8605 0.4395
vn 0.1564 0.8562 0.4924
vn 0.4055 0.9139 -0.0192
vn 0.3553 0.9344 0.0263
vn 0.3030 0.8298 -0.4686
vn 0.2342 0.8331 -0.5011
vn -0.2108 0.8470 -0.4881
vn -0.0900 0.8353 -0.5423
vn -0.3963 0.8870 -0.2372
vn -0.3715 0.9163 0.1498
vn -0.1665 0.9427 0.2892
vn 0.0113 0.9735 0.2286
vn 0.0968 0.9892 -0.1097
vn 0.0009 0.8857 -0.4643
vn 0.1040 -0.9819 0.1582
vn -0.1389 0.9614 -0.2374
vn -0.4702 -0.5239 -0.7103
vn 0.0865 -0.1697 -0.9817
vn -0.7248 -0.6862 0.0606
vn -0.4514 -0.6139 0.6476
vn -0.0524 -0.5279 0.8477
vn 0.3681 -0.4211 0.8290
vn 0.9222 -0.1552 0.3543
vn 0.6865 0.0768 -0.7231
vn 0.0459 0.4891 -0.8710
vn -0.4090 0.3714 -0.8336
vn -0.4543 0.5218 -0.7221
vn -0.0177 0.5910 -0.8064
vn -0.9213 0.2209 -0.3199
vn -0.8870 0.4206 -0.1906
vn -0.7422 0.0477 0.6685
vn -0.7086 0.2954 0.6408
vn -0.0759 0.1636 0.9836
vn -0.1529 0.4373 0.8862
vn 0.4789 0.5087 0.7154
vn 0.3026 0.6635 0.6842
vn 0.6856 0.7279 0.0116
vn 0.5695 0.8169 0.0907
vn 0.4613 0.6554 -0.5981
vn 0.3835 0.7282 -0.5681
vt 0.698524 0.012658
vt 0.700906 0.002270
vt 0.703936 0.003417
vt 0.700302 0.013067
vt 0.707000 0.004614
vt 0.702008 0.013730
vt 0.709939 0.005948
vt 0.703535 0.014727
vt 0.712537 0.007771
vt 0.704894 0.016006
vt 0.694801 0.012197
vt 0.694722 0.000980
vt 0.697877 0.001310
vt 0.696690 0.012395
vt 0.696765 0.022279
vt 0.696077 0.022222
vt 0.697413 0.022556
vt 0.697924 0.023019
vt 0.698344 0.023551
vt 0.695398 0.022237
vt 0.694722 0.022164
vt 0.429310 0.972235
vt 0.433412 0.967430
vt 0.443629 0.970188
vt 0.435186 0.979209
vt 0.432258 0.961209
vt 0.440812 0.958143
vt 0.426657 0.957284
vt 0.428583 0.950104
vt 0.419841 0.957885
vt 0.413959 0.950939
vt 0.415738 0.962705
vt 0.405504 0.959990
vt 0.416900 0.968925
vt 0.408351 0.972040
vt 0.422509 0.972832
vt 0.420607 0.980014
vt 0.455646 0.973420
vt 0.442665 0.986885
vt 0.450990 0.955358
vt 0.430712 0.942194
vt 0.406554 0.943480
vt 0.393517 0.956814
vt 0.398225 0.974852
vt 0.418471 0.988145
vt 0.466159 0.976285
vt 0.449263 0.994686
vt 0.460610 0.951929
vt 0.433167 0.933104
vt 0.400000 0.935814
vt 0.382926 0.954010
vt 0.388739 0.978291
vt 0.416062 0.997375
vt 0.718180 0.005369
vt 0.743247 0.000979
vt 0.740580 0.008478
vt 0.720473 0.012055
vt 0.760806 0.019551
vt 0.754613 0.023503
vt 0.760806 0.053427
vt 0.754753 0.051146
vt 0.740358 0.080514
vt 0.737851 0.072925
vt 0.715022 0.084469
vt 0.717595 0.076611
vt 0.697400 0.065886
vt 0.703848 0.061343
vt 0.698044 0.032144
vt 0.703841 0.033845
vt 0.734828 0.022685
vt 0.722133 0.023733
vt 0.743245 0.031935
vt 0.743467 0.045608
vt 0.735386 0.056112
vt 0.723210 0.057698
vt 0.714639 0.049081
vt 0.713675 0.035389
vt 0.731524 0.032220
vt 0.724921 0.032472
vt 0.736148 0.036855
vt 0.736561 0.043489
vt 0.732427 0.048460
vt 0.726141 0.048993
vt 0.721453 0.044702
vt 0.720797 0.038002
vt 0.424577 0.965058
vt 0.728765 0.040882
vt 0.518707 0.945634
vt 0.516257 0.992301
vt 0.514709 0.992425
vt 0.511484 0.946213
vt 0.525939 0.946104
vt 0.517806 0.992402
vt 0.532948 0.947946
vt 0.519308 0.992796
vt 0.539543 0.950949
vt 0.520721 0.993440
vt 0.504323 0.947325
vt 0.513174 0.992664
vt 0.511654 0.992980
vt 0.497228 0.948803
vt 0.308211 0.479770
vt 0.321135 0.423413
vt 0.337570 0.429639
vt 0.317854 0.481993
vt 0.354196 0.436133
vt 0.327110 0.485590
vt 0.370139 0.443371
vt 0.335396 0.490999
vt 0.384235 0.453257
vt 0.342769 0.497937
vt 0.288012 0.477272
vt 0.287582 0.416418
vt 0.304701 0.418205
vt 0.298260 0.478346
vt 0.298665 0.531971
vt 0.294932 0.531658
vt 0.302180 0.533473
vt 0.304952 0.535983
vt 0.307235 0.538871
vt 0.291248 0.531739
vt 0.287582 0.531342
vt 0.414007 0.043746
vt 0.422731 0.005702
vt 0.433826 0.009906
vt 0.420517 0.045247
vt 0.445049 0.014289
vt 0.426765 0.047675
vt 0.455811 0.019175
vt 0.432358 0.051327
vt 0.465328 0.025849
vt 0.437336 0.056010
vt 0.400372 0.042060
vt 0.400081 0.000980
vt 0.411637 0.002187
vt 0.407289 0.042785
vt 0.407563 0.078985
vt 0.405043 0.078773
vt 0.409935 0.079999
vt 0.411807 0.081693
vt 0.413348 0.083643
vt 0.402556 0.078828
vt 0.400081 0.078560
vt 0.460464 0.060195
vt 0.460488 0.065852
vt 0.456031 0.069973
vt 0.456166 0.059007
vt 0.462950 0.069981
vt 0.461113 0.077565
vt 0.466480 0.070097
vt 0.468759 0.077399
vt 0.468917 0.065907
vt 0.474636 0.068833
vt 0.468559 0.059945
vt 0.474058 0.056941
vt 0.465966 0.056208
vt 0.467786 0.050315
vt 0.462762 0.056420
vt 0.461730 0.051642
vt 0.450652 0.075726
vt 0.450261 0.058783
vt 0.459249 0.086054
vt 0.471912 0.085222
vt 0.482074 0.071963
vt 0.481334 0.053891
vt 0.471016 0.044556
vt 0.459836 0.046548
vt 0.445326 0.082102
vt 0.442938 0.059014
vt 0.458751 0.094573
vt 0.476319 0.092543
vt 0.489839 0.075890
vt 0.489839 0.052904
vt 0.475721 0.038752
vt 0.456466 0.039582
vt 0.844935 0.258303
vt 0.829976 0.275667
vt 0.825548 0.270036
vt 0.838085 0.256934
vt 0.811596 0.276298
vt 0.812052 0.270193
vt 0.799185 0.262754
vt 0.803544 0.260258
vt 0.799761 0.241277
vt 0.804352 0.244659
vt 0.815158 0.225221
vt 0.815152 0.232369
vt 0.833686 0.223079
vt 0.829062 0.229714
vt 0.844935 0.235794
vt 0.839030 0.238894
vt 0.822038 0.260899
vt 0.830245 0.253955
vt 0.814091 0.260941
vt 0.810437 0.256611
vt 0.810929 0.249640
vt 0.816651 0.243274
vt 0.824347 0.241234
vt 0.830529 0.244852
vt 0.820111 0.255662
vt 0.824356 0.252433
vt 0.816095 0.256112
vt 0.814006 0.254175
vt 0.814524 0.250756
vt 0.817560 0.247607
vt 0.821508 0.246517
vt 0.824572 0.248290
vt 0.464396 0.062744
vt 0.818560 0.251390
vt 0.724879 0.094159
vt 0.727202 0.096425
vt 0.725738 0.100545
vt 0.721703 0.095898
vt 0.730431 0.096209
vt 0.731755 0.099892
vt 0.732635 0.093666
vt 0.735944 0.094843
vt 0.732523 0.090333
vt 0.735944 0.088211
vt 0.730187 0.088059
vt 0.731755 0.083688
vt 0.726939 0.088317
vt 0.725638 0.084550
vt 0.724743 0.090863
vt 0.721507 0.089717
vt 0.313238 0.923796
vt 0.315571 0.931787
vt 0.311633 0.932490
vt 0.310200 0.924428
vt 0.316553 0.940233
vt 0.312857 0.940177
vt 0.317018 0.948598
vt 0.313682 0.948828
vt 0.317903 0.957084
vt 0.314167 0.957861
vt 0.317746 0.966224
vt 0.313159 0.965712
vt 0.314870 0.974710
vt 0.311672 0.973549
vt 0.313007 0.981893
vt 0.309767 0.982509
vt 0.311982 0.916957
vt 0.308829 0.916102
vt 0.306469 0.933445
vt 0.306202 0.925164
vt 0.307484 0.940879
vt 0.308145 0.949093
vt 0.308485 0.957770
vt 0.307633 0.964967
vt 0.307101 0.972531
vt 0.305414 0.982405
vt 0.304589 0.916071
vt 0.302006 0.934173
vt 0.300218 0.926415
vt 0.302384 0.942095
vt 0.303067 0.949290
vt 0.303650 0.956704
vt 0.304252 0.964561
vt 0.302396 0.972278
vt 0.298580 0.979139
vt 0.298101 0.919355
vt 0.295011 0.935717
vt 0.295629 0.928182
vt 0.296617 0.943150
vt 0.297354 0.949189
vt 0.296177 0.955036
vt 0.294160 0.962411
vt 0.294210 0.969667
vt 0.293660 0.974526
vt 0.293660 0.924029
vt 0.420243 0.240325
vt 0.423334 0.244977
vt 0.420793 0.246140
vt 0.419318 0.243369
vt 0.423334 0.250417
vt 0.420766 0.248911
vt 0.420659 0.253704
vt 0.419472 0.250611
vt 0.416700 0.252967
vt 0.417457 0.250174
vt 0.413474 0.248734
vt 0.415906 0.247974
vt 0.413486 0.243354
vt 0.415815 0.245306
vt 0.416040 0.240049
vt 0.417061 0.243301
vt 0.728681 0.092270
vt 0.418204 0.247194
vt 0.867871 0.250103
vt 0.869421 0.252293
vt 0.867071 0.256910
vt 0.863522 0.252058
vt 0.872103 0.252257
vt 0.873020 0.256869
vt 0.874083 0.250182
vt 0.877677 0.252003
vt 0.874613 0.247374
vt 0.878921 0.245375
vt 0.873074 0.245213
vt 0.875479 0.240604
vt 0.870378 0.245260
vt 0.869480 0.240736
vt 0.868384 0.247305
vt 0.864702 0.245441
vt 0.863674 0.263670
vt 0.856798 0.255472
vt 0.874203 0.264093
vt 0.883859 0.255163
vt 0.885361 0.242030
vt 0.878795 0.233787
vt 0.868557 0.233976
vt 0.857906 0.241938
vt 0.859094 0.272196
vt 0.847399 0.260178
vt 0.875900 0.274413
vt 0.894476 0.260673
vt 0.894476 0.237443
vt 0.882781 0.224839
vt 0.865484 0.223082
vt 0.847613 0.237706
vt 0.918676 0.221577
vt 0.936040 0.222255
vt 0.932262 0.229991
vt 0.920347 0.229782
vt 0.948134 0.234552
vt 0.940496 0.238750
vt 0.948134 0.258275
vt 0.940265 0.254562
vt 0.930715 0.274326
vt 0.928753 0.265186
vt 0.913555 0.273256
vt 0.916888 0.265249
vt 0.900970 0.261578
vt 0.908842 0.256500
vt 0.901267 0.237832
vt 0.908918 0.240811
vt 0.927878 0.238419
vt 0.921275 0.237562
vt 0.931200 0.243544
vt 0.930497 0.249583
vt 0.926909 0.254192
vt 0.921168 0.254419
vt 0.917682 0.249820
vt 0.917357 0.243322
vt 0.925825 0.243169
vt 0.922643 0.242254
vt 0.927432 0.245586
vt 0.927380 0.248353
vt 0.925594 0.250360
vt 0.922972 0.250373
vt 0.921334 0.248263
vt 0.920890 0.245084
vt 0.871243 0.248746
vt 0.924346 0.246995
vt 0.776531 0.016920
vt 0.776937 0.019546
vt 0.773574 0.021127
vt 0.773032 0.015471
vt 0.778712 0.021520
vt 0.777636 0.024986
vt 0.780819 0.021666
vt 0.782379 0.024839
vt 0.781996 0.019968
vt 0.785334 0.021271
vt 0.781563 0.017421
vt 0.784691 0.015991
vt 0.779890 0.015443
vt 0.781093 0.012082
vt 0.777806 0.015238
vt 0.776441 0.011995
vt 0.768584 0.023245
vt 0.767994 0.013866
vt 0.775319 0.029668
vt 0.784094 0.029450
vt 0.790022 0.022978
vt 0.789439 0.013811
vt 0.782884 0.007409
vt 0.774119 0.007475
vt 0.762096 0.025717
vt 0.761686 0.011828
vt 0.771993 0.035879
vt 0.786096 0.036317
vt 0.796083 0.025749
vt 0.796083 0.010734
vt 0.784709 0.000982
vt 0.770305 0.001282
vt 0.559162 0.223115
vt 0.570359 0.233423
vt 0.564840 0.235433
vt 0.557035 0.228457
vt 0.570359 0.248356
vt 0.565375 0.246122
vt 0.559915 0.258672
vt 0.558354 0.253767
vt 0.545383 0.259314
vt 0.548200 0.253893
vt 0.535263 0.249343
vt 0.540450 0.246799
vt 0.534009 0.235104
vt 0.539994 0.236239
vt 0.544233 0.224437
vt 0.546793 0.228512
vt 0.558350 0.237742
vt 0.554948 0.233029
vt 0.558620 0.243080
vt 0.556177 0.246574
vt 0.551872 0.246768
vt 0.547762 0.243032
vt 0.547727 0.237552
vt 0.550170 0.233840
vt 0.555399 0.239239
vt 0.553862 0.236702
vt 0.555521 0.241981
vt 0.554512 0.243775
vt 0.552497 0.243624
vt 0.550777 0.241637
vt 0.550466 0.239046
vt 0.551574 0.237043
vt 0.779277 0.018466
vt 0.552988 0.240550
vt 0.931264 0.707245
vt 0.933596 0.715236
vt 0.929659 0.715939
vt 0.928225 0.707877
vt 0.934579 0.723682
vt 0.930882 0.723626
vt 0.935043 0.732048
vt 0.931707 0.732277
vt 0.935929 0.740534
vt 0.932193 0.741310
vt 0.935771 0.749673
vt 0.931184 0.749161
vt 0.932895 0.758159
vt 0.929697 0.756998
vt 0.931031 0.765343
vt 0.927792 0.765958
vt 0.930007 0.700406
vt 0.926854 0.699551
vt 0.924494 0.716894
vt 0.924227 0.708613
vt 0.925509 0.724328
vt 0.926170 0.732541
vt 0.926510 0.741219
vt 0.925659 0.748416
vt 0.925126 0.755980
vt 0.923439 0.765854
vt 0.922615 0.699520
vt 0.920032 0.717621
vt 0.918243 0.709864
vt 0.920409 0.725544
vt 0.921092 0.732739
vt 0.921675 0.740153
vt 0.922277 0.748010
vt 0.920421 0.755727
vt 0.916605 0.762588
vt 0.916126 0.702804
vt 0.913037 0.719166
vt 0.913655 0.711631
vt 0.914642 0.726599
vt 0.915379 0.732638
vt 0.914202 0.738485
vt 0.912185 0.745860
vt 0.912235 0.753116
vt 0.911685 0.757975
vt 0.911685 0.707478
vt 0.500600 0.223392
vt 0.503691 0.228044
vt 0.501150 0.229207
vt 0.499674 0.226436
vt 0.503691 0.233485
vt 0.501122 0.231979
vt 0.501016 0.236771
vt 0.499828 0.233678
vt 0.497057 0.236034
vt 0.497814 0.233241
vt 0.493830 0.231802
vt 0.496263 0.231041
vt 0.493842 0.226421
vt 0.496171 0.228373
vt 0.496397 0.223116
vt 0.497417 0.226368
vt 0.498560 0.230262
vt 0.407581 0.239362
vt 0.411611 0.243998
vt 0.404594 0.247731
vt 0.401576 0.240020
vt 0.397402 0.245063
vt 0.397402 0.251680
vt 0.401586 0.256196
vt 0.407692 0.255329
vt 0.411811 0.250167
vt 0.139737 0.716603
vt 0.160854 0.719128
vt 0.156408 0.789191
vt 0.141165 0.787483
vt 0.182284 0.722007
vt 0.171532 0.792134
vt 0.203227 0.725880
vt 0.186627 0.796076
vt 0.223624 0.728873
vt 0.201807 0.801099
vt 0.243526 0.730355
vt 0.217687 0.807111
vt 0.005022 0.736923
vt 0.023083 0.729095
vt 0.035893 0.805622
vt 0.017667 0.811956
vt 0.041365 0.722224
vt 0.054583 0.799726
vt 0.060251 0.717129
vt 0.073448 0.794706
vt 0.079497 0.714425
vt 0.091946 0.790917
vt 0.099129 0.713760
vt 0.109347 0.788384
vt 0.119175 0.714678
vt 0.125615 0.787193
vt 0.131138 0.844246
vt 0.118976 0.842535
vt 0.107466 0.842044
vt 0.096418 0.842797
vt 0.085665 0.844663
vt 0.075205 0.847322
vt 0.065022 0.850815
vt 0.054984 0.855102
vt 0.192282 0.860218
vt 0.181834 0.856256
vt 0.169914 0.852888
vt 0.156991 0.849986
vt 0.143936 0.846851
vt 0.135301 0.914225
vt 0.128615 0.914148
vt 0.142039 0.914726
vt 0.148778 0.915653
vt 0.155398 0.917121
vt 0.161786 0.919175
vt 0.085984 0.917205
vt 0.079563 0.918566
vt 0.092791 0.916313
vt 0.100008 0.915685
vt 0.107403 0.915096
vt 0.114754 0.914651
vt 0.121827 0.914329
vt 0.126237 0.991388
vt 0.122873 0.992085
vt 0.129715 0.991166
vt 0.133218 0.991581
vt 0.136574 0.992641
vt 0.139644 0.994264
vt 0.102910 0.993430
vt 0.099488 0.993138
vt 0.106279 0.993907
vt 0.109636 0.994258
vt 0.112998 0.994251
vt 0.116323 0.993788
vt 0.119596 0.992987
vt 0.634789 0.769105
vt 0.644868 0.775440
vt 0.640011 0.778609
vt 0.627758 0.779686
vt 0.647516 0.780302
vt 0.641840 0.783322
vt 0.629067 0.791904
vt 0.644835 0.788284
vt 0.639209 0.798554
vt 0.650255 0.785375
vt 0.651466 0.797983
vt 0.653039 0.782362
vt 0.659866 0.788301
vt 0.651138 0.778415
vt 0.659866 0.774120
vt 0.648784 0.774802
vt 0.647782 0.766469
vt 0.163653 0.588701
vt 0.163609 0.605306
vt 0.147688 0.606075
vt 0.147003 0.586689
vt 0.162848 0.618554
vt 0.147756 0.618842
vt 0.166417 0.629508
vt 0.152841 0.631295
vt 0.166183 0.510794
vt 0.166417 0.524452
vt 0.155714 0.528886
vt 0.157375 0.504078
vt 0.163799 0.543493
vt 0.144975 0.549529
vt 0.160626 0.558689
vt 0.139582 0.559224
vt 0.161281 0.571060
vt 0.141719 0.569320
vt 0.127172 0.605347
vt 0.123838 0.584632
vt 0.132716 0.614956
vt 0.133766 0.633891
vt 0.134073 0.538831
vt 0.136083 0.503788
vt 0.123120 0.552812
vt 0.118622 0.558601
vt 0.119888 0.567767
vt 0.115425 0.597270
vt 0.114849 0.580687
vt 0.117601 0.612914
vt 0.116057 0.632190
vt 0.117210 0.539906
vt 0.116896 0.510694
vt 0.114522 0.554376
vt 0.113476 0.561192
vt 0.113822 0.568109
vt 0.337517 0.510463
vt 0.354111 0.489552
vt 0.350042 0.508881
vt 0.341930 0.520133
vt 0.371584 0.485677
vt 0.359594 0.506594
vt 0.384879 0.502075
vt 0.366464 0.514383
vt 0.384879 0.532467
vt 0.365549 0.529169
vt 0.368613 0.555987
vt 0.356144 0.541403
vt 0.349018 0.557811
vt 0.345870 0.542540
vt 0.333117 0.540202
vt 0.341150 0.535642
vt 0.350020 0.519228
vt 0.346080 0.524360
vt 0.354772 0.517851
vt 0.358529 0.521144
vt 0.357683 0.528165
vt 0.352754 0.534300
vt 0.347801 0.535841
vt 0.345523 0.532143
vt 0.012931 0.460112
vt 0.012931 0.468395
vt 0.006432 0.464833
vt 0.009441 0.455265
vt 0.004526 0.456626
vt 0.000977 0.463416
vt 0.001003 0.471684
vt 0.004477 0.476534
vt 0.009393 0.475184
vt 0.350558 0.527739
vt 0.204324 0.937481
vt 0.204229 0.921573
vt 0.209023 0.922204
vt 0.207047 0.937468
vt 0.213885 0.922894
vt 0.209752 0.937847
vt 0.218612 0.923826
vt 0.212312 0.938773
vt 0.223011 0.925584
vt 0.214725 0.940166
vt 0.198757 0.938087
vt 0.194802 0.921817
vt 0.199499 0.921216
vt 0.201569 0.937728
vt 0.205062 0.952063
vt 0.204042 0.952215
vt 0.206097 0.952244
vt 0.206998 0.952741
vt 0.207792 0.953370
vt 0.203060 0.952469
vt 0.202054 0.952594
vt 0.739684 0.258452
vt 0.742680 0.245383
vt 0.746492 0.246827
vt 0.741920 0.258968
vt 0.750347 0.248333
vt 0.744066 0.259802
vt 0.754044 0.250011
vt 0.745988 0.261056
vt 0.757313 0.252304
vt 0.747698 0.262665
vt 0.735000 0.257873
vt 0.734900 0.243761
vt 0.738870 0.244175
vt 0.737376 0.258122
vt 0.737470 0.270557
vt 0.736605 0.270484
vt 0.738285 0.270905
vt 0.738928 0.271487
vt 0.739458 0.272157
vt 0.735750 0.270503
vt 0.734900 0.270411
vt 0.091579 0.633839
vt 0.093724 0.692593
vt 0.091798 0.692921
vt 0.082591 0.635372
vt 0.100693 0.633619
vt 0.095677 0.692546
vt 0.109682 0.635144
vt 0.097603 0.692872
vt 0.118282 0.638170
vt 0.099446 0.693521
vt 0.126537 0.642039
vt 0.101215 0.694350
vt 0.089902 0.693391
vt 0.073742 0.637566
vt 0.853201 0.738086
vt 0.836015 0.782647
vt 0.834472 0.782277
vt 0.845999 0.736357
vt 0.860078 0.740837
vt 0.837488 0.783237
vt 0.866303 0.744850
vt 0.838822 0.784097
vt 0.871757 0.749860
vt 0.839991 0.785170
vt 0.838690 0.735165
vt 0.832906 0.782021
vt 0.831328 0.781847
vt 0.831328 0.734350
vt 0.240169 0.697155
vt 0.250248 0.703489
vt 0.245390 0.706658
vt 0.233138 0.707735
vt 0.252895 0.708351
vt 0.247220 0.711372
vt 0.234446 0.719953
vt 0.250215 0.716334
vt 0.244588 0.726604
vt 0.255634 0.713425
vt 0.256846 0.726033
vt 0.258418 0.710411
vt 0.265245 0.716351
vt 0.256518 0.706464
vt 0.265245 0.702170
vt 0.254164 0.702852
vt 0.253161 0.694518
vt 0.730438 0.938540
vt 0.740517 0.944874
vt 0.735659 0.948043
vt 0.723407 0.949120
vt 0.743164 0.949736
vt 0.737489 0.952757
vt 0.724715 0.961338
vt 0.740484 0.957719
vt 0.734857 0.967989
vt 0.745903 0.954810
vt 0.747115 0.967417
vt 0.748687 0.951796
vt 0.755514 0.957736
vt 0.746787 0.947849
vt 0.755514 0.943555
vt 0.744433 0.944237
vt 0.743430 0.935903
vt 0.790145 0.779884
vt 0.800224 0.786218
vt 0.795367 0.789387
vt 0.783114 0.790464
vt 0.802872 0.791080
vt 0.797196 0.794100
vt 0.784423 0.802682
vt 0.800191 0.799063
vt 0.794565 0.809333
vt 0.805611 0.796154
vt 0.806822 0.808761
vt 0.808395 0.793140
vt 0.815222 0.799079
vt 0.806494 0.789193
vt 0.815222 0.784898
vt 0.804141 0.785581
vt 0.803138 0.777247
vt 0.144614 0.461083
vt 0.154693 0.467417
vt 0.149835 0.470586
vt 0.137583 0.471663
vt 0.157340 0.472280
vt 0.151665 0.475300
vt 0.138892 0.483882
vt 0.154660 0.480262
vt 0.149033 0.490532
vt 0.160079 0.477353
vt 0.161291 0.489961
vt 0.162863 0.474339
vt 0.169690 0.480279
vt 0.160963 0.470393
vt 0.169690 0.466098
vt 0.158609 0.466780
vt 0.157606 0.458446
vt 0.308006 0.540414
vt 0.318085 0.546749
vt 0.313227 0.549918
vt 0.300975 0.550995
vt 0.320732 0.551611
vt 0.315057 0.554631
vt 0.302283 0.563213
vt 0.318052 0.559593
vt 0.312425 0.569864
vt 0.323471 0.556684
vt 0.324683 0.569292
vt 0.326255 0.553671
vt 0.333082 0.559610
vt 0.324354 0.549724
vt 0.333082 0.545429
vt 0.322001 0.546111
vt 0.320998 0.537778
vt 0.206221 0.684057
vt 0.216300 0.690391
vt 0.211442 0.693560
vt 0.199190 0.694637
vt 0.218947 0.695254
vt 0.213272 0.698274
vt 0.200498 0.706856
vt 0.216267 0.703236
vt 0.210640 0.713506
vt 0.221686 0.700327
vt 0.222898 0.712935
vt 0.224470 0.697314
vt 0.231297 0.703253
vt 0.222569 0.693367
vt 0.231297 0.689072
vt 0.220216 0.689754
vt 0.219213 0.681420
vt 0.141935 0.635267
vt 0.152014 0.641602
vt 0.147157 0.644771
vt 0.134904 0.645848
vt 0.154662 0.646464
vt 0.148986 0.649484
vt 0.136213 0.658066
vt 0.151982 0.654446
vt 0.146355 0.664717
vt 0.157401 0.651537
vt 0.158612 0.664145
vt 0.160185 0.648524
vt 0.167012 0.654463
vt 0.158284 0.644577
vt 0.167012 0.640282
vt 0.155931 0.640964
vt 0.154928 0.632631
vt 0.090234 0.567965
vt 0.095734 0.556981
vt 0.102338 0.564978
vt 0.091878 0.570274
vt 0.087411 0.568003
vt 0.085530 0.556715
vt 0.085486 0.570210
vt 0.076155 0.565499
vt 0.084826 0.573054
vt 0.074676 0.578331
vt 0.086453 0.575316
vt 0.080958 0.586362
vt 0.089318 0.575267
vt 0.090923 0.586034
vt 0.091247 0.573101
vt 0.101245 0.578145
vt 0.100310 0.548419
vt 0.111843 0.560282
vt 0.083703 0.546321
vt 0.065453 0.559983
vt 0.065453 0.582909
vt 0.077029 0.595356
vt 0.094152 0.596945
vt 0.111638 0.582419
vt 0.692989 0.623639
vt 0.688527 0.633516
vt 0.677527 0.631284
vt 0.676795 0.623389
vt 0.704142 0.635759
vt 0.693865 0.642041
vt 0.704142 0.658716
vt 0.693165 0.652250
vt 0.687004 0.674086
vt 0.686918 0.659815
vt 0.671088 0.673382
vt 0.677126 0.660181
vt 0.659901 0.662140
vt 0.670760 0.652494
vt 0.660429 0.639513
vt 0.669697 0.641064
vt 0.683223 0.644218
vt 0.680022 0.642978
vt 0.684790 0.646818
vt 0.684642 0.649699
vt 0.682574 0.651384
vt 0.680111 0.650920
vt 0.678868 0.648747
vt 0.678250 0.645773
vt 0.088352 0.571658
vt 0.681746 0.647791
vt 0.948608 0.007247
vt 0.949808 0.007451
vt 0.951451 0.009054
vt 0.948354 0.008641
vt 0.950815 0.006704
vt 0.953249 0.007201
vt 0.950966 0.005370
vt 0.953249 0.004318
vt 0.950162 0.004270
vt 0.951616 0.001775
vt 0.948861 0.004099
vt 0.949157 0.000980
vt 0.947916 0.005004
vt 0.946920 0.003089
vt 0.947851 0.006253
vt 0.946506 0.006342
vt 0.795866 0.257941
vt 0.794209 0.260939
vt 0.791213 0.260772
vt 0.793907 0.257764
vt 0.793235 0.263784
vt 0.790069 0.263468
vt 0.792396 0.266925
vt 0.789125 0.266759
vt 0.791459 0.270108
vt 0.787472 0.270410
vt 0.791546 0.272633
vt 0.786598 0.273656
vt 0.796554 0.248565
vt 0.796488 0.251741
vt 0.794223 0.249917
vt 0.792685 0.245370
vt 0.796554 0.255063
vt 0.795041 0.254376
vt 0.786731 0.259617
vt 0.790492 0.256728
vt 0.785158 0.262338
vt 0.783543 0.265493
vt 0.781882 0.269397
vt 0.780384 0.272861
vt 0.790228 0.248642
vt 0.786864 0.243926
vt 0.792059 0.253484
vt 0.782751 0.258239
vt 0.783768 0.255055
vt 0.780336 0.260731
vt 0.778874 0.263262
vt 0.778170 0.266602
vt 0.777889 0.271103
vt 0.785857 0.249123
vt 0.784531 0.245454
vt 0.784852 0.252291
vt 0.777273 0.256726
vt 0.779118 0.254491
vt 0.776092 0.258973
vt 0.775499 0.260918
vt 0.774111 0.262117
vt 0.772400 0.263518
vt 0.778005 0.251191
vt 0.776566 0.249661
vt 0.779163 0.252594
vt 0.467474 0.028263
vt 0.468762 0.030619
vt 0.467458 0.031261
vt 0.466958 0.030033
vt 0.468762 0.033069
vt 0.467466 0.032346
vt 0.467651 0.034630
vt 0.466990 0.033062
vt 0.465857 0.034290
vt 0.466180 0.032870
vt 0.464366 0.032351
vt 0.465596 0.031998
vt 0.464459 0.029827
vt 0.465553 0.030964
vt 0.465671 0.028201
vt 0.466026 0.030077
vt 0.949129 0.006026
vt 0.466467 0.031707
vt 0.473308 0.021660
vt 0.479071 0.022662
vt 0.480146 0.025795
vt 0.472261 0.024121
vt 0.483407 0.018959
vt 0.486346 0.020767
vt 0.483841 0.012912
vt 0.487557 0.011805
vt 0.480046 0.007783
vt 0.481397 0.004284
vt 0.474197 0.006804
vt 0.473207 0.003123
vt 0.469866 0.010932
vt 0.467269 0.009076
vt 0.469675 0.017333
vt 0.467257 0.018110
vt 0.480928 0.028716
vt 0.470043 0.026940
vt 0.489504 0.021295
vt 0.490230 0.011244
vt 0.484068 0.002495
vt 0.472519 0.000979
vt 0.464366 0.009051
vt 0.464366 0.019522
vt 0.402324 0.083776
vt 0.409034 0.082964
vt 0.407156 0.087462
vt 0.403411 0.086955
vt 0.413519 0.087980
vt 0.409658 0.089971
vt 0.413519 0.094499
vt 0.410180 0.092683
vt 0.408878 0.099630
vt 0.408093 0.094325
vt 0.401814 0.100567
vt 0.404680 0.094071
vt 0.397402 0.094976
vt 0.402146 0.091760
vt 0.398003 0.088142
vt 0.401613 0.089183
vt 0.406580 0.089264
vt 0.404592 0.088777
vt 0.407872 0.090530
vt 0.408144 0.091932
vt 0.407076 0.092734
vt 0.405363 0.092536
vt 0.404058 0.091426
vt 0.403630 0.089926
vt 0.405972 0.091037
vt 0.474700 0.013881
vt 0.672970 0.600506
vt 0.677167 0.601013
vt 0.679345 0.607607
vt 0.671187 0.606138
vt 0.680253 0.598119
vt 0.685110 0.601826
vt 0.680361 0.593455
vt 0.685091 0.591967
vt 0.677482 0.589786
vt 0.679187 0.583931
vt 0.673261 0.589280
vt 0.670985 0.582532
vt 0.670196 0.592220
vt 0.665303 0.588610
vt 0.670129 0.596914
vt 0.665503 0.598599
vt 0.681971 0.615390
vt 0.669390 0.612439
vt 0.690301 0.606212
vt 0.690264 0.590403
vt 0.680619 0.576973
vt 0.668087 0.573937
vt 0.659973 0.584042
vt 0.660362 0.600550
vt 0.684187 0.622157
vt 0.666973 0.618158
vt 0.695644 0.609476
vt 0.696216 0.588663
vt 0.682777 0.570850
vt 0.665661 0.566770
vt 0.654544 0.580623
vt 0.654544 0.602800
vt 0.769078 0.047867
vt 0.785494 0.043301
vt 0.782934 0.050483
vt 0.769973 0.053362
vt 0.796041 0.055994
vt 0.791647 0.060156
vt 0.796041 0.076230
vt 0.792122 0.074661
vt 0.783300 0.093822
vt 0.782524 0.086908
vt 0.766691 0.098038
vt 0.769231 0.090466
vt 0.756329 0.084227
vt 0.761063 0.079242
vt 0.757359 0.062797
vt 0.761076 0.063874
vt 0.778801 0.060645
vt 0.771207 0.060287
vt 0.784465 0.065505
vt 0.785271 0.071503
vt 0.781095 0.075641
vt 0.773800 0.075581
vt 0.768104 0.071116
vt 0.766860 0.065094
vt 0.777527 0.064391
vt 0.773452 0.064135
vt 0.780572 0.067011
vt 0.781096 0.070193
vt 0.778815 0.072327
vt 0.774926 0.072254
vt 0.771830 0.069882
vt 0.771167 0.066599
vt 0.675221 0.595130
vt 0.776159 0.068553
vt 0.624787 0.938565
vt 0.624771 0.941152
vt 0.622567 0.942864
vt 0.622718 0.937854
vt 0.625970 0.943120
vt 0.624968 0.946518
vt 0.627718 0.943277
vt 0.628779 0.946719
vt 0.628912 0.941384
vt 0.631741 0.942760
vt 0.628690 0.938627
vt 0.631278 0.937236
vt 0.627448 0.936907
vt 0.628290 0.934222
vt 0.625917 0.936921
vt 0.625500 0.934713
vt 0.619891 0.945275
vt 0.619907 0.937464
vt 0.623773 0.950280
vt 0.630099 0.950501
vt 0.635415 0.944122
vt 0.634554 0.935554
vt 0.629680 0.931620
vt 0.624745 0.932335
vt 0.617253 0.948032
vt 0.616497 0.937171
vt 0.622994 0.954015
vt 0.631751 0.954205
vt 0.639262 0.945759
vt 0.638160 0.934316
vt 0.631525 0.928951
vt 0.623615 0.929059
vt 0.614864 0.950127
vt 0.613412 0.936886
vt 0.623267 0.956706
vt 0.633325 0.955789
vt 0.641476 0.947623
vt 0.641476 0.935054
vt 0.633413 0.926653
vt 0.622116 0.926468
vt 0.714208 0.088589
vt 0.714208 0.097521
vt 0.709643 0.095542
vt 0.710299 0.090191
vt 0.709404 0.102493
vt 0.706719 0.098340
vt 0.702451 0.101767
vt 0.703805 0.097963
vt 0.697400 0.095300
vt 0.701593 0.095089
vt 0.697517 0.086675
vt 0.701634 0.090660
vt 0.702297 0.081156
vt 0.703933 0.087327
vt 0.708885 0.081698
vt 0.707448 0.086726
vt 0.707108 0.094278
vt 0.707591 0.091630
vt 0.705756 0.095834
vt 0.704305 0.095809
vt 0.703332 0.094313
vt 0.703418 0.092068
vt 0.704550 0.090332
vt 0.706291 0.090001
vt 0.626686 0.939860
vt 0.705060 0.093200
vt 0.095081 0.610399
vt 0.095092 0.613169
vt 0.092910 0.615187
vt 0.092976 0.609818
vt 0.096298 0.615191
vt 0.095399 0.618905
vt 0.098027 0.615248
vt 0.099143 0.618824
vt 0.099220 0.613196
vt 0.102021 0.614629
vt 0.099045 0.610277
vt 0.101738 0.608806
vt 0.097775 0.608447
vt 0.098666 0.605561
vt 0.096206 0.608550
vt 0.095701 0.606211
vt 0.090276 0.618005
vt 0.090084 0.609708
vt 0.094485 0.623062
vt 0.100687 0.622655
vt 0.105663 0.616162
vt 0.105301 0.607312
vt 0.100248 0.602741
vt 0.094773 0.603716
vt 0.087668 0.621127
vt 0.086499 0.609821
vt 0.094242 0.627234
vt 0.102845 0.626240
vt 0.109466 0.618085
vt 0.109466 0.606829
vt 0.102552 0.599899
vt 0.093123 0.600305
vt 0.441234 0.089501
vt 0.433909 0.098004
vt 0.431740 0.095246
vt 0.437880 0.088830
vt 0.424908 0.098313
vt 0.425131 0.095323
vt 0.418831 0.091680
vt 0.420965 0.090458
vt 0.419113 0.081163
vt 0.421361 0.082819
vt 0.426653 0.073300
vt 0.426650 0.076801
vt 0.435726 0.072252
vt 0.433461 0.075501
vt 0.441234 0.078478
vt 0.438342 0.079996
vt 0.430022 0.090772
vt 0.434041 0.087371
vt 0.426130 0.090793
vt 0.424341 0.088672
vt 0.424582 0.085258
vt 0.427383 0.082141
vt 0.431152 0.081142
vt 0.434180 0.082914
vt 0.429078 0.088207
vt 0.431157 0.086626
vt 0.427111 0.088427
vt 0.426088 0.087479
vt 0.426342 0.085805
vt 0.427829 0.084263
vt 0.429762 0.083729
vt 0.431263 0.084597
vt 0.097006 0.611647
vt 0.428319 0.086115
s 1
f 358/418/230 352/419/231 353/420/232 359/421/233
f 359/421/233 353/420/232 354/422/234 360/423/235
f 360/423/235 354/422/234 355/424/236 361/425/237
f 361/425/237 355/424/236 356/426/238 362/427/239
f 362/428/240 356/429/241 357/430/242 363/431/243
f 363/431/243 357/430/242 352/419/231 358/418/230
f 365/432/244 364/433/245 358/418/230 359/421/233
f 366/434/246 365/432/244 359/421/233 360/423/235
f 367/435/247 366/434/246 360/423/235 361/425/237
f 368/436/248 367/435/247 361/425/237 362/427/239
f 369/437/249 368/438/250 362/428/240 363/431/243
f 364/433/245 369/437/249 363/431/243 358/418/230
f 370/439/251 371/440/252 379/441/253 378/442/254
f 371/440/252 372/443/255 380/444/256 379/441/253
f 372/443/255 373/445/257 381/446/258 380/444/256
f 373/445/257 374/447/259 382/448/260 381/446/258
f 374/447/259 375/449/261 383/450/262 382/448/260
f 375/449/261 376/451/263 384/452/264 383/450/262
f 376/451/263 377/453/265 385/454/266 384/452/264
f 377/453/265 370/439/251 378/442/254 385/454/266
f 378/442/254 379/441/253 387/455/267 386/456/268
f 379/441/253 380/444/256 388/457/269 387/455/267
f 380/444/256 381/446/258 389/458/270 388/457/269
f 381/446/258 382/448/260 390/459/271 389/458/270
f 382/448/260 383/450/262 391/460/272 390/459/271
f 383/450/262 384/452/264 392/461/273 391/460/272
f 384/452/264 385/454/266 393/462/274 392/461/273
f 385/454/266 378/442/254 386/456/268 393/462/274
f 386/456/268 387/455/267 395/463/275 394/464/276
f 387/455/267 388/457/269 396/465/277 395/463/275
f 388/457/269 389/458/270 397/466/278 396/465/277
f 389/458/270 390/459/271 398/467/279 397/466/278
f 390/459/271 391/460/272 399/468/280 398/467/279
f 391/460/272 392/461/273 400/469/281 399/468/280
f 392/461/273 393/462/274 401/470/282 400/469/281
f 393/462/274 386/456/268 394/464/276 401/470/282
f 394/471/276 395/472/275 403/473/283 402/474/284
f 395/472/275 396/475/277 404/476/285 403/473/283
f 396/475/277 397/477/278 405/478/286 404/476/285
f 397/477/278 398/479/279 406/480/287 405/478/286
f 398/479/279 399/481/280 407/482/288 406/480/287
f 399/481/280 400/483/281 408/484/289 407/482/288
f 400/483/281 401/485/282 409/486/290 408/484/289
f 401/485/282 394/471/276 402/474/284 409/486/290
f 402/474/284 403/473/283 411/487/291 410/488/292
f 403/473/283 404/476/285 412/489/293 411/487/291
f 404/476/285 405/478/286 413/490/294 412/489/293
f 405/478/286 406/480/287 414/491/295 413/490/294
f 406/480/287 407/482/288 415/492/296 414/491/295
f 407/482/288 408/484/289 416/493/297 415/492/296
f 408/484/289 409/486/290 417/494/298 416/493/297
f 409/486/290 402/474/284 410/488/292 417/494/298
f 410/488/292 411/487/291 419/495/299 418/496/300
f 411/487/291 412/489/293 420/497/301 419/495/299
f 412/489/293 413/490/294 421/498/302 420/497/301
f 413/490/294 414/491/295 422/499/303 421/498/302
f 414/491/295 415/492/296 423/500/304 422/499/303
f 415/492/296 416/493/297 424/501/305 423/500/304
f 416/493/297 417/494/298 425/502/306 424/501/305
f 417/494/298 410/488/292 418/496/300 425/502/306
f 371/440/252 370/439/251 426/503/307
f 372/443/255 371/440/252 426/503/307
f 373/445/257 372/443/255 426/503/307
f 374/447/259 373/445/257 426/503/307
f 375/449/261 374/447/259 426/503/307
f 376/451/263 375/449/261 426/503/307
f 377/453/265 376/451/263 426/503/307
f 370/439/251 377/453/265 426/503/307
f 418/496/300 419/495/299 427/504/308
f 419/495/299 420/497/301 427/504/308
f 420/497/301 421/498/302 427/504/308
f 421/498/302 422/499/303 427/504/308
f 422/499/303 423/500/304 427/504/308
f 423/500/304 424/501/305 427/504/308
f 424/501/305 425/502/306 427/504/308
f 425/502/306 418/496/300 427/504/308
f 429/505/309 435/506/310 434/507/311 428/508/312
f 430/509/313 436/510/314 435/506/310 429/505/309
f 431/511/315 437/512/316 436/510/314 430/509/313
f 432/513/317 438/514/317 437/512/316 431/511/315
f 433/515/318 439/516/319 438/517/320 432/518/320
f 428/508/312 434/507/311 439/516/319 433/515/318
f 446/519/321 440/520/322 441/521/323 447/522/324
f 447/522/324 441/521/323 442/523/325 448/524/326
f 448/524/326 442/523/325 443/525/327 449/526/328
f 449/526/328 443/525/327 444/527/329 450/528/330
f 450/529/331 444/530/332 445/531/333 451/532/334
f 451/532/334 445/531/333 440/520/322 446/519/321
f 453/533/335 452/534/336 446/519/321 447/522/324
f 454/535/337 453/533/335 447/522/324 448/524/326
f 455/536/338 454/535/337 448/524/326 449/526/328
f 456/537/339 455/536/338 449/526/328 450/528/330
f 457/538/340 456/539/341 450/529/331 451/532/334
f 452/534/336 457/538/340 451/532/334 446/519/321
f 464/540/342 458/541/343 459/542/344 465/543/345
f 465/543/345 459/542/344 460/544/346 466/545/347
f 466/545/347 460/544/346 461/546/348 467/547/349
f 467/547/349 461/546/348 462/548/350 468/549/351
f 468/550/352 462/551/353 463/552/354 469/553/355
f 469/553/355 463/552/354 458/541/343 464/540/342
f 471/554/356 470/555/357 464/540/342 465/543/345
f 472/556/358 471/554/356 465/543/345 466/545/347
f 473/557/359 472/556/358 466/545/347 467/547/349
f 474/558/360 473/557/359 467/547/349 468/549/351
f 475/559/361 474/560/362 468/550/352 469/553/355
f 470/555/357 475/559/361 469/553/355 464/540/342
f 476/561/363 477/562/364 485/563/365 484/564/366
f 477/562/364 478/565/367 486/566/368 485/563/365
f 478/565/367 479/567/369 487/568/370 486/566/368
f 479/567/369 480/569/371 488/570/372 487/568/370
f 480/569/371 481/571/373 489/572/374 488/570/372
f 481/571/373 482/573/375 490/574/376 489/572/374
f 482/573/375 483/575/377 491/576/378 490/574/376
f 483/575/377 476/561/363 484/564/366 491/576/378
f 484/564/366 485/563/365 493/577/379 492/578/380
f 485/563/365 486/566/368 494/579/381 493/577/379
f 486/566/368 487/568/370 495/580/382 494/579/381
f 487/568/370 488/570/372 496/581/383 495/580/382
f 488/570/372 489/572/374 497/582/384 496/581/383
f 489/572/374 490/574/376 498/583/385 497/582/384
f 490/574/376 491/576/378 499/584/386 498/583/385
f 491/576/378 484/564/366 492/578/380 499/584/386
f 492/578/380 493/577/379 501/585/387 500/586/388
f 493/577/379 494/579/381 502/587/389 501/585/387
f 494/579/381 495/580/382 503/588/390 502/587/389
f 495/580/382 496/581/383 504/589/391 503/588/390
f 496/581/383 497/582/384 505/590/392 504/589/391
f 497/582/384 498/583/385 506/591/393 505/590/392
f 498/583/385 499/584/386 507/592/394 506/591/393
f 499/584/386 492/578/380 500/586/388 507/592/394
f 500/593/388 501/594/387 509/595/395 508/596/396
f 501/594/387 502/597/389 510/598/397 509/595/395
f 502/597/389 503/599/390 511/600/398 510/598/397
f 503/599/390 504/601/391 512/602/399 511/600/398
f 504/601/391 505/603/392 513/604/400 512/602/399
f 505/603/392 506/605/393 514/606/401 513/604/400
f 506/605/393 507/607/394 515/608/402 514/606/401
f 507/607/394 500/593/388 508/596/396 515/608/402
f 508/596/396 509/595/395 517/609/403 516/610/404
f 509/595/395 510/598/397 518/611/405 517/609/403
f 510/598/397 511/600/398 519/612/406 518/611/405
f 511/600/398 512/602/399 520/613/407 519/612/406
f 512/602/399 513/604/400 521/614/408 520/613/407
f 513/604/400 514/606/401 522/615/409 521/614/408
f 514/606/401 515/608/402 523/616/410 522/615/409
f 515/608/402 508/596/396 516/610/404 523/616/410
f 516/610/404 517/609/403 525/617/411 524/618/412
f 517/609/403 518/611/405 526/619/413 525/617/411
f 518/611/405 519/612/406 527/620/414 526/619/413
f 519/612/406 520/613/407 528/621/415 527/620/414
f 520/613/407 521/614/408 529/622/416 528/621/415
f 521/614/408 522/615/409 530/623/417 529/622/416
f 522/615/409 523/616/410 531/624/418 530/623/417
f 523/616/410 516/610/404 524/618/412 531/624/418
f 477/562/364 476/561/363 532/625/419
f 478/565/367 477/562/364 532/625/419
f 479/567/369 478/565/367 532/625/419
f 480/569/371 479/567/369 532/625/419
f 481/571/373 480/569/371 532/625/419
f 482/573/375 481/571/373 532/625/419
f 483/575/377 482/573/375 532/625/419
f 476/561/363 483/575/377 532/625/419
f 524/618/412 525/617/411 533/626/420
f 525/617/411 526/619/413 533/626/420
f 526/619/413 527/620/414 533/626/420
f 527/620/414 528/621/415 533/626/420
f 528/621/415 529/622/416 533/626/420
f 529/622/416 530/623/417 533/626/420
f 530/623/417 531/624/418 533/626/420
f 531/624/418 524/618/412 533/626/420
f 534/627/421 535/628/422 543/629/423 542/630/424
f 535/628/422 536/631/425 544/632/426 543/629/423
f 536/631/425 537/633/427 545/634/428 544/632/426
f 537/633/427 538/635/429 546/636/430 545/634/428
f 538/635/429 539/637/431 547/638/432 546/636/430
f 539/637/431 540/639/433 548/640/434 547/638/432
f 540/639/433 541/641/435 549/642/436 548/640/434
f 541/641/435 534/627/421 542/630/424 549/642/436
f 542/643/437 543/644/438 551/645/439 550/646/440
f 543/644/438 544/647/441 552/648/442 551/645/439
f 544/647/441 545/649/443 553/650/444 552/648/442
f 545/649/443 546/651/445 554/652/446 553/650/444
f 546/651/445 547/653/447 555/654/448 554/652/446
f 547/653/447 548/655/449 556/656/450 555/654/448
f 548/655/449 549/657/451 557/658/452 556/656/450
f 549/659/453 542/643/437 550/646/440 557/660/454
f 550/646/440 551/645/439 559/661/455 558/662/456
f 551/645/439 552/648/442 560/663/457 559/661/455
f 552/648/442 553/650/444 561/664/458 560/663/457
f 553/650/444 554/652/446 562/665/459 561/664/458
f 554/652/446 555/654/448 563/666/460 562/665/459
f 555/654/448 556/656/450 564/667/461 563/666/460
f 556/656/450 557/658/452 565/668/462 564/667/461
f 557/660/454 550/646/440 558/662/456 565/669/463
f 558/662/456 559/661/455 567/670/464 566/671/465
f 559/661/455 560/663/457 568/672/466 567/670/464
f 560/663/457 561/664/458 569/673/467 568/672/466
f 561/664/458 562/665/459 570/674/468 569/673/467
f 562/665/459 563/666/460 571/675/469 570/674/468
f 563/666/460 564/667/461 572/676/470 571/675/469
f 564/667/461 565/668/462 573/677/471 572/676/470
f 565/669/463 558/662/456 566/671/465 573/678/472
f 566/671/465 567/670/464 575/679/473 574/680/474
f 567/670/464 568/672/466 576/681/475 575/679/473
f 568/672/466 569/673/467 577/682/476 576/681/475
f 569/673/467 570/674/468 578/683/477 577/682/476
f 570/674/468 571/675/469 579/684/478 578/683/477
f 571/675/469 572/676/470 580/685/479 579/684/478
f 572/676/470 573/677/471 581/686/480 580/685/479
f 573/678/472 566/671/465 574/680/474 581/687/481
f 574/688/482 575/689/483 583/690/484 582/691/485
f 575/689/483 576/692/486 584/693/487 583/690/484
f 576/692/486 577/694/488 585/695/489 584/693/487
f 577/694/488 578/696/490 586/697/491 585/695/489
f 578/696/490 579/698/492 587/699/493 586/697/491
f 579/698/492 580/700/494 588/701/495 587/699/493
f 580/700/494 581/702/496 589/703/497 588/701/495
f 581/702/496 574/688/482 582/691/485 589/703/497
f 535/628/422 534/627/421 590/704/498
f 536/631/425 535/628/422 590/704/498
f 537/633/427 536/631/425 590/704/498
f 538/635/429 537/633/427 590/704/498
f 539/637/431 538/635/429 590/704/498
f 540/639/433 539/637/431 590/704/498
f 541/641/435 540/639/433 590/704/498
f 534/627/421 541/641/435 590/704/498
f 582/691/485 583/690/484 591/705/499
f 583/690/484 584/693/487 591/705/499
f 584/693/487 585/695/489 591/705/499
f 585/695/489 586/697/491 591/705/499
f 586/697/491 587/699/493 591/705/499
f 587/699/493 588/701/495 591/705/499
f 588/701/495 589/703/497 591/705/499
f 589/703/497 582/691/485 591/705/499
f 592/706/500 593/707/501 601/708/502 600/709/503
f 593/707/501 594/710/504 602/711/505 601/708/502
f 594/710/504 595/712/506 603/713/507 602/711/505
f 595/712/506 596/714/508 604/715/509 603/713/507
f 596/714/508 597/716/510 605/717/511 604/715/509
f 597/716/510 598/718/512 606/719/513 605/717/511
f 598/718/512 599/720/514 607/721/515 606/719/513
f 599/720/514 592/706/500 600/709/503 607/721/515
f 600/709/503 601/708/502 609/722/516 608/723/517
f 601/708/502 602/711/505 610/724/518 609/722/516
f 602/711/505 603/713/507 611/725/519 610/724/518
f 603/713/507 604/715/509 612/726/520 611/725/519
f 604/715/509 605/717/511 613/727/521 612/726/520
f 605/717/511 606/719/513 614/728/522 613/727/521
f 606/719/513 607/721/515 615/729/523 614/728/522
f 607/721/515 600/709/503 608/723/517 615/729/523
f 608/723/517 609/722/516 617/730/524 616/731/525
f 609/722/516 610/724/518 618/732/526 617/730/524
f 610/724/518 611/725/519 619/733/527 618/732/526
f 611/725/519 612/726/520 620/734/528 619/733/527
f 612/726/520 613/727/521 621/735/529 620/734/528
f 613/727/521 614/728/522 622/736/530 621/735/529
f 614/728/522 615/729/523 623/737/531 622/736/530
f 615/729/523 608/723/517 616/731/525 623/737/531
f 616/738/525 617/739/524 625/740/532 624/741/533
f 617/739/524 618/742/526 626/743/534 625/740/532
f 618/742/526 619/744/527 627/745/535 626/743/534
f 619/744/527 620/746/528 628/747/536 627/745/535
f 620/746/528 621/748/529 629/749/537 628/747/536
f 621/748/529 622/750/530 630/751/538 629/749/537
f 622/750/530 623/752/531 631/753/539 630/751/538
f 623/752/531 616/738/525 624/741/533 631/753/539
f 624/741/533 625/740/532 633/754/540 632/755/541
f 625/740/532 626/743/534 634/756/542 633/754/540
f 626/743/534 627/745/535 635/757/543 634/756/542
f 627/745/535 628/747/536 636/758/544 635/757/543
f 628/747/536 629/749/537 637/759/545 636/758/544
f 629/749/537 630/751/538 638/760/546 637/759/545
f 630/751/538 631/753/539 639/761/547 638/760/546
f 631/753/539 624/741/533 632/755/541 639/761/547
f 632/755/541 633/754/540 641/762/548 640/763/549
f 633/754/540 634/756/542 642/764/550 641/762/548
f 634/756/542 635/757/543 643/765/551 642/764/550
f 635/757/543 636/758/544 644/766/552 643/765/551
f 636/758/544 637/759/545 645/767/553 644/766/552
f 637/759/545 638/760/546 646/768/554 645/767/553
f 638/760/546 639/761/547 647/769/555 646/768/554
f 639/761/547 632/755/541 640/763/549 647/769/555
f 593/707/501 592/706/500 648/770/556
f 594/710/504 593/707/501 648/770/556
f 595/712/506 594/710/504 648/770/556
f 596/714/508 595/712/506 648/770/556
f 597/716/510 596/714/508 648/770/556
f 598/718/512 597/716/510 648/770/556
f 599/720/514 598/718/512 648/770/556
f 592/706/500 599/720/514 648/770/556
f 640/763/549 641/762/548 649/771/557
f 641/762/548 642/764/550 649/771/557
f 642/764/550 643/765/551 649/771/557
f 643/765/551 644/766/552 649/771/557
f 644/766/552 645/767/553 649/771/557
f 645/767/553 646/768/554 649/771/557
f 646/768/554 647/769/555 649/771/557
f 647/769/555 640/763/549 649/771/557
f 650/772/558 651/773/559 659/774/560 658/775/561
f 651/773/559 652/776/562 660/777/563 659/774/560
f 652/776/562 653/778/564 661/779/565 660/777/563
f 653/778/564 654/780/566 662/781/567 661/779/565
f 654/780/566 655/782/568 663/783/569 662/781/567
f 655/782/568 656/784/570 664/785/571 663/783/569
f 656/784/570 657/786/572 665/787/573 664/785/571
f 657/786/572 650/772/558 658/775/561 665/787/573
f 658/775/561 659/774/560 667/788/574 666/789/575
f 659/774/560 660/777/563 668/790/576 667/788/574
f 660/777/563 661/779/565 669/791/577 668/790/576
f 661/779/565 662/781/567 670/792/578 669/791/577
f 662/781/567 663/783/569 671/793/579 670/792/578
f 663/783/569 664/785/571 672/794/580 671/793/579
f 664/785/571 665/787/573 673/795/581 672/794/580
f 665/787/573 658/775/561 666/789/575 673/795/581
f 666/789/575 667/788/574 675/796/582 674/797/583
f 667/788/574 668/790/576 676/798/584 675/796/582
f 668/790/576 669/791/577 677/799/585 676/798/584
f 669/791/577 670/792/578 678/800/586 677/799/585
f 670/792/578 671/793/579 679/801/587 678/800/586
f 671/793/579 672/794/580 680/802/588 679/801/587
f 672/794/580 673/795/581 681/803/589 680/802/588
f 673/795/581 666/789/575 674/797/583 681/803/589
f 674/804/583 675/805/582 683/806/590 682/807/591
f 675/805/582 676/808/584 684/809/592 683/806/590
f 676/808/584 677/810/585 685/811/593 684/809/592
f 677/810/585 678/812/586 686/813/594 685/811/593
f 678/812/586 679/814/587 687/815/595 686/813/594
f 679/814/587 680/816/588 688/817/596 687/815/595
f 680/816/588 681/818/589 689/819/597 688/817/596
f 681/818/589 674/804/583 682/807/591 689/819/597
f 682/807/591 683/806/590 691/820/598 690/821/599
f 683/806/590 684/809/592 692/822/600 691/820/598
f 684/809/592 685/811/593 693/823/601 692/822/600
f 685/811/593 686/813/594 694/824/602 693/823/601
f 686/813/594 687/815/595 695/825/603 694/824/602
f 687/815/595 688/817/596 696/826/604 695/825/603
f 688/817/596 689/819/597 697/827/605 696/826/604
f 689/819/597 682/807/591 690/821/599 697/827/605
f 690/821/599 691/820/598 699/828/606 698/829/607
f 691/820/598 692/822/600 700/830/608 699/828/606
f 692/822/600 693/823/601 701/831/609 700/830/608
f 693/823/601 694/824/602 702/832/610 701/831/609
f 694/824/602 695/825/603 703/833/611 702/832/610
f 695/825/603 696/826/604 704/834/612 703/833/611
f 696/826/604 697/827/605 705/835/613 704/834/612
f 697/827/605 690/821/599 698/829/607 705/835/613
f 651/773/559 650/772/558 706/836/614
f 652/776/562 651/773/559 706/836/614
f 653/778/564 652/776/562 706/836/614
f 654/780/566 653/778/564 706/836/614
f 655/782/568 654/780/566 706/836/614
f 656/784/570 655/782/568 706/836/614
f 657/786/572 656/784/570 706/836/614
f 650/772/558 657/786/572 706/836/614
f 698/829/607 699/828/606 707/837/615
f 699/828/606 700/830/608 707/837/615
f 700/830/608 701/831/609 707/837/615
f 701/831/609 702/832/610 707/837/615
f 702/832/610 703/833/611 707/837/615
f 703/833/611 704/834/612 707/837/615
f 704/834/612 705/835/613 707/837/615
f 705/835/613 698/829/607 707/837/615
f 708/838/437 709/839/438 717/840/439 716/841/440
f 709/839/438 710/842/441 718/843/442 717/840/439
f 710/842/441 711/844/443 719/845/444 718/843/442
f 711/844/443 712/846/445 720/847/446 719/845/444
f 712/846/445 713/848/447 721/849/448 720/847/446
f 713/848/447 714/850/449 722/851/450 721/849/448
f 714/850/449 715/852/451 723/853/452 722/851/450
f 715/854/453 708/838/437 716/841/440 723/855/454
f 716/841/440 717/840/439 725/856/455 724/857/456
f 717/840/439 718/843/442 726/858/457 725/856/455
f 718/843/442 719/845/444 727/859/458 726/858/457
f 719/845/444 720/847/446 728/860/459 727/859/458
f 720/847/446 721/849/448 729/861/460 728/860/459
f 721/849/448 722/851/450 730/862/461 729/861/460
f 722/851/450 723/853/452 731/863/462 730/862/461
f 723/855/454 716/841/440 724/857/456 731/864/463
f 724/857/456 725/856/455 733/865/464 732/866/465
f 725/856/455 726/858/457 734/867/466 733/865/464
f 726/858/457 727/859/458 735/868/467 734/867/466
f 727/859/458 728/860/459 736/869/468 735/868/467
f 728/860/459 729/861/460 737/870/469 736/869/468
f 729/861/460 730/862/461 738/871/470 737/870/469
f 730/862/461 731/863/462 739/872/471 738/871/470
f 731/864/463 724/857/456 732/866/465 739/873/472
f 732/866/465 733/865/464 741/874/473 740/875/474
f 733/865/464 734/867/466 742/876/475 741/874/473
f 734/867/466 735/868/467 743/877/476 742/876/475
f 735/868/467 736/869/468 744/878/616 743/877/476
f 736/869/468 737/870/469 745/879/478 744/878/616
f 737/870/469 738/871/470 746/880/479 745/879/478
f 738/871/470 739/872/471 747/881/480 746/880/479
f 739/873/472 732/866/465 740/875/474 747/882/481
f 740/883/482 741/884/483 749/885/484 748/886/485
f 741/884/483 742/887/486 750/888/487 749/885/484
f 742/887/486 743/889/488 751/890/489 750/888/487
f 743/889/488 744/891/490 752/892/491 751/890/489
f 744/891/490 745/893/492 753/894/493 752/892/491
f 745/893/492 746/895/494 754/896/617 753/894/493
f 746/895/494 747/897/618 755/898/497 754/896/617
f 747/897/618 740/883/482 748/886/485 755/898/497
f 748/886/485 749/885/484 756/899/499
f 749/885/484 750/888/487 756/899/499
f 750/888/487 751/890/489 756/899/499
f 751/890/489 752/892/491 756/899/499
f 752/892/491 753/894/493 756/899/499
f 753/894/493 754/896/617 756/899/499
f 754/896/617 755/898/497 756/899/499
f 755/898/497 748/886/485 756/899/499
f 709/900/619 708/901/620 757/902/621
f 710/903/622 709/900/619 757/902/621
f 711/904/623 710/903/622 757/902/621
f 712/905/624 711/904/623 757/902/621
f 713/906/625 712/905/624 757/902/621
f 714/907/626 713/906/625 757/902/621
f 715/908/627 714/907/626 757/902/621
f 708/901/620 715/908/627 757/902/621
f 758/909/628 759/910/629 793/911/630 782/912/631
f 759/910/629 760/913/632 792/914/633 793/911/630
f 760/913/632 761/915/634 791/916/635 792/914/633
f 761/915/634 762/917/636 790/918/637 791/916/635
f 762/917/636 763/919/638 789/920/639 790/918/637
f 763/921/638 764/922/640 788/923/641 789/924/639
f 764/922/640 765/925/642 787/926/643 788/923/641
f 765/925/642 766/927/644 786/928/645 787/926/643
f 766/927/644 767/929/646 785/930/647 786/928/645
f 767/929/646 768/931/648 784/932/649 785/930/647
f 768/931/648 769/933/650 783/934/651 784/932/649
f 769/933/650 758/909/628 782/912/631 783/934/651
f 783/934/651 782/912/631 770/935/652 781/936/653
f 784/932/649 783/934/651 781/936/653 780/937/654
f 785/930/647 784/932/649 780/937/654 779/938/655
f 786/928/645 785/930/647 779/938/655 778/939/656
f 787/926/643 786/928/645 778/939/656 777/940/657
f 788/923/641 787/926/643 777/940/657 776/941/658
f 789/924/639 788/923/641 776/941/658 775/942/659
f 790/918/637 789/920/639 775/943/659 774/944/660
f 791/916/635 790/918/637 774/944/660 773/945/661
f 792/914/633 791/916/635 773/945/661 772/946/662
f 793/911/630 792/914/633 772/946/662 771/947/663
f 782/912/631 793/911/630 771/947/663 770/935/652
f 770/935/652 771/947/663 795/948/664 794/949/665
f 771/947/663 772/946/662 796/950/666 795/948/664
f 772/946/662 773/945/661 797/951/667 796/950/666
f 773/945/661 774/944/660 798/952/668 797/951/667
f 774/944/660 775/943/659 799/953/669 798/952/668
f 775/942/659 776/941/658 800/954/670 799/955/669
f 776/941/658 777/940/657 801/956/671 800/954/670
f 777/940/657 778/939/656 802/957/672 801/956/671
f 778/939/656 779/938/655 803/958/673 802/957/672
f 779/938/655 780/937/654 804/959/674 803/958/673
f 780/937/654 781/936/653 805/960/675 804/959/674
f 781/936/653 770/935/652 794/949/665 805/960/675
f 794/949/665 795/948/664 807/961/676 806/962/677
f 795/948/664 796/950/666 808/963/678 807/961/676
f 796/950/666 797/951/667 809/964/679 808/963/678
f 797/951/667 798/952/668 810/965/680 809/964/679
f 798/952/668 799/953/669 811/966/681 810/965/680
f 799/955/669 800/954/670 812/967/682 811/968/681
f 800/954/670 801/956/671 813/969/683 812/967/682
f 801/956/671 802/957/672 814/970/684 813/969/683
f 802/957/672 803/958/673 815/971/685 814/970/684
f 803/958/673 804/959/674 816/972/686 815/971/685
f 804/959/674 805/960/675 817/973/687 816/972/686
f 805/960/675 794/949/665 806/962/677 817/973/687
f 818/974/688 827/975/689 831/976/690 829/977/691
f 819/978/692 828/979/693 831/976/690 827/975/689
f 820/980/694 829/977/691 831/976/690 828/979/693
f 820/980/694 828/979/693 832/981/695 823/982/696
f 819/978/692 830/983/697 832/981/695 828/979/693
f 821/984/698 823/982/696 832/981/695 830/983/697
f 821/984/698 830/983/697 833/985/699 825/986/700
f 819/978/692 824/987/701 833/985/699 830/983/697
f 822/988/702 825/986/700 833/985/699 824/987/701
f 822/988/702 824/987/701 834/989/703 826/990/704
f 819/978/692 827/975/689 834/989/703 824/987/701
f 818/974/688 826/990/704 834/989/703 827/975/689
f 835/991/705 836/992/706 844/993/707 843/994/708
f 836/992/706 837/995/709 845/996/710 844/993/707
f 837/995/709 838/997/711 846/998/712 845/996/710
f 838/999/713 839/1000/714 847/1001/715 846/1002/716
f 839/1000/714 840/1003/717 848/1004/718 847/1001/715
f 840/1003/717 841/1005/719 849/1006/720 848/1004/718
f 841/1005/719 842/1007/721 850/1008/722 849/1006/720
f 842/1007/721 835/991/705 843/994/708 850/1008/722
f 844/993/707 852/1009/723 851/1010/724 843/994/708
f 845/996/710 853/1011/725 852/1009/723 844/993/707
f 846/998/712 854/1012/726 853/1011/725 845/996/710
f 847/1001/715 855/1013/727 854/1014/728 846/1002/716
f 848/1004/718 856/1015/729 855/1013/727 847/1001/715
f 849/1006/720 857/1016/730 856/1015/729 848/1004/718
f 850/1008/722 858/1017/731 857/1016/730 849/1006/720
f 843/994/708 851/1010/724 858/1017/731 850/1008/722
f 851/1010/724 852/1009/723 860/1018/732 859/1019/733
f 852/1009/723 853/1011/725 861/1020/734 860/1018/732
f 853/1011/725 854/1012/726 862/1021/735 861/1020/734
f 854/1014/728 855/1013/727 863/1022/736 862/1023/735
f 855/1013/727 856/1015/729 864/1024/737 863/1022/736
f 856/1015/729 857/1016/730 865/1025/738 864/1024/737
f 857/1016/730 858/1017/731 866/1026/739 865/1025/738
f 858/1017/731 851/1010/724 859/1019/733 866/1026/739
f 859/1027/733 860/1028/732 868/1029/740 867/1030/741
f 860/1028/732 861/1031/734 869/1032/742 868/1029/740
f 861/1031/734 862/1033/735 870/1034/743 869/1032/742
f 862/1033/735 863/1035/736 871/1036/744 870/1034/743
f 863/1035/736 864/1037/737 872/1038/745 871/1036/744
f 864/1037/737 865/1039/738 873/1040/746 872/1038/745
f 865/1039/738 866/1041/739 874/1042/747 873/1040/746
f 866/1041/739 859/1027/733 867/1030/741 874/1042/747
f 867/1030/741 868/1029/740 876/1043/748 875/1044/749
f 868/1029/740 869/1032/742 877/1045/750 876/1043/748
f 869/1032/742 870/1034/743 878/1046/751 877/1045/750
f 870/1034/743 871/1036/744 879/1047/752 878/1046/751
f 871/1036/744 872/1038/745 880/1048/753 879/1047/752
f 872/1038/745 873/1040/746 881/1049/754 880/1048/753
f 873/1040/746 874/1042/747 882/1050/755 881/1049/754
f 874/1042/747 867/1030/741 875/1044/749 882/1050/755
f 836/1051/756 835/1052/757 883/1053/758
f 837/1054/759 836/1051/756 883/1053/758
f 838/1055/760 837/1054/759 883/1053/758
f 839/1056/761 838/1055/760 883/1053/758
f 840/1057/762 839/1056/761 883/1053/758
f 841/1058/763 840/1057/762 883/1053/758
f 842/1059/764 841/1058/763 883/1053/758
f 835/1052/757 842/1059/764 883/1053/758
f 875/1044/749 876/1043/748 884/1060/765
f 876/1043/748 877/1045/750 884/1060/765
f 877/1045/750 878/1046/751 884/1060/765
f 878/1046/751 879/1047/752 884/1060/765
f 879/1047/752 880/1048/753 884/1060/765
f 880/1048/753 881/1049/754 884/1060/765
f 881/1049/754 882/1050/755 884/1060/765
f 882/1050/755 875/1044/749 884/1060/765
f 891/1061/766 885/1062/767 886/1063/768 892/1064/769
f 892/1064/769 886/1063/768 887/1065/770 893/1066/771
f 893/1066/771 887/1065/770 888/1067/772 894/1068/773
f 894/1068/773 888/1067/772 889/1069/774 895/1070/775
f 895/1071/776 889/1072/777 890/1073/778 896/1074/779
f 896/1074/779 890/1073/778 885/1062/767 891/1061/766
f 898/1075/780 897/1076/781 891/1061/766 892/1064/769
f 899/1077/782 898/1075/780 892/1064/769 893/1066/771
f 900/1078/783 899/1077/782 893/1066/771 894/1068/773
f 901/1079/784 900/1078/783 894/1068/773 895/1070/775
f 902/1080/785 901/1081/786 895/1071/776 896/1074/779
f 897/1076/781 902/1080/785 896/1074/779 891/1061/766
f 909/1082/787 903/1083/788 904/1084/789 910/1085/790
f 910/1085/790 904/1084/789 905/1086/791 911/1087/792
f 911/1087/792 905/1086/791 906/1088/793 912/1089/794
f 912/1089/794 906/1088/793 907/1090/795 913/1091/796
f 913/1092/797 907/1093/798 908/1094/799 914/1095/800
f 914/1095/800 908/1094/799 903/1083/788 909/1082/787
f 916/1096/801 915/1097/802 909/1082/787 910/1085/790
f 917/1098/803 916/1096/801 910/1085/790 911/1087/792
f 918/1099/804 917/1098/803 911/1087/792 912/1089/794
f 919/1100/805 918/1099/804 912/1089/794 913/1091/796
f 920/1101/806 919/1102/807 913/1092/797 914/1095/800
f 915/1097/802 920/1101/806 914/1095/800 909/1082/787
f 922/1103/808 928/1104/809 927/1105/810 921/1106/811
f 923/1107/812 929/1108/813 928/1104/809 922/1103/808
f 924/1109/814 930/1110/815 929/1108/813 923/1107/812
f 925/1111/816 931/1112/817 930/1110/815 924/1109/814
f 926/1113/818 932/1114/818 931/1112/817 925/1111/816
f 921/1106/811 927/1105/810 932/1115/819 926/1116/819
f 934/1117/820 940/1118/821 939/1119/822 933/1120/823
f 935/1121/824 941/1122/825 940/1118/821 934/1117/820
f 936/1123/826 942/1124/827 941/1122/825 935/1121/824
f 937/1125/828 943/1126/828 942/1124/827 936/1123/826
f 938/1127/829 944/1128/830 943/1129/831 937/1130/831
f 933/1120/823 939/1119/822 944/1128/830 938/1127/829
f 945/1131/832 954/1132/833 958/1133/834 956/1134/835
f 946/1135/836 955/1136/837 958/1133/834 954/1132/833
f 947/1137/838 956/1134/835 958/1133/834 955/1136/837
f 947/1137/838 955/1136/837 959/1138/839 950/1139/840
f 946/1135/836 957/1140/841 959/1138/839 955/1136/837
f 948/1141/842 950/1139/840 959/1138/839 957/1140/841
f 948/1141/842 957/1140/841 960/1142/843 952/1143/844
f 946/1135/836 951/1144/845 960/1142/843 957/1140/841
f 949/1145/846 952/1143/844 960/1142/843 951/1144/845
f 949/1145/846 951/1144/845 961/1146/847 953/1147/848
f 946/1135/836 954/1132/833 961/1146/847 951/1144/845
f 945/1131/832 953/1147/848 961/1146/847 954/1132/833
f 962/1148/849 971/1149/850 975/1150/851 973/1151/852
f 963/1152/853 972/1153/854 975/1150/851 971/1149/850
f 964/1154/855 973/1151/852 975/1150/851 972/1153/854
f 964/1154/855 972/1153/854 976/1155/856 967/1156/857
f 963/1152/853 974/1157/858 976/1155/856 972/1153/854
f 965/1158/859 967/1156/857 976/1155/856 974/1157/858
f 965/1158/859 974/1157/858 977/1159/860 969/1160/861
f 963/1152/853 968/1161/862 977/1159/860 974/1157/858
f 966/1162/863 969/1160/861 977/1159/860 968/1161/862
f 966/1162/863 968/1161/862 978/1163/864 970/1164/865
f 963/1152/853 971/1149/850 978/1163/864 968/1161/862
f 962/1148/849 970/1164/865 978/1163/864 971/1149/850
f 979/1165/866 988/1166/867 992/1167/868 990/1168/869
f 980/1169/870 989/1170/871 992/1167/868 988/1166/867
f 981/1171/872 990/1168/869 992/1167/868 989/1170/871
f 981/1171/872 989/1170/871 993/1172/873 984/1173/874
f 980/1169/870 991/1174/875 993/1172/873 989/1170/871
f 982/1175/876 984/1173/874 993/1172/873 991/1174/875
f 982/1175/876 991/1174/875 994/1176/877 986/1177/878
f 980/1169/870 985/1178/879 994/1176/877 991/1174/875
f 983/1179/880 986/1177/878 994/1176/877 985/1178/879
f 983/1179/880 985/1178/879 995/1180/881 987/1181/882
f 980/1169/870 988/1166/867 995/1180/881 985/1178/879
f 979/1165/866 987/1181/882 995/1180/881 988/1166/867
f 996/1182/883 1005/1183/884 1009/1184/885 1007/1185/886
f 997/1186/887 1006/1187/888 1009/1184/885 1005/1183/884
f 998/1188/889 1007/1185/886 1009/1184/885 1006/1187/888
f 998/1188/889 1006/1187/888 1010/1189/890 1001/1190/891
f 997/1186/887 1008/1191/892 1010/1189/890 1006/1187/888
f 999/1192/893 1001/1190/891 1010/1189/890 1008/1191/892
f 999/1192/893 1008/1191/892 1011/1193/894 1003/1194/895
f 997/1186/887 1002/1195/896 1011/1193/894 1008/1191/892
f 1000/1196/897 1003/1194/895 1011/1193/894 1002/1195/896
f 1000/1196/897 1002/1195/896 1012/1197/898 1004/1198/899
f 997/1186/887 1005/1183/884 1012/1197/898 1002/1195/896
f 996/1182/883 1004/1198/899 1012/1197/898 1005/1183/884
f 1013/1199/900 1022/1200/901 1026/1201/902 1024/1202/903
f 1014/1203/904 1023/1204/905 1026/1201/902 1022/1200/901
f 1015/1205/906 1024/1202/903 1026/1201/902 1023/1204/905
f 1015/1205/906 1023/1204/905 1027/1206/907 1018/1207/908
f 1014/1203/904 1025/1208/909 1027/1206/907 1023/1204/905
f 1016/1209/910 1018/1207/908 1027/1206/907 1025/1208/909
f 1016/1209/910 1025/1208/909 1028/1210/911 1020/1211/912
f 1014/1203/904 1019/1212/913 1028/1210/911 1025/1208/909
f 1017/1213/914 1020/1211/912 1028/1210/911 1019/1212/913
f 1017/1213/914 1019/1212/913 1029/1214/915 1021/1215/916
f 1014/1203/904 1022/1200/901 1029/1214/915 1019/1212/913
f 1013/1199/900 1021/1215/916 1029/1214/915 1022/1200/901
f 1030/1216/917 1039/1217/918 1043/1218/919 1041/1219/920
f 1031/1220/921 1040/1221/922 1043/1218/919 1039/1217/918
f 1032/1222/923 1041/1219/920 1043/1218/919 1040/1221/922
f 1032/1222/923 1040/1221/922 1044/1223/924 1035/1224/925
f 1031/1220/921 1042/1225/926 1044/1223/924 1040/1221/922
f 1033/1226/927 1035/1224/925 1044/1223/924 1042/1225/926
f 1033/1226/927 1042/1225/926 1045/1227/928 1037/1228/929
f 1031/1220/921 1036/1229/930 1045/1227/928 1042/1225/926
f 1034/1230/931 1037/1228/929 1045/1227/928 1036/1229/930
f 1034/1230/931 1036/1229/930 1046/1231/932 1038/1232/933
f 1031/1220/921 1039/1217/918 1046/1231/932 1036/1229/930
f 1030/1216/917 1038/1232/933 1046/1231/932 1039/1217/918
f 1047/1233/934 1056/1234/935 1060/1235/936 1058/1236/937
f 1048/1237/938 1057/1238/939 1060/1235/936 1056/1234/935
f 1049/1239/940 1058/1236/937 1060/1235/936 1057/1238/939
f 1049/1239/940 1057/1238/939 1061/1240/941 1052/1241/942
f 1048/1237/938 1059/1242/943 1061/1240/941 1057/1238/939
f 1050/1243/944 1052/1241/942 1061/1240/941 1059/1242/943
f 1050/1243/944 1059/1242/943 1062/1244/945 1054/1245/946
f 1048/1237/938 1053/1246/947 1062/1244/945 1059/1242/943
f 1051/1247/948 1054/1245/946 1062/1244/945 1053/1246/947
f 1051/1247/948 1053/1246/947 1063/1248/949 1055/1249/950
f 1048/1237/938 1056/1234/935 1063/1248/949 1053/1246/947
f 1047/1233/934 1055/1249/950 1063/1248/949 1056/1234/935
f 1065/1250/951 1073/1251/952 1072/1252/953 1064/1253/954
f 1066/1254/955 1074/1255/956 1073/1251/952 1065/1250/951
f 1067/1256/957 1075/1257/958 1074/1255/956 1066/1254/955
f 1068/1258/959 1076/1259/960 1075/1257/958 1067/1256/957
f 1069/1260/961 1077/1261/962 1076/1259/960 1068/1258/959
f 1070/1262/963 1078/1263/964 1077/1261/962 1069/1260/961
f 1071/1264/965 1079/1265/966 1078/1263/964 1070/1262/963
f 1064/1253/954 1072/1252/953 1079/1265/966 1071/1264/965
f 1072/1252/953 1073/1251/952 1081/1266/967 1080/1267/968
f 1073/1251/952 1074/1255/956 1082/1268/969 1081/1266/967
f 1074/1255/956 1075/1257/958 1083/1269/970 1082/1268/969
f 1075/1257/958 1076/1259/960 1084/1270/971 1083/1269/970
f 1076/1259/960 1077/1261/962 1085/1271/972 1084/1270/971
f 1077/1261/962 1078/1263/964 1086/1272/973 1085/1271/972
f 1078/1263/964 1079/1265/966 1087/1273/974 1086/1272/973
f 1079/1265/966 1072/1252/953 1080/1267/968 1087/1273/974
f 1081/1274/967 1089/1275/975 1088/1276/976 1080/1277/968
f 1082/1278/969 1090/1279/977 1089/1275/975 1081/1274/967
f 1083/1280/970 1091/1281/978 1090/1279/977 1082/1278/969
f 1084/1282/971 1092/1283/979 1091/1281/978 1083/1280/970
f 1085/1284/972 1093/1285/980 1092/1283/979 1084/1282/971
f 1086/1286/973 1094/1287/981 1093/1285/980 1085/1284/972
f 1087/1288/974 1095/1289/982 1094/1287/981 1086/1286/973
f 1080/1277/968 1088/1276/976 1095/1289/982 1087/1288/974
f 1088/1276/976 1089/1275/975 1097/1290/983 1096/1291/984
f 1089/1275/975 1090/1279/977 1098/1292/985 1097/1290/983
f 1090/1279/977 1091/1281/978 1099/1293/986 1098/1292/985
f 1091/1281/978 1092/1283/979 1100/1294/987 1099/1293/986
f 1092/1283/979 1093/1285/980 1101/1295/988 1100/1294/987
f 1093/1285/980 1094/1287/981 1102/1296/989 1101/1295/988
f 1094/1287/981 1095/1289/982 1103/1297/990 1102/1296/989
f 1095/1289/982 1088/1276/976 1096/1291/984 1103/1297/990
f 1065/1250/951 1064/1253/954 1104/1298/556
f 1066/1254/955 1065/1250/951 1104/1298/556
f 1067/1256/957 1066/1254/955 1104/1298/556
f 1068/1258/959 1067/1256/957 1104/1298/556
f 1069/1260/961 1068/1258/959 1104/1298/556
f 1070/1262/963 1069/1260/961 1104/1298/556
f 1071/1264/965 1070/1262/963 1104/1298/556
f 1064/1253/954 1071/1264/965 1104/1298/556
f 1096/1291/984 1097/1290/983 1105/1299/557
f 1097/1290/983 1098/1292/985 1105/1299/557
f 1098/1292/985 1099/1293/986 1105/1299/557
f 1099/1293/986 1100/1294/987 1105/1299/557
f 1100/1294/987 1101/1295/988 1105/1299/557
f 1101/1295/988 1102/1296/989 1105/1299/557
f 1102/1296/989 1103/1297/990 1105/1299/557
f 1103/1297/990 1096/1291/984 1105/1299/557
f 1106/1300/991 1107/1301/992 1115/1302/993 1114/1303/994
f 1107/1301/992 1108/1304/995 1116/1305/996 1115/1302/993
f 1108/1304/995 1109/1306/997 1117/1307/998 1116/1305/996
f 1109/1306/997 1110/1308/999 1118/1309/1000 1117/1307/998
f 1110/1308/999 1111/1310/1001 1119/1311/1002 1118/1309/1000
f 1111/1310/1001 1112/1312/1003 1120/1313/1004 1119/1311/1002
f 1112/1312/1003 1113/1314/1005 1121/1315/1006 1120/1313/1004
f 1113/1314/1005 1106/1300/991 1114/1303/994 1121/1315/1006
f 1114/1316/1007 1115/1317/1008 1123/1318/1009 1122/1319/1010
f 1115/1317/1008 1116/1320/1011 1124/1321/1012 1123/1318/1009
f 1116/1320/1011 1117/1322/1013 1125/1323/1014 1124/1321/1012
f 1117/1322/1013 1118/1324/1015 1126/1325/1016 1125/1323/1014
f 1118/1324/1015 1119/1326/1017 1127/1327/1018 1126/1325/1016
f 1119/1328/1019 1120/1329/1020 1128/1330/1021 1127/1331/1022
f 1120/1329/1020 1121/1332/1023 1129/1333/1024 1128/1330/1021
f 1121/1332/1023 1114/1316/1007 1122/1319/1010 1129/1333/1024
f 1122/1319/1010 1123/1318/1009 1131/1334/1025 1130/1335/1026
f 1123/1318/1009 1124/1321/1012 1132/1336/1027 1131/1334/1025
f 1124/1321/1012 1125/1323/1014 1133/1337/1028 1132/1336/1027
f 1125/1323/1014 1126/1325/1016 1134/1338/1029 1133/1337/1028
f 1126/1325/1016 1127/1327/1018 1135/1339/1030 1134/1338/1029
f 1127/1331/1022 1128/1330/1021 1136/1340/1031 1135/1341/1032
f 1128/1330/1021 1129/1333/1024 1137/1342/1033 1136/1340/1031
f 1129/1333/1024 1122/1319/1010 1130/1335/1026 1137/1342/1033
f 1130/1335/1026 1131/1334/1025 1139/1343/1034 1138/1344/1035
f 1131/1334/1025 1132/1336/1027 1140/1345/1036 1139/1343/1034
f 1132/1336/1027 1133/1337/1028 1141/1346/1037 1140/1345/1036
f 1133/1337/1028 1134/1338/1029 1142/1347/1038 1141/1346/1037
f 1134/1338/1029 1135/1339/1030 1143/1348/1039 1142/1347/1038
f 1135/1341/1032 1136/1340/1031 1144/1349/1040 1143/1350/1041
f 1136/1340/1031 1137/1342/1033 1145/1351/1042 1144/1349/1040
f 1137/1342/1033 1130/1335/1026 1138/1344/1035 1145/1351/1042
f 1138/1344/1035 1139/1343/1034 1147/1352/1043 1146/1353/1044
f 1139/1343/1034 1140/1345/1036 1148/1354/1045 1147/1352/1043
f 1140/1345/1036 1141/1346/1037 1149/1355/1046 1148/1354/1045
f 1141/1346/1037 1142/1347/1038 1150/1356/1047 1149/1355/1046
f 1142/1347/1038 1143/1348/1039 1151/1357/1048 1150/1356/1047
f 1143/1350/1041 1144/1349/1040 1152/1358/1049 1151/1359/1050
f 1144/1349/1040 1145/1351/1042 1153/1360/1051 1152/1358/1049
f 1145/1351/1042 1138/1344/1035 1146/1353/1044 1153/1360/1051
f 1146/1361/1052 1147/1362/1053 1155/1363/1054 1154/1364/1055
f 1147/1362/1053 1148/1365/1056 1156/1366/1057 1155/1363/1054
f 1148/1365/1056 1149/1367/1058 1157/1368/1059 1156/1366/1057
f 1149/1367/1058 1150/1369/1060 1158/1370/1061 1157/1368/1059
f 1150/1369/1060 1151/1371/1062 1159/1372/1063 1158/1370/1061
f 1151/1371/1062 1152/1373/1064 1160/1374/1065 1159/1372/1063
f 1152/1373/1064 1153/1375/1066 1161/1376/1067 1160/1374/1065
f 1153/1375/1066 1146/1361/1052 1154/1364/1055 1161/1376/1067
f 1107/1301/992 1106/1300/991 1162/1377/1068
f 1108/1304/995 1107/1301/992 1162/1377/1068
f 1109/1306/997 1108/1304/995 1162/1377/1068
f 1110/1308/999 1109/1306/997 1162/1377/1068
f 1111/1310/1001 1110/1308/999 1162/1377/1068
f 1112/1312/1003 1111/1310/1001 1162/1377/1068
f 1113/1314/1005 1112/1312/1003 1162/1377/1068
f 1106/1300/991 1113/1314/1005 1162/1377/1068
f 1154/1364/1055 1155/1363/1054 1163/1378/1069
f 1155/1363/1054 1156/1366/1057 1163/1378/1069
f 1156/1366/1057 1157/1368/1059 1163/1378/1069
f 1157/1368/1059 1158/1370/1061 1163/1378/1069
f 1158/1370/1061 1159/1372/1063 1163/1378/1069
f 1159/1372/1063 1160/1374/1065 1163/1378/1069
f 1160/1374/1065 1161/1376/1067 1163/1378/1069
f 1161/1376/1067 1154/1364/1055 1163/1378/1069
f 1164/1379/1070 1165/1380/1071 1173/1381/1072 1172/1382/1073
f 1165/1380/1071 1166/1383/1074 1174/1384/1075 1173/1381/1072
f 1166/1383/1074 1167/1385/1076 1175/1386/1077 1174/1384/1075
f 1167/1385/1076 1168/1387/1078 1176/1388/1079 1175/1386/1077
f 1168/1387/1078 1169/1389/1080 1177/1390/1081 1176/1388/1079
f 1169/1389/1080 1170/1391/1082 1178/1392/1083 1177/1390/1081
f 1170/1391/1082 1171/1393/1084 1179/1394/1085 1178/1392/1083
f 1171/1393/1084 1164/1379/1070 1172/1382/1073 1179/1394/1085
f 1172/1382/1073 1173/1381/1072 1181/1395/1086 1180/1396/1087
f 1173/1381/1072 1174/1384/1075 1182/1397/1088 1181/1395/1086
f 1174/1384/1075 1175/1386/1077 1183/1398/1089 1182/1397/1088
f 1175/1386/1077 1176/1388/1079 1184/1399/1090 1183/1398/1089
f 1176/1388/1079 1177/1390/1081 1185/1400/1091 1184/1399/1090
f 1177/1390/1081 1178/1392/1083 1186/1401/1092 1185/1400/1091
f 1178/1392/1083 1179/1394/1085 1187/1402/1093 1186/1401/1092
f 1179/1394/1085 1172/1382/1073 1180/1396/1087 1187/1402/1093
f 1180/1403/1094 1181/1404/1095 1189/1405/1096 1188/1406/1097
f 1181/1404/1095 1182/1407/1098 1190/1408/1099 1189/1405/1096
f 1182/1407/1098 1183/1409/1100 1191/1410/1101 1190/1408/1099
f 1183/1409/1100 1184/1411/1102 1192/1412/1103 1191/1410/1101
f 1184/1411/1102 1185/1413/1104 1193/1414/1105 1192/1412/1103
f 1185/1413/1104 1186/1415/1106 1194/1416/1107 1193/1414/1105
f 1186/1415/1106 1187/1417/1108 1195/1418/1109 1194/1416/1107
f 1187/1417/1108 1180/1403/1094 1188/1406/1097 1195/1418/1109
f 1188/1406/1097 1189/1405/1096 1197/1419/1110 1196/1420/1111
f 1189/1405/1096 1190/1408/1099 1198/1421/1112 1197/1419/1110
f 1190/1408/1099 1191/1410/1101 1199/1422/1113 1198/1421/1112
f 1191/1410/1101 1192/1412/1103 1200/1423/1114 1199/1422/1113
f 1192/1412/1103 1193/1414/1105 1201/1424/1115 1200/1423/1114
f 1193/1414/1105 1194/1416/1107 1202/1425/1116 1201/1424/1115
f 1194/1416/1107 1195/1418/1109 1203/1426/1117 1202/1425/1116
f 1195/1418/1109 1188/1406/1097 1196/1420/1111 1203/1426/1117
f 1196/1420/1111 1197/1419/1110 1204/1427/1118
f 1197/1419/1110 1198/1421/1112 1204/1427/1118
f 1198/1421/1112 1199/1422/1113 1204/1427/1118
f 1199/1422/1113 1200/1423/1114 1204/1427/1118
f 1200/1423/1114 1201/1424/1115 1204/1427/1118
f 1201/1424/1115 1202/1425/1116 1204/1427/1118
f 1202/1425/1116 1203/1426/1117 1204/1427/1118
f 1203/1426/1117 1196/1420/1111 1204/1427/1118
f 1165/1380/1071 1164/1379/1070 1205/1428/1119
f 1166/1383/1074 1165/1380/1071 1205/1428/1119
f 1167/1385/1076 1166/1383/1074 1205/1428/1119
f 1168/1387/1078 1167/1385/1076 1205/1428/1119
f 1169/1389/1080 1168/1387/1078 1205/1428/1119
f 1170/1391/1082 1169/1389/1080 1205/1428/1119
f 1171/1393/1084 1170/1391/1082 1205/1428/1119
f 1164/1379/1070 1171/1393/1084 1205/1428/1119
f 1206/1429/1120 1207/1430/1121 1215/1431/1122 1214/1432/1123
f 1207/1430/1121 1208/1433/1124 1216/1434/1125 1215/1431/1122
f 1208/1433/1124 1209/1435/1126 1217/1436/1127 1216/1434/1125
f 1209/1435/1126 1210/1437/1128 1218/1438/1129 1217/1436/1127
f 1210/1437/1128 1211/1439/1130 1219/1440/1131 1218/1438/1129
f 1211/1439/1130 1212/1441/1132 1220/1442/1133 1219/1440/1131
f 1212/1441/1132 1213/1443/1134 1221/1444/1135 1220/1442/1133
f 1213/1443/1134 1206/1429/1120 1214/1432/1123 1221/1444/1135
f 1214/1432/1123 1215/1431/1122 1223/1445/1136 1222/1446/1137
f 1215/1431/1122 1216/1434/1125 1224/1447/1138 1223/1445/1136
f 1216/1434/1125 1217/1436/1127 1225/1448/1139 1224/1447/1138
f 1217/1436/1127 1218/1438/1129 1226/1449/1140 1225/1448/1139
f 1218/1438/1129 1219/1440/1131 1227/1450/1141 1226/1449/1140
f 1219/1440/1131 1220/1442/1133 1228/1451/1142 1227/1450/1141
f 1220/1442/1133 1221/1444/1135 1229/1452/1143 1228/1451/1142
f 1221/1444/1135 1214/1432/1123 1222/1446/1137 1229/1452/1143
f 1222/1446/1137 1223/1445/1136 1231/1453/1144 1230/1454/1145
f 1223/1445/1136 1224/1447/1138 1232/1455/1146 1231/1453/1144
f 1224/1447/1138 1225/1448/1139 1233/1456/1147 1232/1455/1146
f 1225/1448/1139 1226/1449/1140 1234/1457/1148 1233/1456/1147
f 1226/1449/1140 1227/1450/1141 1235/1458/1149 1234/1457/1148
f 1227/1450/1141 1228/1451/1142 1236/1459/1150 1235/1458/1149
f 1228/1451/1142 1229/1452/1143 1237/1460/1151 1236/1459/1150
f 1229/1452/1143 1222/1446/1137 1230/1454/1145 1237/1460/1151
f 1230/1461/1145 1231/1462/1144 1239/1463/1152 1238/1464/1153
f 1231/1462/1144 1232/1465/1146 1240/1466/1154 1239/1463/1152
f 1232/1465/1146 1233/1467/1147 1241/1468/1155 1240/1466/1154
f 1233/1467/1147 1234/1469/1148 1242/1470/1156 1241/1468/1155
f 1234/1469/1148 1235/1471/1149 1243/1472/1157 1242/1470/1156
f 1235/1471/1149 1236/1473/1150 1244/1474/1158 1243/1472/1157
f 1236/1473/1150 1237/1475/1151 1245/1476/1159 1244/1474/1158
f 1237/1475/1151 1230/1461/1145 1238/1464/1153 1245/1476/1159
f 1238/1464/1153 1239/1463/1152 1247/1477/1160 1246/1478/1161
f 1239/1463/1152 1240/1466/1154 1248/1479/1162 1247/1477/1160
f 1240/1466/1154 1241/1468/1155 1249/1480/1163 1248/1479/1162
f 1241/1468/1155 1242/1470/1156 1250/1481/1164 1249/1480/1163
f 1242/1470/1156 1243/1472/1157 1251/1482/1165 1250/1481/1164
f 1243/1472/1157 1244/1474/1158 1252/1483/1166 1251/1482/1165
f 1244/1474/1158 1245/1476/1159 1253/1484/1167 1252/1483/1166
f 1245/1476/1159 1238/1464/1153 1246/1478/1161 1253/1484/1167
f 1246/1478/1161 1247/1477/1160 1255/1485/1168 1254/1486/1169
f 1247/1477/1160 1248/1479/1162 1256/1487/1170 1255/1485/1168
f 1248/1479/1162 1249/1480/1163 1257/1488/1171 1256/1487/1170
f 1249/1480/1163 1250/1481/1164 1258/1489/1172 1257/1488/1171
f 1250/1481/1164 1251/1482/1165 1259/1490/1173 1258/1489/1172
f 1251/1482/1165 1252/1483/1166 1260/1491/1174 1259/1490/1173
f 1252/1483/1166 1253/1484/1167 1261/1492/1175 1260/1491/1174
f 1253/1484/1167 1246/1478/1161 1254/1486/1169 1261/1492/1175
f 1207/1430/1121 1206/1429/1120 1262/1493/1176
f 1208/1433/1124 1207/1430/1121 1262/1493/1176
f 1209/1435/1126 1208/1433/1124 1262/1493/1176
f 1210/1437/1128 1209/1435/1126 1262/1493/1176
f 1211/1439/1130 1210/1437/1128 1262/1493/1176
f 1212/1441/1132 1211/1439/1130 1262/1493/1176
f 1213/1443/1134 1212/1441/1132 1262/1493/1176
f 1206/1429/1120 1213/1443/1134 1262/1493/1176
f 1254/1486/1169 1255/1485/1168 1263/1494/1177
f 1255/1485/1168 1256/1487/1170 1263/1494/1177
f 1256/1487/1170 1257/1488/1171 1263/1494/1177
f 1257/1488/1171 1258/1489/1172 1263/1494/1177
f 1258/1489/1172 1259/1490/1173 1263/1494/1177
f 1259/1490/1173 1260/1491/1174 1263/1494/1177
f 1260/1491/1174 1261/1492/1175 1263/1494/1177
f 1261/1492/1175 1254/1486/1169 1263/1494/1177
f 1264/1495/1178 1265/1496/1179 1273/1497/1180 1272/1498/1181
f 1265/1496/1179 1266/1499/1182 1274/1500/1183 1273/1497/1180
f 1266/1499/1182 1267/1501/1184 1275/1502/1185 1274/1500/1183
f 1267/1501/1184 1268/1503/1186 1276/1504/1187 1275/1502/1185
f 1268/1503/1186 1269/1505/1188 1277/1506/1189 1276/1504/1187
f 1269/1505/1188 1270/1507/1190 1278/1508/1191 1277/1506/1189
f 1270/1507/1190 1271/1509/1192 1279/1510/1193 1278/1508/1191
f 1271/1509/1192 1264/1495/1178 1272/1498/1181 1279/1510/1193
f 1272/1498/1181 1273/1497/1180 1281/1511/1194 1280/1512/1195
f 1273/1497/1180 1274/1500/1183 1282/1513/1196 1281/1511/1194
f 1274/1500/1183 1275/1502/1185 1283/1514/1197 1282/1513/1196
f 1275/1502/1185 1276/1504/1187 1284/1515/1198 1283/1514/1197
f 1276/1504/1187 1277/1506/1189 1285/1516/1199 1284/1515/1198
f 1277/1506/1189 1278/1508/1191 1286/1517/1200 1285/1516/1199
f 1278/1508/1191 1279/1510/1193 1287/1518/1201 1286/1517/1200
f 1279/1510/1193 1272/1498/1181 1280/1512/1195 1287/1518/1201
f 1280/1512/1195 1281/1511/1194 1289/1519/1202 1288/1520/1203
f 1281/1511/1194 1282/1513/1196 1290/1521/1204 1289/1519/1202
f 1282/1513/1196 1283/1514/1197 1291/1522/1205 1290/1521/1204
f 1283/1514/1197 1284/1515/1198 1292/1523/1206 1291/1522/1205
f 1284/1515/1198 1285/1516/1199 1293/1524/1207 1292/1523/1206
f 1285/1516/1199 1286/1517/1200 1294/1525/1208 1293/1524/1207
f 1286/1517/1200 1287/1518/1201 1295/1526/1209 1294/1525/1208
f 1287/1518/1201 1280/1512/1195 1288/1520/1203 1295/1526/1209
f 1288/1520/1203 1289/1519/1202 1297/1527/1210 1296/1528/1211
f 1289/1519/1202 1290/1521/1204 1298/1529/1212 1297/1527/1210
f 1290/1521/1204 1291/1522/1205 1299/1530/1213 1298/1529/1212
f 1291/1522/1205 1292/1523/1206 1300/1531/1214 1299/1530/1213
f 1292/1523/1206 1293/1524/1207 1301/1532/1215 1300/1531/1214
f 1293/1524/1207 1294/1525/1208 1302/1533/1216 1301/1532/1215
f 1294/1525/1208 1295/1526/1209 1303/1534/1217 1302/1533/1216
f 1295/1526/1209 1288/1520/1203 1296/1528/1211 1303/1534/1217
f 1296/1535/1218 1297/1536/1219 1305/1537/1220 1304/1538/1221
f 1297/1536/1219 1298/1539/1222 1306/1540/1223 1305/1537/1220
f 1298/1539/1222 1299/1541/1224 1307/1542/1225 1306/1540/1223
f 1299/1541/1224 1300/1543/1226 1308/1544/1227 1307/1542/1225
f 1300/1543/1226 1301/1545/1228 1309/1546/1229 1308/1544/1227
f 1301/1545/1228 1302/1547/1230 1310/1548/1231 1309/1546/1229
f 1302/1547/1230 1303/1549/1232 1311/1550/1233 1310/1548/1231
f 1303/1549/1232 1296/1535/1218 1304/1538/1221 1311/1550/1233
f 1304/1538/1221 1305/1537/1220 1313/1551/1234 1312/1552/1235
f 1305/1537/1220 1306/1540/1223 1314/1553/1236 1313/1551/1234
f 1306/1540/1223 1307/1542/1225 1315/1554/1237 1314/1553/1236
f 1307/1542/1225 1308/1544/1227 1316/1555/1238 1315/1554/1237
f 1308/1544/1227 1309/1546/1229 1317/1556/1239 1316/1555/1238
f 1309/1546/1229 1310/1548/1231 1318/1557/1240 1317/1556/1239
f 1310/1548/1231 1311/1550/1233 1319/1558/1241 1318/1557/1240
f 1311/1550/1233 1304/1538/1221 1312/1552/1235 1319/1558/1241
f 1265/1496/1179 1264/1495/1178 1320/1559/1242
f 1266/1499/1182 1265/1496/1179 1320/1559/1242
f 1267/1501/1184 1266/1499/1182 1320/1559/1242
f 1268/1503/1186 1267/1501/1184 1320/1559/1242
f 1269/1505/1188 1268/1503/1186 1320/1559/1242
f 1270/1507/1190 1269/1505/1188 1320/1559/1242
f 1271/1509/1192 1270/1507/1190 1320/1559/1242
f 1264/1495/1178 1271/1509/1192 1320/1559/1242
f 1312/1552/1235 1313/1551/1234 1321/1560/1243
f 1313/1551/1234 1314/1553/1236 1321/1560/1243
f 1314/1553/1236 1315/1554/1237 1321/1560/1243
f 1315/1554/1237 1316/1555/1238 1321/1560/1243
f 1316/1555/1238 1317/1556/1239 1321/1560/1243
f 1317/1556/1239 1318/1557/1240 1321/1560/1243
f 1318/1557/1240 1319/1558/1241 1321/1560/1243
f 1319/1558/1241 1312/1552/1235 1321/1560/1243
f 1322/1561/1178 1323/1562/1179 1331/1563/1180 1330/1564/1181
f 1323/1562/1179 1324/1565/1182 1332/1566/1183 1331/1563/1180
f 1324/1565/1182 1325/1567/1184 1333/1568/1185 1332/1566/1183
f 1325/1567/1184 1326/1569/1186 1334/1570/1187 1333/1568/1185
f 1326/1569/1186 1327/1571/1188 1335/1572/1189 1334/1570/1187
f 1327/1571/1188 1328/1573/1190 1336/1574/1191 1335/1572/1189
f 1328/1573/1190 1329/1575/1192 1337/1576/1193 1336/1574/1191
f 1329/1575/1192 1322/1561/1178 1330/1564/1181 1337/1576/1193
f 1330/1564/1181 1331/1563/1180 1339/1577/1194 1338/1578/1195
f 1331/1563/1180 1332/1566/1183 1340/1579/1196 1339/1577/1194
f 1332/1566/1183 1333/1568/1185 1341/1580/1197 1340/1579/1196
f 1333/1568/1185 1334/1570/1187 1342/1581/1198 1341/1580/1197
f 1334/1570/1187 1335/1572/1189 1343/1582/1199 1342/1581/1198
f 1335/1572/1189 1336/1574/1191 1344/1583/1200 1343/1582/1199
f 1336/1574/1191 1337/1576/1193 1345/1584/1201 1344/1583/1200
f 1337/1576/1193 1330/1564/1181 1338/1578/1195 1345/1584/1201
f 1338/1578/1195 1339/1577/1194 1347/1585/1244 1346/1586/1245
f 1339/1577/1194 1340/1579/1196 1348/1587/1246 1347/1585/1244
f 1340/1579/1196 1341/1580/1197 1349/1588/1247 1348/1587/1246
f 1341/1580/1197 1342/1581/1198 1350/1589/1248 1349/1588/1247
f 1342/1581/1198 1343/1582/1199 1351/1590/1249 1350/1589/1248
f 1343/1582/1199 1344/1583/1200 1352/1591/1250 1351/1590/1249
f 1344/1583/1200 1345/1584/1201 1353/1592/1251 1352/1591/1250
f 1345/1584/1201 1338/1578/1195 1346/1586/1245 1353/1592/1251
f 1346/1593/1252 1347/1594/1253 1355/1595/1254 1354/1596/1255
f 1347/1594/1253 1348/1597/1256 1356/1598/1257 1355/1595/1254
f 1348/1597/1256 1349/1599/1258 1357/1600/1259 1356/1598/1257
f 1349/1599/1258 1350/1601/1260 1358/1602/1261 1357/1600/1259
f 1350/1601/1260 1351/1603/1262 1359/1604/1263 1358/1602/1261
f 1351/1603/1262 1352/1605/1264 1360/1606/1265 1359/1604/1263
f 1352/1605/1264 1353/1607/1266 1361/1608/1267 1360/1606/1265
f 1353/1607/1266 1346/1593/1252 1354/1596/1255 1361/1608/1267
f 1354/1596/1255 1355/1595/1254 1363/1609/1220 1362/1610/1221
f 1355/1595/1254 1356/1598/1257 1364/1611/1223 1363/1609/1220
f 1356/1598/1257 1357/1600/1259 1365/1612/1225 1364/1611/1223
f 1357/1600/1259 1358/1602/1261 1366/1613/1227 1365/1612/1225
f 1358/1602/1261 1359/1604/1263 1367/1614/1229 1366/1613/1227
f 1359/1604/1263 1360/1606/1265 1368/1615/1231 1367/1614/1229
f 1360/1606/1265 1361/1608/1267 1369/1616/1233 1368/1615/1231
f 1361/1608/1267 1354/1596/1255 1362/1610/1221 1369/1616/1233
f 1362/1610/1221 1363/1609/1220 1371/1617/1234 1370/1618/1235
f 1363/1609/1220 1364/1611/1223 1372/1619/1236 1371/1617/1234
f 1364/1611/1223 1365/1612/1225 1373/1620/1237 1372/1619/1236
f 1365/1612/1225 1366/1613/1227 1374/1621/1238 1373/1620/1237
f 1366/1613/1227 1367/1614/1229 1375/1622/1239 1374/1621/1238
f 1367/1614/1229 1368/1615/1231 1376/1623/1240 1375/1622/1239
f 1368/1615/1231 1369/1616/1233 1377/1624/1241 1376/1623/1240
f 1369/1616/1233 1362/1610/1221 1370/1618/1235 1377/1624/1241
f 1323/1562/1179 1322/1561/1178 1378/1625/1242
f 1324/1565/1182 1323/1562/1179 1378/1625/1242
f 1325/1567/1184 1324/1565/1182 1378/1625/1242
f 1326/1569/1186 1325/1567/1184 1378/1625/1242
f 1327/1571/1188 1326/1569/1186 1378/1625/1242
f 1328/1573/1190 1327/1571/1188 1378/1625/1242
f 1329/1575/1192 1328/1573/1190 1378/1625/1242
f 1322/1561/1178 1329/1575/1192 1378/1625/1242
f 1370/1618/1235 1371/1617/1234 1379/1626/1243
f 1371/1617/1234 1372/1619/1236 1379/1626/1243
f 1372/1619/1236 1373/1620/1237 1379/1626/1243
f 1373/1620/1237 1374/1621/1238 1379/1626/1243
f 1374/1621/1238 1375/1622/1239 1379/1626/1243
f 1375/1622/1239 1376/1623/1240 1379/1626/1243
f 1376/1623/1240 1377/1624/1241 1379/1626/1243
f 1377/1624/1241 1370/1618/1235 1379/1626/1243
o pCylinder66
v 0.129767 0.018416 17.115623
v 0.074921 0.018416 17.060778
v 0.000000 0.018416 17.040703
v -0.074921 0.018416 17.060778
v -0.129767 0.018416 17.115623
v -0.149842 0.018416 17.190544
v -0.129767 0.018416 17.265465
v -0.074921 0.018416 17.320311
v 0.000000 0.018416 17.340385
v 0.074921 0.018416 17.320311
v 0.129767 0.018416 17.265465
v 0.149842 0.018416 17.190544
v 0.183948 0.117319 17.084343
v 0.106202 0.117319 17.006598
v 0.000000 0.117319 16.978140
v -0.106202 0.117319 17.006598
v -0.183948 0.117319 17.084343
v -0.212404 0.117319 17.190544
v -0.183948 0.117319 17.296747
v -0.106202 0.117319 17.374491
v 0.000000 0.117319 17.402948
v 0.106202 0.117319 17.374491
v 0.183948 0.117319 17.296747
v 0.212404 0.117319 17.190544
v 0.170937 0.067867 17.091854
v 0.197381 0.067867 17.190544
v 0.170937 0.067868 17.289234
v 0.098690 0.067868 17.361481
v 0.000000 0.067868 17.387924
v -0.098690 0.067868 17.361481
v -0.170937 0.067868 17.289234
v -0.197381 0.067867 17.190544
v -0.170937 0.067867 17.091854
v -0.098690 0.067867 17.019608
v 0.000000 0.067867 16.993164
v 0.098690 0.067867 17.019608
v 0.164605 0.169014 17.095509
v 0.095035 0.169014 17.025938
v 0.000000 0.169014 17.000473
v -0.095035 0.169014 17.025938
v -0.164605 0.169014 17.095509
v -0.190070 0.169014 17.190544
v -0.164605 0.169014 17.285580
v -0.095035 0.169014 17.355150
v 0.000000 0.169014 17.380613
v 0.095035 0.169014 17.355150
v 0.164605 0.169014 17.285580
v 0.190070 0.169014 17.190544
v 0.164605 0.203957 17.095509
v 0.095035 0.203957 17.025938
v 0.000000 0.203957 17.000473
v -0.095035 0.203957 17.025938
v -0.164605 0.203957 17.095509
v -0.190070 0.203957 17.190544
v -0.164605 0.203957 17.285580
v -0.095035 0.203957 17.355150
v 0.000000 0.203957 17.380613
v 0.095035 0.203957 17.355150
v 0.164605 0.203957 17.285580
v 0.190070 0.203957 17.190544
v 0.180256 0.239498 17.086473
v 0.104071 0.239498 17.010288
v 0.000000 0.239498 16.982403
v -0.104071 0.239498 17.010288
v -0.180256 0.239498 17.086473
v -0.208141 0.239498 17.190544
v -0.180256 0.239498 17.294615
v -0.104071 0.239498 17.370800
v 0.000000 0.239498 17.398685
v 0.104071 0.239498 17.370800
v 0.180256 0.239498 17.294615
v 0.208141 0.239498 17.190544
v 0.180256 0.270517 17.086473
v 0.104071 0.270517 17.010288
v 0.000000 0.270517 16.982403
v -0.104071 0.270517 17.010288
v -0.180256 0.270517 17.086473
v -0.208141 0.270517 17.190544
v -0.180256 0.270517 17.294615
v -0.104071 0.270517 17.370800
v 0.000000 0.270517 17.398685
v 0.104071 0.270517 17.370800
v 0.180256 0.270517 17.294615
v 0.208141 0.270517 17.190544
v 0.172876 0.277680 17.090734
v 0.099810 0.277680 17.017668
v 0.000000 0.277680 16.990925
v -0.099810 0.277680 17.017668
v -0.172876 0.277680 17.090734
v -0.199620 0.277680 17.190544
v -0.172876 0.277680 17.290354
v -0.099810 0.277680 17.363420
v 0.000000 0.277680 17.390163
v 0.099810 0.277680 17.363420
v 0.172876 0.277680 17.290354
v 0.199620 0.277680 17.190544
v 0.164409 0.269629 17.095623
v 0.094921 0.269629 17.026134
v 0.000000 0.269629 17.000702
v -0.094921 0.269629 17.026134
v -0.164409 0.269629 17.095623
v -0.189843 0.269629 17.190544
v -0.164409 0.269629 17.285465
v -0.094921 0.269629 17.354952
v 0.000000 0.269629 17.380386
v 0.094921 0.269629 17.354952
v 0.164409 0.269629 17.285465
v 0.189843 0.269629 17.190544
v -0.000000 0.169014 17.190544
v 0.110240 0.169014 17.126898
v 0.063647 0.169014 17.080303
v -0.000000 0.169014 17.063250
v -0.063647 0.169014 17.080303
v -0.110240 0.169014 17.126898
v -0.127294 0.169014 17.190544
v -0.110240 0.169014 17.254192
v -0.063647 0.169014 17.300785
v -0.000000 0.169014 17.317839
v 0.063647 0.169014 17.300785
v 0.110240 0.169014 17.254192
v 0.127294 0.169014 17.190544
vn 0.6243 -0.6930 -0.3605
vn 0.3605 -0.6930 -0.6243
vn 0.4329 -0.5005 -0.7498
vn 0.7498 -0.5005 -0.4329
vn -0.0000 -0.6930 -0.7209
vn -0.0000 -0.5005 -0.8657
vn -0.3605 -0.6930 -0.6243
vn -0.4329 -0.5005 -0.7498
vn -0.6243 -0.6930 -0.3605
vn -0.7498 -0.5005 -0.4329
vn -0.7209 -0.6930 -0.0000
vn -0.8657 -0.5005 -0.0000
vn -0.6243 -0.6930 0.3605
vn -0.7498 -0.5005 0.4329
vn -0.3605 -0.6930 0.6243
vn -0.4329 -0.5005 0.7498
vn -0.0000 -0.6930 0.7209
vn -0.0000 -0.5005 0.8657
vn 0.3605 -0.6930 0.6243
vn 0.4329 -0.5005 0.7498
vn 0.6243 -0.6930 0.3605
vn 0.7498 -0.5005 0.4329
vn 0.7209 -0.6930 -0.0000
vn 0.8657 -0.5005 -0.0000
vn 0.8642 0.0654 -0.4989
vn 0.9979 0.0654 -0.0000
vn 0.8642 0.0654 0.4989
vn 0.4989 0.0654 0.8642
vn -0.0000 0.0654 0.9979
vn -0.4989 0.0654 0.8642
vn -0.8642 0.0654 0.4989
vn -0.9979 0.0654 -0.0000
vn -0.8642 0.0654 -0.4989
vn -0.4989 0.0654 -0.8642
vn -0.0000 0.0654 -0.9979
vn 0.4989 0.0654 -0.8642
vn 0.4827 0.2608 -0.8361
vn 0.8361 0.2608 -0.4827
vn -0.0000 0.2608 -0.9654
vn -0.4827 0.2608 -0.8361
vn -0.8361 0.2608 -0.4827
vn -0.9654 0.2608 -0.0000
vn -0.8361 0.2608 0.4827
vn -0.4827 0.2608 0.8361
vn -0.0000 0.2608 0.9654
vn 0.4827 0.2608 0.8361
vn 0.8361 0.2608 0.4827
vn 0.9654 0.2608 -0.0000
vn 0.4825 -0.2620 -0.8358
vn 0.8358 -0.2620 -0.4825
vn -0.0000 -0.2620 -0.9651
vn -0.4825 -0.2620 -0.8358
vn -0.8358 -0.2620 -0.4825
vn -0.9651 -0.2620 -0.0000
vn -0.8358 -0.2620 0.4825
vn -0.4825 -0.2620 0.8358
vn -0.0000 -0.2620 0.9651
vn 0.4825 -0.2620 0.8358
vn 0.8358 -0.2620 0.4825
vn 0.9651 -0.2620 -0.0000
vn 0.4844 -0.2480 -0.8390
vn 0.8390 -0.2480 -0.4844
vn -0.0000 -0.2480 -0.9688
vn -0.4844 -0.2480 -0.8390
vn -0.8390 -0.2480 -0.4844
vn -0.9688 -0.2480 -0.0000
vn -0.8390 -0.2480 0.4844
vn -0.4844 -0.2480 0.8390
vn -0.0000 -0.2480 0.9688
vn 0.4844 -0.2480 0.8390
vn 0.8390 -0.2480 0.4844
vn 0.9688 -0.2480 -0.0000
vn 0.5000 -0.0000 -0.8660
vn 0.8660 -0.0000 -0.5000
vn -0.0000 -0.0000 -1.0000
vn -0.5000 -0.0000 -0.8660
vn -0.8660 -0.0000 -0.5000
vn -1.0000 -0.0000 -0.0000
vn -0.8660 -0.0000 0.5000
vn -0.5000 -0.0000 0.8660
vn -0.0000 -0.0000 1.0000
vn 0.5000 -0.0000 0.8660
vn 0.8660 -0.0000 0.5000
vn 1.0000 -0.0000 -0.0000
vn 0.5572 0.7655 -0.3217
vn 0.3217 0.7655 -0.5572
vn 0.0384 0.9970 -0.0666
vn 0.0666 0.9970 -0.0384
vn -0.0000 0.7655 -0.6434
vn -0.0000 0.9970 -0.0769
vn -0.3217 0.7655 -0.5572
vn -0.0384 0.9970 -0.0666
vn -0.5572 0.7655 -0.3217
vn -0.0666 0.9970 -0.0384
vn -0.6434 0.7655 -0.0000
vn -0.0769 0.9970 -0.0000
vn -0.5572 0.7655 0.3217
vn -0.0666 0.9970 0.0384
vn -0.3217 0.7655 0.5572
vn -0.0384 0.9970 0.0665
vn -0.0000 0.7655 0.6434
vn -0.0000 0.9970 0.0769
vn 0.3217 0.7655 0.5572
vn 0.0384 0.9970 0.0665
vn 0.5572 0.7655 0.3217
vn 0.0666 0.9970 0.0384
vn 0.6434 0.7655 -0.0000
vn 0.0769 0.9970 -0.0000
vn -0.3178 0.7720 0.5505
vn -0.5505 0.7720 0.3178
vn -0.0000 0.7720 0.6356
vn 0.3178 0.7720 0.5505
vn 0.5505 0.7720 0.3178
vn 0.6356 0.7720 -0.0000
vn 0.5505 0.7720 -0.3178
vn 0.3178 0.7720 -0.5505
vn -0.0000 0.7720 -0.6356
vn -0.3178 0.7720 -0.5505
vn -0.5505 0.7720 -0.3178
vn -0.6356 0.7720 -0.0000
vn -0.7355 0.5280 0.4246
vn -0.8493 0.5280 -0.0000
vn -0.4246 0.5280 0.7355
vn -0.0000 0.5280 0.8493
vn 0.4246 0.5280 0.7355
vn 0.7355 0.5280 0.4246
vn 0.8493 0.5280 -0.0000
vn 0.7355 0.5280 -0.4246
vn 0.4246 0.5280 -0.7355
vn -0.0000 0.5280 -0.8493
vn -0.4246 0.5280 -0.7355
vn -0.7355 0.5280 -0.4246
vn -0.0000 1.0000 -0.0000
vt 0.709158 0.592452
vt 0.709159 0.596605
vt 0.706351 0.596605
vt 0.706350 0.592453
vt 0.709160 0.600757
vt 0.706352 0.600757
vt 0.709158 0.604906
vt 0.706349 0.604907
vt 0.709157 0.609052
vt 0.706347 0.609052
vt 0.709152 0.613189
vt 0.706344 0.613190
vt 0.709151 0.617363
vt 0.706344 0.617363
vt 0.709151 0.567541
vt 0.709151 0.571715
vt 0.706343 0.571716
vt 0.706344 0.567542
vt 0.709151 0.575854
vt 0.706343 0.575854
vt 0.709157 0.579998
vt 0.706348 0.579999
vt 0.709157 0.584148
vt 0.706347 0.584149
vt 0.709158 0.588300
vt 0.706350 0.588301
vt 0.704367 0.592453
vt 0.704368 0.588301
vt 0.704366 0.584149
vt 0.704365 0.579999
vt 0.704358 0.575854
vt 0.704358 0.571716
vt 0.704363 0.567543
vt 0.704363 0.617363
vt 0.704358 0.613191
vt 0.704365 0.609053
vt 0.704365 0.604907
vt 0.704370 0.600758
vt 0.704368 0.596606
vt 0.702063 0.596606
vt 0.702062 0.592454
vt 0.702066 0.600758
vt 0.702062 0.604908
vt 0.702062 0.609051
vt 0.702052 0.613189
vt 0.702055 0.617364
vt 0.702052 0.571716
vt 0.702052 0.567542
vt 0.702055 0.575855
vt 0.702063 0.579998
vt 0.702063 0.584150
vt 0.702064 0.588301
vt 0.700521 0.596606
vt 0.700520 0.592454
vt 0.700522 0.600758
vt 0.700516 0.604908
vt 0.700515 0.609051
vt 0.700518 0.613190
vt 0.700515 0.617364
vt 0.700515 0.571716
vt 0.700515 0.567544
vt 0.700515 0.575855
vt 0.700515 0.579998
vt 0.700515 0.584150
vt 0.700522 0.588300
vt 0.698771 0.596606
vt 0.698771 0.592454
vt 0.698775 0.600758
vt 0.698767 0.604908
vt 0.698767 0.609051
vt 0.698769 0.613190
vt 0.698769 0.617364
vt 0.698769 0.571716
vt 0.698768 0.567544
vt 0.698769 0.575855
vt 0.698765 0.580000
vt 0.698765 0.584147
vt 0.698774 0.588302
vt 0.697407 0.596607
vt 0.697406 0.592455
vt 0.697410 0.600758
vt 0.697402 0.604910
vt 0.697401 0.609054
vt 0.697403 0.613189
vt 0.697403 0.617363
vt 0.697403 0.571719
vt 0.697402 0.567543
vt 0.697403 0.575854
vt 0.697401 0.580001
vt 0.697403 0.584148
vt 0.697407 0.588303
vt 0.752441 0.096206
vt 0.748460 0.098505
vt 0.748338 0.098055
vt 0.752111 0.095877
vt 0.743860 0.098506
vt 0.743980 0.098056
vt 0.739878 0.096206
vt 0.740207 0.095876
vt 0.737579 0.092225
vt 0.738029 0.092103
vt 0.737579 0.087627
vt 0.738029 0.087746
vt 0.739877 0.083644
vt 0.740207 0.083973
vt 0.743860 0.081344
vt 0.743981 0.081794
vt 0.748458 0.081345
vt 0.748338 0.081795
vt 0.752439 0.083643
vt 0.752111 0.083973
vt 0.754739 0.087625
vt 0.754290 0.087746
vt 0.754739 0.092224
vt 0.754290 0.092104
vt 0.748200 0.097544
vt 0.751736 0.095503
vt 0.744116 0.097544
vt 0.740580 0.095501
vt 0.738540 0.091965
vt 0.738540 0.087882
vt 0.740583 0.084346
vt 0.744119 0.082305
vt 0.748202 0.082306
vt 0.751738 0.084348
vt 0.753779 0.087885
vt 0.753778 0.091968
vt 0.796016 0.129927
vt 0.796014 0.133323
vt 0.791157 0.133323
vt 0.791156 0.129928
vt 0.796016 0.126531
vt 0.791156 0.126531
vt 0.796015 0.123135
vt 0.791156 0.123135
vt 0.796016 0.119736
vt 0.791157 0.119737
vt 0.796014 0.116331
vt 0.791154 0.116332
vt 0.796014 0.112901
vt 0.791154 0.112901
vt 0.796014 0.109375
vt 0.791153 0.109375
vt 0.796017 0.146954
vt 0.796015 0.150479
vt 0.791152 0.150480
vt 0.791151 0.146954
vt 0.796015 0.143523
vt 0.791150 0.143523
vt 0.796016 0.140118
vt 0.791150 0.140118
vt 0.796015 0.136720
vt 0.791156 0.136720
vt 0.489292 0.038306
vt 0.486920 0.039676
vt 0.485550 0.034564
vt 0.490662 0.035933
vt 0.484180 0.039676
vt 0.481808 0.038306
vt 0.480438 0.035934
vt 0.480438 0.033195
vt 0.481807 0.030822
vt 0.484180 0.029452
vt 0.486919 0.029451
vt 0.489292 0.030821
vt 0.490662 0.033194
s 1
f 1380/1627/1268 1381/1628/1269 1415/1629/1270 1404/1630/1271
f 1381/1628/1269 1382/1631/1272 1414/1632/1273 1415/1629/1270
f 1382/1631/1272 1383/1633/1274 1413/1634/1275 1414/1632/1273
f 1383/1633/1274 1384/1635/1276 1412/1636/1277 1413/1634/1275
f 1384/1635/1276 1385/1637/1278 1411/1638/1279 1412/1636/1277
f 1385/1637/1278 1386/1639/1280 1410/1640/1281 1411/1638/1279
f 1386/1641/1280 1387/1642/1282 1409/1643/1283 1410/1644/1281
f 1387/1642/1282 1388/1645/1284 1408/1646/1285 1409/1643/1283
f 1388/1645/1284 1389/1647/1286 1407/1648/1287 1408/1646/1285
f 1389/1647/1286 1390/1649/1288 1406/1650/1289 1407/1648/1287
f 1390/1649/1288 1391/1651/1290 1405/1652/1291 1406/1650/1289
f 1391/1651/1290 1380/1627/1268 1404/1630/1271 1405/1652/1291
f 1405/1652/1291 1404/1630/1271 1392/1653/1292 1403/1654/1293
f 1406/1650/1289 1405/1652/1291 1403/1654/1293 1402/1655/1294
f 1407/1648/1287 1406/1650/1289 1402/1655/1294 1401/1656/1295
f 1408/1646/1285 1407/1648/1287 1401/1656/1295 1400/1657/1296
f 1409/1643/1283 1408/1646/1285 1400/1657/1296 1399/1658/1297
f 1410/1644/1281 1409/1643/1283 1399/1658/1297 1398/1659/1298
f 1411/1638/1279 1410/1640/1281 1398/1660/1298 1397/1661/1299
f 1412/1636/1277 1411/1638/1279 1397/1661/1299 1396/1662/1300
f 1413/1634/1275 1412/1636/1277 1396/1662/1300 1395/1663/1301
f 1414/1632/1273 1413/1634/1275 1395/1663/1301 1394/1664/1302
f 1415/1629/1270 1414/1632/1273 1394/1664/1302 1393/1665/1303
f 1404/1630/1271 1415/1629/1270 1393/1665/1303 1392/1653/1292
f 1392/1653/1292 1393/1665/1303 1417/1666/1304 1416/1667/1305
f 1393/1665/1303 1394/1664/1302 1418/1668/1306 1417/1666/1304
f 1394/1664/1302 1395/1663/1301 1419/1669/1307 1418/1668/1306
f 1395/1663/1301 1396/1662/1300 1420/1670/1308 1419/1669/1307
f 1396/1662/1300 1397/1661/1299 1421/1671/1309 1420/1670/1308
f 1397/1661/1299 1398/1660/1298 1422/1672/1310 1421/1671/1309
f 1398/1659/1298 1399/1658/1297 1423/1673/1311 1422/1674/1310
f 1399/1658/1297 1400/1657/1296 1424/1675/1312 1423/1673/1311
f 1400/1657/1296 1401/1656/1295 1425/1676/1313 1424/1675/1312
f 1401/1656/1295 1402/1655/1294 1426/1677/1314 1425/1676/1313
f 1402/1655/1294 1403/1654/1293 1427/1678/1315 1426/1677/1314
f 1403/1654/1293 1392/1653/1292 1416/1667/1305 1427/1678/1315
f 1416/1667/1305 1417/1666/1304 1429/1679/1316 1428/1680/1317
f 1417/1666/1304 1418/1668/1306 1430/1681/1318 1429/1679/1316
f 1418/1668/1306 1419/1669/1307 1431/1682/1319 1430/1681/1318
f 1419/1669/1307 1420/1670/1308 1432/1683/1320 1431/1682/1319
f 1420/1670/1308 1421/1671/1309 1433/1684/1321 1432/1683/1320
f 1421/1671/1309 1422/1672/1310 1434/1685/1322 1433/1684/1321
f 1422/1674/1310 1423/1673/1311 1435/1686/1323 1434/1687/1322
f 1423/1673/1311 1424/1675/1312 1436/1688/1324 1435/1686/1323
f 1424/1675/1312 1425/1676/1313 1437/1689/1325 1436/1688/1324
f 1425/1676/1313 1426/1677/1314 1438/1690/1326 1437/1689/1325
f 1426/1677/1314 1427/1678/1315 1439/1691/1327 1438/1690/1326
f 1427/1678/1315 1416/1667/1305 1428/1680/1317 1439/1691/1327
f 1428/1680/1317 1429/1679/1316 1441/1692/1328 1440/1693/1329
f 1429/1679/1316 1430/1681/1318 1442/1694/1330 1441/1692/1328
f 1430/1681/1318 1431/1682/1319 1443/1695/1331 1442/1694/1330
f 1431/1682/1319 1432/1683/1320 1444/1696/1332 1443/1695/1331
f 1432/1683/1320 1433/1684/1321 1445/1697/1333 1444/1696/1332
f 1433/1684/1321 1434/1685/1322 1446/1698/1334 1445/1697/1333
f 1434/1687/1322 1435/1686/1323 1447/1699/1335 1446/1700/1334
f 1435/1686/1323 1436/1688/1324 1448/1701/1336 1447/1699/1335
f 1436/1688/1324 1437/1689/1325 1449/1702/1337 1448/1701/1336
f 1437/1689/1325 1438/1690/1326 1450/1703/1338 1449/1702/1337
f 1438/1690/1326 1439/1691/1327 1451/1704/1339 1450/1703/1338
f 1439/1691/1327 1428/1680/1317 1440/1693/1329 1451/1704/1339
f 1440/1693/1329 1441/1692/1328 1453/1705/1340 1452/1706/1341
f 1441/1692/1328 1442/1694/1330 1454/1707/1342 1453/1705/1340
f 1442/1694/1330 1443/1695/1331 1455/1708/1343 1454/1707/1342
f 1443/1695/1331 1444/1696/1332 1456/1709/1344 1455/1708/1343
f 1444/1696/1332 1445/1697/1333 1457/1710/1345 1456/1709/1344
f 1445/1697/1333 1446/1698/1334 1458/1711/1346 1457/1710/1345
f 1446/1700/1334 1447/1699/1335 1459/1712/1347 1458/1713/1346
f 1447/1699/1335 1448/1701/1336 1460/1714/1348 1459/1712/1347
f 1448/1701/1336 1449/1702/1337 1461/1715/1349 1460/1714/1348
f 1449/1702/1337 1450/1703/1338 1462/1716/1350 1461/1715/1349
f 1450/1703/1338 1451/1704/1339 1463/1717/1351 1462/1716/1350
f 1451/1704/1339 1440/1693/1329 1452/1706/1341 1463/1717/1351
f 1452/1718/1352 1453/1719/1353 1465/1720/1354 1464/1721/1355
f 1453/1719/1353 1454/1722/1356 1466/1723/1357 1465/1720/1354
f 1454/1722/1356 1455/1724/1358 1467/1725/1359 1466/1723/1357
f 1455/1724/1358 1456/1726/1360 1468/1727/1361 1467/1725/1359
f 1456/1726/1360 1457/1728/1362 1469/1729/1363 1468/1727/1361
f 1457/1728/1362 1458/1730/1364 1470/1731/1365 1469/1729/1363
f 1458/1730/1364 1459/1732/1366 1471/1733/1367 1470/1731/1365
f 1459/1732/1366 1460/1734/1368 1472/1735/1369 1471/1733/1367
f 1460/1734/1368 1461/1736/1370 1473/1737/1371 1472/1735/1369
f 1461/1736/1370 1462/1738/1372 1474/1739/1373 1473/1737/1371
f 1462/1738/1372 1463/1740/1374 1475/1741/1375 1474/1739/1373
f 1463/1740/1374 1452/1718/1352 1464/1721/1355 1475/1741/1375
f 1464/1721/1355 1465/1720/1354 1477/1742/1376 1476/1743/1377
f 1465/1720/1354 1466/1723/1357 1478/1744/1378 1477/1742/1376
f 1466/1723/1357 1467/1725/1359 1479/1745/1379 1478/1744/1378
f 1467/1725/1359 1468/1727/1361 1480/1746/1380 1479/1745/1379
f 1468/1727/1361 1469/1729/1363 1481/1747/1381 1480/1746/1380
f 1469/1729/1363 1470/1731/1365 1482/1748/1382 1481/1747/1381
f 1470/1731/1365 1471/1733/1367 1483/1749/1383 1482/1748/1382
f 1471/1733/1367 1472/1735/1369 1484/1750/1384 1483/1749/1383
f 1472/1735/1369 1473/1737/1371 1485/1751/1385 1484/1750/1384
f 1473/1737/1371 1474/1739/1373 1486/1752/1386 1485/1751/1385
f 1474/1739/1373 1475/1741/1375 1487/1753/1387 1486/1752/1386
f 1475/1741/1375 1464/1721/1355 1476/1743/1377 1487/1753/1387
f 1489/1754/1388 1500/1755/1389 1487/1756/1389 1476/1757/1388
f 1490/1758/1390 1489/1754/1388 1476/1757/1388 1477/1759/1390
f 1491/1760/1391 1490/1758/1390 1477/1759/1390 1478/1761/1391
f 1492/1762/1392 1491/1760/1391 1478/1761/1391 1479/1763/1392
f 1493/1764/1393 1492/1762/1392 1479/1763/1392 1480/1765/1393
f 1494/1766/1394 1493/1764/1393 1480/1765/1393 1481/1767/1394
f 1495/1768/1395 1494/1766/1394 1481/1767/1394 1482/1769/1395
f 1496/1770/1396 1495/1771/1395 1482/1772/1395 1483/1773/1396
f 1497/1774/1397 1496/1770/1396 1483/1773/1396 1484/1775/1397
f 1498/1776/1398 1497/1774/1397 1484/1775/1397 1485/1777/1398
f 1499/1778/1399 1498/1776/1398 1485/1777/1398 1486/1779/1399
f 1500/1755/1389 1499/1778/1399 1486/1779/1399 1487/1756/1389
f 1489/1780/1400 1490/1781/1400 1488/1782/1400 1500/1783/1400
f 1488/1782/1400 1490/1781/1400 1491/1784/1400 1492/1785/1400
f 1488/1782/1400 1492/1785/1400 1493/1786/1400 1494/1787/1400
f 1488/1782/1400 1494/1787/1400 1495/1788/1400 1496/1789/1400
f 1488/1782/1400 1496/1789/1400 1497/1790/1400 1498/1791/1400
f 1488/1782/1400 1498/1791/1400 1499/1792/1400 1500/1783/1400
o Barque_02_low
v -3.781006 0.281486 19.029839
v -3.607336 0.281486 19.029839
v -3.781006 0.304128 19.029839
v -3.607336 0.304128 19.029839
v -3.781006 0.304128 17.739912
v -3.607336 0.304128 17.739914
v -3.781006 0.281486 17.739912
v -3.607336 0.281486 17.739914
v -4.920654 -0.164191 18.384874
v -3.694170 -0.164191 18.384874
v -3.694170 -0.001550 18.892254
v -4.707347 -0.001550 18.784071
v -5.414409 -0.001551 18.633678
v -5.614936 -0.001551 18.384874
v -4.707347 -0.001551 18.384874
v -3.694170 -0.001551 18.384874
v -3.694170 0.193591 18.999836
v -4.999566 0.193591 18.898487
v -5.877841 0.193591 18.630392
v -6.101529 0.193591 18.384874
v -3.694170 0.320684 19.076729
v -5.043586 0.321746 18.957174
v -5.982901 0.321569 18.653334
v -6.081431 0.443081 18.384874
v -3.694170 0.325315 19.038052
v -5.009841 0.326971 18.914362
v -5.884559 0.326868 18.592421
v -5.957142 0.391944 18.384874
v -3.694170 -0.164191 18.858654
v -3.694170 -0.018835 18.943007
v -4.907301 -0.164191 18.777615
v -4.965301 -0.016916 18.856213
v -5.680892 -0.164191 18.533457
v -5.795600 -0.019607 18.613440
v -5.823682 -0.164191 18.384874
v -6.013206 -0.017965 18.384874
v -2.467687 -0.164191 18.384874
v -2.680995 -0.001550 18.784071
v -1.973932 -0.001551 18.633678
v -1.773405 -0.001551 18.384874
v -2.680995 -0.001551 18.384874
v -2.388775 0.193591 18.898487
v -1.510500 0.193591 18.630392
v -1.286812 0.193591 18.384874
v -2.344756 0.321746 18.957174
v -1.405441 0.321569 18.653334
v -1.306910 0.443081 18.384874
v -2.378500 0.326971 18.914362
v -1.503782 0.326868 18.592421
v -1.431199 0.391944 18.384874
v -2.481040 -0.164191 18.777615
v -2.423041 -0.016916 18.856213
v -1.707449 -0.164191 18.533457
v -1.592741 -0.019607 18.613440
v -1.564660 -0.164191 18.384874
v -1.375134 -0.017965 18.384874
v -3.694170 -0.001551 17.877497
v -4.707347 -0.001551 17.985680
v -5.414409 -0.001551 18.136072
v -3.694170 0.193591 17.769917
v -4.999566 0.193591 17.871264
v -5.877841 0.193591 18.139359
v -3.694170 0.320684 17.693022
v -5.043586 0.321746 17.812576
v -5.982901 0.321569 18.116419
v -3.694170 0.325315 17.731701
v -5.009841 0.326971 17.855391
v -5.884559 0.326868 18.177328
v -3.694170 -0.164191 17.911098
v -3.694170 -0.018835 17.826746
v -4.907301 -0.164191 17.992138
v -4.965301 -0.016916 17.913540
v -5.680892 -0.164191 18.236294
v -5.795600 -0.019607 18.156313
v -2.680995 -0.001551 17.985680
v -1.973932 -0.001551 18.136072
v -2.388775 0.193591 17.871264
v -1.510500 0.193591 18.139359
v -2.344756 0.321746 17.812576
v -1.405441 0.321569 18.116419
v -2.378500 0.326971 17.855391
v -1.503782 0.326868 18.177328
v -2.481040 -0.164191 17.992138
v -2.423041 -0.016916 17.913540
v -1.707449 -0.164191 18.236294
v -1.592741 -0.019607 18.156313
v -4.577397 0.281486 18.948833
v -4.751068 0.281486 18.925171
v -4.577397 0.304128 18.948833
v -4.751068 0.304128 18.925171
v -4.577397 0.304128 17.820919
v -4.751068 0.304128 17.844580
v -4.577397 0.281486 17.820919
v -4.751068 0.281486 17.844580
v -2.810945 0.281486 18.948833
v -2.637275 0.281486 18.925171
v -2.810945 0.304128 18.948833
v -2.637275 0.304128 18.925171
v -2.810945 0.304128 17.820919
v -2.637275 0.304128 17.844580
v -2.810945 0.281486 17.820919
v -2.637275 0.281486 17.844580
v -5.370571 0.281486 18.845156
v -5.196900 0.281486 18.845156
v -5.370571 0.304128 18.845156
v -5.196900 0.304128 18.845156
v -5.370571 0.304128 17.924597
v -5.196900 0.304128 17.924597
v -5.370571 0.281486 17.924597
v -5.196900 0.281486 17.924597
v -6.124555 0.443081 18.384874
v -6.068855 0.443081 18.384874
v -6.124555 0.502258 18.384874
v -6.068855 0.502258 18.384874
v -5.998174 0.325161 18.644384
v -5.942474 0.325161 18.630463
v -5.998174 0.384337 18.644384
v -5.942474 0.384337 18.630463
v -5.052552 0.269120 18.971519
v -5.015736 0.295248 18.920500
v -5.052552 0.327466 18.971519
v -5.015736 0.354424 18.920500
v -3.694170 0.269120 19.099958
v -3.694170 0.296907 19.037546
v -3.694170 0.329125 19.099958
v -3.694170 0.356082 19.037546
v -5.998174 0.325161 18.125366
v -5.942474 0.325161 18.139286
v -5.998174 0.384337 18.125366
v -5.942474 0.384337 18.139286
v -5.052552 0.269120 17.798231
v -5.015736 0.295248 17.849251
v -5.052552 0.327466 17.798231
v -5.015736 0.354423 17.849251
v -3.694170 0.269120 17.669794
v -3.694170 0.296907 17.732204
v -3.694170 0.329125 17.669794
v -3.694170 0.356082 17.732204
v -1.301393 0.443081 18.384874
v -1.357093 0.443081 18.384874
v -1.301393 0.502258 18.384874
v -1.357093 0.502258 18.384874
v -1.406885 0.325161 18.653332
v -1.462584 0.325161 18.638933
v -1.406885 0.384337 18.653332
v -1.462584 0.384337 18.638933
v -2.335790 0.269120 18.978065
v -2.372606 0.295248 18.926476
v -2.335790 0.327466 18.978065
v -2.372606 0.354424 18.926476
v -1.406885 0.325161 18.116419
v -1.462584 0.325161 18.130819
v -1.406885 0.384337 18.116419
v -1.462584 0.384337 18.130819
v -2.335790 0.269120 17.791687
v -2.372606 0.295248 17.843275
v -2.335790 0.327466 17.791687
v -2.372606 0.354423 17.843275
v -2.206279 0.281486 18.827597
v -2.032609 0.281486 18.827597
v -2.206279 0.304128 18.827597
v -2.032609 0.304128 18.827597
v -2.206279 0.304128 17.942156
v -2.032609 0.304128 17.942156
v -2.206279 0.281486 17.942156
v -2.032609 0.281486 17.942156
vn -0.1292 0.9916 -0.0000
vn 0.1292 0.9916 -0.0000
vn -0.1293 0.9916 -0.0000
vn 1.0000 -0.0000 -0.0000
vn -1.0000 -0.0000 -0.0000
vn -0.0000 1.0000 -0.0000
vn -0.0000 0.9932 0.1162
vn -0.0157 0.9951 0.0972
vn -0.0199 0.9963 0.0841
vn 0.0545 0.9906 0.1254
vn 0.0987 0.9828 0.1561
vn 0.2742 0.9617 -0.0000
vn 0.1964 0.4238 -0.8842
vn -0.0000 0.4234 -0.9059
vn 0.1297 0.4230 -0.8968
vn 0.5177 0.6328 -0.5759
vn 0.3244 0.4794 -0.8155
vn 0.6448 0.7093 -0.2847
vn -0.1565 -0.3294 0.9311
vn -0.0000 -0.3388 0.9409
vn -0.0000 -0.4789 0.8779
vn -0.1690 -0.4579 0.8728
vn -0.4214 -0.3289 0.8451
vn -0.5762 -0.3584 0.7345
vn -0.9458 -0.3248 -0.0000
vn -0.9680 -0.2511 -0.0000
vn -0.0000 -1.0000 -0.0000
vn -0.0000 -0.9569 0.2904
vn -0.0468 -0.9445 0.3251
vn -0.1310 -0.9377 0.3219
vn -0.2280 -0.9737 -0.0000
vn -0.0000 -0.3469 0.9379
vn -0.1512 -0.3558 0.9223
vn -0.3738 -0.3800 0.8461
vn -0.8441 -0.5362 -0.0000
vn 0.0199 0.9963 0.0841
vn 0.0157 0.9951 0.0972
vn -0.0987 0.9828 0.1560
vn -0.0545 0.9906 0.1254
vn -0.2742 0.9617 -0.0000
vn -0.1964 0.4238 -0.8842
vn -0.1297 0.4230 -0.8968
vn -0.5177 0.6328 -0.5759
vn -0.3244 0.4794 -0.8155
vn -0.6727 0.7400 -0.0000
vn 0.1565 -0.3294 0.9311
vn 0.1690 -0.4579 0.8728
vn 0.4214 -0.3289 0.8451
vn 0.5762 -0.3584 0.7345
vn 0.9458 -0.3248 -0.0000
vn 0.9680 -0.2511 -0.0000
vn 0.0468 -0.9445 0.3251
vn 0.2280 -0.9737 -0.0000
vn 0.1310 -0.9377 0.3219
vn 0.1512 -0.3558 0.9223
vn 0.3738 -0.3800 0.8461
vn 0.8441 -0.5362 -0.0000
vn -0.0000 0.9932 -0.1162
vn -0.0199 0.9963 -0.0840
vn -0.0157 0.9951 -0.0972
vn 0.0987 0.9828 -0.1560
vn 0.0545 0.9906 -0.1254
vn 0.1964 0.4238 0.8842
vn 0.1297 0.4230 0.8968
vn -0.0000 0.4234 0.9059
vn 0.5177 0.6328 0.5759
vn 0.3244 0.4794 0.8155
vn 0.6448 0.7093 0.2847
vn -0.1565 -0.3294 -0.9311
vn -0.1690 -0.4579 -0.8728
vn -0.0000 -0.4789 -0.8779
vn -0.0000 -0.3388 -0.9409
vn -0.4214 -0.3289 -0.8451
vn -0.5762 -0.3584 -0.7345
vn -0.0468 -0.9445 -0.3251
vn -0.0000 -0.9569 -0.2904
vn -0.1310 -0.9377 -0.3219
vn -0.0000 -0.3469 -0.9379
vn -0.1512 -0.3558 -0.9223
vn -0.3738 -0.3800 -0.8461
vn 0.0157 0.9951 -0.0972
vn 0.0199 0.9963 -0.0840
vn -0.0545 0.9906 -0.1254
vn -0.0987 0.9828 -0.1560
vn -0.1964 0.4238 0.8842
vn -0.1297 0.4230 0.8968
vn -0.5177 0.6327 0.5759
vn -0.3244 0.4794 0.8155
vn 0.1565 -0.3294 -0.9311
vn 0.1690 -0.4579 -0.8728
vn 0.4214 -0.3289 -0.8451
vn 0.5762 -0.3584 -0.7345
vn 0.0468 -0.9445 -0.3251
vn 0.1310 -0.9377 -0.3219
vn 0.1512 -0.3558 -0.9223
vn 0.3738 -0.3800 -0.8461
vn 0.1442 0.9895 -0.0000
vn -0.1166 0.9932 -0.0000
vn -0.1442 0.9895 -0.0000
vn 0.1166 0.9932 -0.0000
vn -0.1442 0.9895 0.0002
vn 0.1292 0.9916 -0.0002
vn -0.1292 0.9916 0.0002
vn -0.8741 -0.4858 -0.0000
vn -0.0548 -0.9985 -0.0000
vn 0.0398 -0.9471 -0.3186
vn -0.4608 -0.4881 0.7413
vn 0.5276 0.8495 -0.0000
vn 0.0548 0.9985 -0.0000
vn 0.0502 0.9143 0.4018
vn 0.3191 0.8845 -0.3403
vn -0.8991 -0.0000 0.4378
vn 0.4182 -0.0000 -0.9084
vn 0.0433 -0.9199 -0.3899
vn -0.1462 -0.7441 0.6518
vn -0.0584 0.9487 0.3106
vn -0.0486 0.9287 0.3676
vn 0.1113 0.8754 -0.4703
vn -0.3269 -0.0000 0.9450
vn -0.1956 -0.0000 0.9807
vn 0.1772 -0.0000 -0.9842
vn 0.0011 -0.9083 -0.4184
vn -0.0014 -0.8489 0.5286
vn -0.0010 0.9084 0.4182
vn 0.0009 0.8983 -0.4393
vn -0.0024 -0.0000 1.0000
vn 0.0022 -0.0000 -1.0000
vn -0.4608 -0.4881 -0.7413
vn 0.0398 -0.9471 0.3186
vn 0.3191 0.8845 0.3403
vn 0.0502 0.9143 -0.4018
vn -0.8991 -0.0000 -0.4378
vn 0.4182 -0.0000 0.9084
vn -0.1462 -0.7441 -0.6518
vn 0.0433 -0.9199 0.3899
vn 0.1113 0.8754 0.4703
vn -0.0486 0.9287 -0.3676
vn -0.0584 0.9487 -0.3106
vn -0.3269 -0.0000 -0.9450
vn -0.1956 -0.0000 -0.9807
vn 0.1772 -0.0000 0.9842
vn -0.0015 -0.8489 -0.5286
vn 0.0011 -0.9083 0.4184
vn 0.0011 0.8983 0.4393
vn -0.0010 0.9083 -0.4182
vn -0.0024 -0.0000 -1.0000
vn 0.0022 -0.0000 1.0000
vn 0.8637 -0.5040 -0.0000
vn 0.4722 -0.4945 0.7297
vn -0.0376 -0.9481 -0.3158
vn 0.0554 -0.9985 -0.0000
vn -0.5439 0.8391 -0.0000
vn -0.3263 0.8909 -0.3160
vn -0.0509 0.9178 0.3937
vn -0.0554 0.9985 -0.0000
vn 0.9307 -0.0000 0.3657
vn -0.4318 -0.0000 -0.9020
vn 0.1445 -0.7459 0.6502
vn -0.0416 -0.9206 -0.3883
vn -0.1098 0.8784 -0.4651
vn 0.0470 0.9295 0.3658
vn 0.0575 0.9498 0.3074
vn 0.3300 -0.0000 0.9440
vn 0.1933 -0.0000 0.9811
vn -0.1748 -0.0000 -0.9846
vn -0.0376 -0.9481 0.3158
vn 0.4721 -0.4945 -0.7297
vn -0.0509 0.9178 -0.3937
vn -0.3263 0.8909 0.3160
vn 0.9307 -0.0000 -0.3657
vn -0.4318 -0.0000 0.9020
vn -0.0416 -0.9206 0.3883
vn 0.1445 -0.7459 -0.6502
vn 0.0575 0.9498 -0.3074
vn 0.0470 0.9295 -0.3658
vn -0.1098 0.8784 0.4651
vn 0.3300 -0.0000 -0.9440
vn 0.1933 -0.0000 -0.9811
vn -0.1748 -0.0000 0.9846
vt 0.926019 0.767297
vt 0.933240 0.767297
vt 0.933239 0.820926
vt 0.926019 0.820926
vt 0.934181 0.767297
vt 0.934181 0.820926
vt 0.925077 0.820926
vt 0.925077 0.767297
vt 0.728205 0.147272
vt 0.732212 0.109751
vt 0.741612 0.119139
vt 0.744708 0.149034
vt 0.744708 0.191397
vt 0.723733 0.189157
vt 0.549015 0.834164
vt 0.558771 0.888203
vt 0.557097 0.889739
vt 0.547401 0.834297
vt 0.574837 0.923503
vt 0.572591 0.927719
vt 0.584258 0.925956
vt 0.584741 0.931518
vt 0.986383 0.458802
vt 0.986382 0.515629
vt 0.970613 0.515629
vt 0.970614 0.470890
vt 0.986383 0.422531
vt 0.970613 0.439094
vt 0.986383 0.414885
vt 0.970613 0.425820
vt 0.044364 0.372543
vt 0.044652 0.427802
vt 0.038476 0.428334
vt 0.038476 0.370804
vt 0.050358 0.334544
vt 0.045261 0.329830
vt 0.069708 0.320398
vt 0.057035 0.325913
vt 0.056903 0.318388
vt 0.068537 0.310515
vt 0.080421 0.424710
vt 0.060793 0.426408
vt 0.060147 0.376421
vt 0.076218 0.374181
vt 0.065985 0.343580
vt 0.071751 0.337665
vt 0.053808 0.427011
vt 0.053214 0.374179
vt 0.058917 0.338863
vt 0.060397 0.335931
vt 0.070721 0.328952
vt 0.719261 0.231043
vt 0.735764 0.232805
vt 0.726425 0.261372
vt 0.715254 0.268563
vt 0.547597 0.778050
vt 0.549510 0.779276
vt 0.556130 0.738075
vt 0.559088 0.741816
vt 0.567444 0.732201
vt 0.568223 0.733370
vt 0.986382 0.572474
vt 0.970613 0.560374
vt 0.986382 0.604676
vt 0.970613 0.591622
vt 0.988588 0.607263
vt 0.970613 0.607262
vt 0.053634 0.482550
vt 0.048151 0.485316
vt 0.066787 0.518942
vt 0.062672 0.524537
vt 0.088807 0.529197
vt 0.089605 0.539117
vt 0.076644 0.533687
vt 0.075288 0.526281
vt 0.084478 0.475279
vt 0.068409 0.475911
vt 0.087415 0.511868
vt 0.080510 0.507175
vt 0.062023 0.479358
vt 0.074411 0.513113
vt 0.076598 0.515795
vt 0.088118 0.520612
vt 0.711702 0.145509
vt 0.721041 0.116943
vt 0.702758 0.186918
vt 0.603161 0.829464
vt 0.604774 0.829318
vt 0.604774 0.885601
vt 0.602860 0.884377
vt 0.596055 0.925683
vt 0.593116 0.921917
vt 0.986382 0.755723
vt 0.970613 0.743634
vt 0.970614 0.698895
vt 0.986384 0.698895
vt 0.986380 0.776463
vt 0.970614 0.759900
vt 0.986380 0.794172
vt 0.970613 0.794172
vt 0.107677 0.367029
vt 0.113327 0.364611
vt 0.122285 0.421468
vt 0.116111 0.421915
vt 0.099392 0.329632
vt 0.104170 0.324569
vt 0.081689 0.315455
vt 0.083320 0.322805
vt 0.092538 0.373239
vt 0.100004 0.423132
vt 0.078774 0.342127
vt 0.106978 0.422593
vt 0.098992 0.369668
vt 0.091247 0.334579
vt 0.082397 0.333340
vt 0.084302 0.335844
vt 0.705854 0.259175
vt 0.702758 0.229281
vt 0.593220 0.775483
vt 0.594893 0.773945
vt 0.577331 0.740233
vt 0.579600 0.736038
vt 0.986383 0.642049
vt 0.970613 0.654151
vt 0.986383 0.609848
vt 0.970613 0.622902
vt 0.116078 0.477502
vt 0.121933 0.479359
vt 0.108906 0.515550
vt 0.113862 0.520419
vt 0.101688 0.524160
vt 0.101532 0.531688
vt 0.100437 0.473313
vt 0.093483 0.506129
vt 0.107289 0.475693
vt 0.100451 0.511014
vt 0.098721 0.514017
vt 0.375779 0.879267
vt 0.375779 0.926161
vt 0.368558 0.925177
vt 0.368558 0.880251
vt 0.367617 0.880251
vt 0.367617 0.925177
vt 0.376720 0.926161
vt 0.376720 0.879267
vt 0.326693 0.880060
vt 0.319472 0.881044
vt 0.319472 0.925971
vt 0.326693 0.926954
vt 0.318531 0.881044
vt 0.318530 0.925971
vt 0.327634 0.926954
vt 0.327634 0.880060
vt 0.488600 0.193170
vt 0.481379 0.193170
vt 0.481379 0.154898
vt 0.488600 0.154898
vt 0.480438 0.193170
vt 0.480438 0.154898
vt 0.489541 0.154898
vt 0.489541 0.193170
vt 0.924424 0.691207
vt 0.924228 0.693502
vt 0.913340 0.699363
vt 0.912933 0.696996
vt 0.856609 0.691051
vt 0.856804 0.688707
vt 0.869454 0.696161
vt 0.868785 0.698497
vt 0.924638 0.688710
vt 0.912825 0.694448
vt 0.856406 0.693492
vt 0.866982 0.699898
vt 0.897769 0.736851
vt 0.895550 0.735126
vt 0.869570 0.696228
vt 0.879970 0.737538
vt 0.877471 0.739003
vt 0.910735 0.695885
vt 0.893254 0.734391
vt 0.875007 0.739332
vt 0.888084 0.790857
vt 0.885252 0.790585
vt 0.880792 0.794969
vt 0.877955 0.794741
vt 0.882762 0.790340
vt 0.875493 0.794549
vt 0.934782 0.698816
vt 0.933953 0.701078
vt 0.843363 0.696351
vt 0.843085 0.693940
vt 0.935319 0.696328
vt 0.844906 0.698030
vt 0.944843 0.739565
vt 0.942345 0.740878
vt 0.828009 0.734766
vt 0.825796 0.732892
vt 0.842969 0.693983
vt 0.937140 0.698107
vt 0.947233 0.739244
vt 0.830381 0.735511
vt 0.944742 0.796238
vt 0.941908 0.795968
vt 0.818092 0.789530
vt 0.815257 0.789275
vt 0.947233 0.796469
vt 0.820551 0.789755
vt 0.905059 0.894467
vt 0.894437 0.887092
vt 0.895310 0.884854
vt 0.905300 0.892174
vt 0.839566 0.891236
vt 0.853054 0.886616
vt 0.853469 0.888997
vt 0.839370 0.893573
vt 0.904797 0.896948
vt 0.893969 0.889580
vt 0.839768 0.888807
vt 0.851578 0.884977
vt 0.884615 0.846969
vt 0.887141 0.845701
vt 0.868820 0.849787
vt 0.871056 0.851706
vt 0.853455 0.888911
vt 0.892070 0.887772
vt 0.882221 0.847251
vt 0.866446 0.849013
vt 0.916581 0.887156
vt 0.916994 0.889531
vt 0.826253 0.887010
vt 0.827005 0.884717
vt 0.916932 0.892056
vt 0.828745 0.883275
vt 0.932185 0.850217
vt 0.934411 0.851979
vt 0.826232 0.886984
vt 0.815257 0.846694
vt 0.817779 0.845234
vt 0.919172 0.890679
vt 0.936698 0.852742
vt 0.820242 0.844915
vt 0.132195 0.501406
vt 0.125113 0.501406
vt 0.125113 0.463871
vt 0.132195 0.463871
vt 0.124190 0.501406
vt 0.124190 0.463871
vt 0.133118 0.463871
vt 0.133118 0.501406
s 1
f 1503/1793/1401 1504/1794/1402 1506/1795/1402 1505/1796/1403
f 1502/1797/1404 1508/1798/1404 1506/1795/1402 1504/1794/1402
f 1507/1799/1405 1501/1800/1405 1503/1793/1401 1505/1796/1403
f 1515/1801/1406 1514/1802/1406 1513/1803/1406 1512/1804/1406
f 1512/1804/1406 1511/1805/1406 1516/1806/1406 1515/1801/1406
f 1525/1807/1407 1526/1808/1408 1522/1809/1409 1521/1810/1407
f 1526/1808/1408 1527/1811/1410 1523/1812/1411 1522/1809/1409
f 1527/1811/1410 1528/1813/1412 1524/1814/1412 1523/1812/1411
f 1526/1815/1413 1525/1816/1414 1511/1817/1414 1512/1818/1415
f 1527/1819/1416 1526/1815/1413 1512/1818/1415 1513/1820/1417
f 1528/1821/1418 1527/1819/1416 1513/1820/1417 1514/1822/1418
f 1518/1823/1419 1517/1824/1420 1521/1825/1421 1522/1826/1422
f 1519/1827/1423 1518/1823/1419 1522/1826/1422 1523/1828/1424
f 1520/1829/1425 1519/1830/1423 1523/1831/1424 1524/1832/1426
f 1510/1833/1427 1529/1834/1428 1531/1835/1429 1509/1836/1427
f 1531/1835/1429 1533/1837/1430 1535/1838/1431 1509/1836/1427
f 1530/1839/1432 1517/1824/1420 1518/1823/1419 1532/1840/1433
f 1532/1840/1433 1518/1823/1419 1519/1827/1423 1534/1841/1434
f 1534/1842/1434 1519/1830/1423 1520/1829/1425 1536/1843/1435
f 1531/1835/1429 1529/1834/1428 1530/1839/1432 1532/1840/1433
f 1533/1837/1430 1531/1835/1429 1532/1840/1433 1534/1841/1434
f 1535/1838/1431 1533/1837/1430 1534/1842/1434 1536/1843/1435
f 1541/1844/1406 1538/1845/1406 1539/1846/1406 1540/1847/1406
f 1538/1845/1406 1541/1844/1406 1516/1806/1406 1511/1805/1406
f 1525/1807/1407 1521/1810/1407 1545/1848/1436 1548/1849/1437
f 1548/1849/1437 1545/1848/1436 1546/1850/1438 1549/1851/1439
f 1549/1851/1439 1546/1850/1438 1547/1852/1440 1550/1853/1440
f 1548/1854/1441 1538/1855/1442 1511/1817/1414 1525/1816/1414
f 1549/1856/1443 1539/1857/1444 1538/1855/1442 1548/1854/1441
f 1550/1858/1445 1540/1859/1445 1539/1857/1444 1549/1856/1443
f 1542/1860/1446 1545/1861/1447 1521/1825/1421 1517/1824/1420
f 1543/1862/1448 1546/1863/1449 1545/1861/1447 1542/1860/1446
f 1544/1864/1450 1547/1865/1451 1546/1866/1449 1543/1867/1448
f 1510/1833/1427 1537/1868/1427 1551/1869/1452 1529/1834/1428
f 1551/1869/1452 1537/1868/1427 1555/1870/1453 1553/1871/1454
f 1530/1839/1432 1552/1872/1455 1542/1860/1446 1517/1824/1420
f 1552/1872/1455 1554/1873/1456 1543/1862/1448 1542/1860/1446
f 1554/1874/1456 1556/1875/1457 1544/1864/1450 1543/1867/1448
f 1551/1869/1452 1552/1872/1455 1530/1839/1432 1529/1834/1428
f 1553/1871/1454 1554/1873/1456 1552/1872/1455 1551/1869/1452
f 1555/1870/1453 1556/1875/1457 1554/1874/1456 1553/1871/1454
f 1515/1801/1406 1558/1876/1406 1559/1877/1406 1514/1802/1406
f 1558/1876/1406 1515/1801/1406 1516/1806/1406 1557/1878/1406
f 1566/1879/1458 1563/1880/1458 1564/1881/1459 1567/1882/1460
f 1567/1882/1460 1564/1881/1459 1565/1883/1461 1568/1884/1462
f 1568/1884/1462 1565/1883/1461 1524/1814/1412 1528/1813/1412
f 1567/1885/1463 1558/1886/1464 1557/1887/1465 1566/1888/1465
f 1568/1889/1466 1559/1890/1467 1558/1886/1464 1567/1885/1463
f 1528/1891/1468 1514/1892/1468 1559/1890/1467 1568/1889/1466
f 1561/1893/1469 1564/1894/1470 1563/1895/1471 1560/1896/1472
f 1562/1897/1473 1565/1898/1474 1564/1894/1470 1561/1893/1469
f 1520/1829/1425 1524/1832/1426 1565/1899/1474 1562/1900/1473
f 1510/1833/1427 1509/1836/1427 1571/1901/1475 1569/1902/1476
f 1571/1901/1475 1509/1836/1427 1535/1838/1431 1573/1903/1477
f 1570/1904/1478 1572/1905/1479 1561/1893/1469 1560/1896/1472
f 1572/1905/1479 1574/1906/1480 1562/1897/1473 1561/1893/1469
f 1574/1907/1480 1536/1843/1435 1520/1829/1425 1562/1900/1473
f 1571/1901/1475 1572/1905/1479 1570/1904/1478 1569/1902/1476
f 1573/1903/1477 1574/1908/1480 1572/1905/1479 1571/1901/1475
f 1535/1838/1431 1536/1843/1435 1574/1907/1480 1573/1903/1477
f 1541/1844/1406 1540/1847/1406 1576/1909/1406 1575/1910/1406
f 1575/1910/1406 1557/1878/1406 1516/1806/1406 1541/1844/1406
f 1566/1879/1458 1581/1911/1481 1579/1912/1482 1563/1880/1458
f 1581/1911/1481 1582/1913/1483 1580/1914/1484 1579/1912/1482
f 1582/1913/1483 1550/1853/1440 1547/1852/1440 1580/1914/1484
f 1581/1915/1485 1566/1888/1465 1557/1887/1465 1575/1916/1486
f 1582/1917/1487 1581/1915/1485 1575/1916/1486 1576/1918/1488
f 1550/1858/1445 1582/1917/1487 1576/1918/1488 1540/1859/1445
f 1577/1919/1489 1560/1896/1472 1563/1895/1471 1579/1920/1490
f 1578/1921/1491 1577/1919/1489 1579/1920/1490 1580/1922/1492
f 1544/1864/1450 1578/1923/1491 1580/1924/1492 1547/1865/1451
f 1510/1833/1427 1569/1902/1476 1583/1925/1493 1537/1868/1427
f 1583/1925/1493 1585/1926/1494 1555/1870/1453 1537/1868/1427
f 1570/1904/1478 1560/1896/1472 1577/1919/1489 1584/1927/1495
f 1584/1927/1495 1577/1919/1489 1578/1921/1491 1586/1928/1496
f 1586/1929/1496 1578/1923/1491 1544/1864/1450 1556/1875/1457
f 1583/1925/1493 1569/1902/1476 1570/1904/1478 1584/1927/1495
f 1585/1926/1494 1583/1925/1493 1584/1927/1495 1586/1928/1496
f 1555/1870/1453 1585/1926/1494 1586/1929/1496 1556/1875/1457
f 1589/1930/1497 1591/1931/1497 1592/1932/1498 1590/1933/1498
f 1588/1934/1405 1590/1933/1498 1592/1932/1498 1594/1935/1405
f 1593/1936/1404 1591/1931/1497 1589/1930/1497 1587/1937/1404
f 1597/1938/1499 1598/1939/1500 1600/1940/1500 1599/1941/1501
f 1596/1942/1404 1602/1943/1404 1600/1940/1500 1598/1939/1500
f 1601/1944/1405 1595/1945/1405 1597/1938/1499 1599/1941/1501
f 1605/1946/1401 1606/1947/1502 1608/1948/1402 1607/1949/1503
f 1604/1950/1404 1610/1951/1404 1608/1948/1402 1606/1947/1502
f 1609/1952/1405 1603/1953/1405 1605/1946/1401 1607/1949/1503
f 1611/1954/1504 1612/1955/1505 1616/1956/1506 1615/1957/1507
f 1614/1958/1508 1613/1959/1509 1617/1960/1510 1618/1961/1511
f 1613/1962/1405 1611/1954/1504 1615/1957/1507 1617/1963/1512
f 1612/1964/1404 1614/1958/1508 1618/1961/1511 1616/1965/1513
f 1615/1957/1507 1616/1956/1506 1620/1966/1514 1619/1967/1515
f 1618/1961/1511 1617/1968/1516 1621/1969/1517 1622/1970/1518
f 1617/1971/1519 1615/1957/1507 1619/1967/1515 1621/1972/1520
f 1616/1965/1513 1618/1961/1511 1622/1970/1518 1620/1973/1521
f 1619/1967/1515 1620/1966/1514 1624/1974/1522 1623/1975/1523
f 1622/1970/1518 1621/1969/1517 1625/1976/1524 1626/1977/1525
f 1621/1972/1520 1619/1967/1515 1623/1975/1523 1625/1978/1526
f 1620/1973/1521 1622/1970/1518 1626/1977/1525 1624/1979/1527
f 1611/1954/1504 1627/1980/1528 1628/1981/1529 1612/1955/1505
f 1614/1958/1508 1630/1982/1530 1629/1983/1531 1613/1959/1509
f 1613/1962/1405 1629/1984/1532 1627/1980/1528 1611/1954/1504
f 1612/1964/1404 1628/1985/1533 1630/1982/1530 1614/1958/1508
f 1627/1980/1528 1631/1986/1534 1632/1987/1535 1628/1981/1529
f 1630/1982/1530 1634/1988/1536 1633/1989/1537 1629/1990/1538
f 1629/1991/1539 1633/1992/1540 1631/1986/1534 1627/1980/1528
f 1628/1985/1533 1632/1993/1541 1634/1988/1536 1630/1982/1530
f 1631/1986/1534 1635/1994/1542 1636/1995/1543 1632/1987/1535
f 1634/1988/1536 1638/1996/1544 1637/1997/1545 1633/1989/1537
f 1633/1992/1540 1637/1998/1546 1635/1994/1542 1631/1986/1534
f 1632/1993/1541 1636/1999/1547 1638/1996/1544 1634/1988/1536
f 1639/2000/1548 1643/2001/1549 1644/2002/1550 1640/2003/1551
f 1642/2004/1552 1646/2005/1553 1645/2006/1554 1641/2007/1555
f 1641/2008/1404 1645/2009/1556 1643/2001/1549 1639/2000/1548
f 1640/2010/1405 1644/2011/1557 1646/2005/1553 1642/2004/1552
f 1643/2001/1549 1647/2012/1558 1648/2013/1559 1644/2002/1550
f 1646/2005/1553 1650/2014/1560 1649/2015/1561 1645/2016/1562
f 1645/2017/1563 1649/2018/1564 1647/2012/1558 1643/2001/1549
f 1644/2011/1557 1648/2019/1565 1650/2014/1560 1646/2005/1553
f 1647/2012/1558 1623/1975/1523 1624/1974/1522 1648/2013/1559
f 1650/2014/1560 1626/1977/1525 1625/1976/1524 1649/2015/1561
f 1649/2018/1564 1625/1978/1526 1623/1975/1523 1647/2012/1558
f 1648/2019/1565 1624/1979/1527 1626/1977/1525 1650/2014/1560
f 1639/2000/1548 1640/2003/1551 1652/2020/1566 1651/2021/1567
f 1642/2004/1552 1641/2007/1555 1653/2022/1568 1654/2023/1569
f 1641/2008/1404 1639/2000/1548 1651/2021/1567 1653/2024/1570
f 1640/2010/1405 1642/2004/1552 1654/2023/1569 1652/2025/1571
f 1651/2021/1567 1652/2020/1566 1656/2026/1572 1655/2027/1573
f 1654/2023/1569 1653/2028/1574 1657/2029/1575 1658/2030/1576
f 1653/2031/1577 1651/2021/1567 1655/2027/1573 1657/2032/1578
f 1652/2025/1571 1654/2023/1569 1658/2030/1576 1656/2033/1579
f 1655/2027/1573 1656/2026/1572 1636/1995/1543 1635/1994/1542
f 1658/2030/1576 1657/2029/1575 1637/1997/1545 1638/1996/1544
f 1657/2032/1578 1655/2027/1573 1635/1994/1542 1637/1998/1546
f 1656/2033/1579 1658/2030/1576 1638/1996/1544 1636/1999/1547
f 1661/2034/1401 1662/2035/1502 1664/2036/1402 1663/2037/1503
f 1660/2038/1404 1666/2039/1404 1664/2036/1402 1662/2035/1502
f 1665/2040/1405 1659/2041/1405 1661/2034/1401 1663/2037/1503
o pTorus3
v -5.915231 -0.050962 2.593461
v -5.915118 -0.176651 2.559778
v -5.915118 -0.176651 2.870638
v -5.915118 -0.066745 2.825114
v -5.915118 -0.021221 2.715208
v -5.954089 -0.023486 2.565985
v -5.953975 -0.176651 2.520921
v -5.953975 -0.176651 2.909495
v -5.953975 -0.039269 2.852590
v -5.953975 0.017636 2.715208
v -5.915231 0.003991 2.538508
v -5.915118 -0.176651 2.482064
v -5.915118 -0.176651 2.948352
v -5.915118 -0.011793 2.880066
v -5.915118 0.056494 2.715208
v -5.876374 -0.023486 2.565985
v -5.876260 -0.176651 2.520921
v -5.876260 -0.176651 2.909495
v -5.876260 -0.039269 2.852590
v -5.876260 0.017636 2.715208
v -5.915118 -0.037671 3.521586
v -5.915118 -0.176651 3.476061
v -5.915118 -0.176651 3.786923
v -5.911727 -0.025635 3.789605
v -5.915118 0.032078 3.655772
v -5.953975 -0.010195 3.494109
v -5.953975 -0.176651 3.437205
v -5.953975 -0.176651 3.825779
v -5.950585 0.001841 3.817081
v -5.953975 0.070936 3.655772
v -5.915118 0.017282 3.466633
v -5.915118 -0.176651 3.398347
v -5.915118 -0.176651 3.864636
v -5.911727 0.029317 3.844557
v -5.915118 0.109793 3.655772
v -5.876260 -0.010195 3.494109
v -5.876260 -0.176651 3.437205
v -5.876260 -0.176651 3.825779
v -5.872870 0.001841 3.817081
v -5.876260 0.070936 3.655772
vn -0.9729 0.0744 -0.2187
vn -0.6761 -0.2008 0.7089
vn -0.7259 -0.4874 0.4853
vn -0.9575 0.2053 -0.2027
vn -0.7071 -0.5000 -0.5000
vn -0.6786 -0.2811 -0.6786
vn -0.9599 0.1072 0.2589
vn -0.9655 0.1842 0.1841
vn -0.6964 -0.7159 -0.0505
vn -0.9711 0.2380 0.0174
vn 0.0003 0.2909 -0.9567
vn -0.0003 0.7056 -0.7086
vn -0.0000 0.3827 0.9239
vn -0.0000 0.7071 0.7071
vn 0.0002 0.9992 0.0409
vn 0.9730 0.0757 -0.2182
vn 0.9574 0.2055 -0.2030
vn 0.9599 0.1072 0.2589
vn 0.9655 0.1841 0.1841
vn 0.9712 0.2377 0.0167
vn 0.6760 -0.1997 0.7093
vn 0.7262 -0.4872 0.4851
vn 0.6786 -0.2811 -0.6786
vn 0.7071 -0.5000 -0.5000
vn 0.6962 -0.7160 -0.0509
vn -0.9706 0.0831 -0.2258
vn -0.6777 -0.2338 0.6972
vn -0.7054 -0.4595 0.5397
vn -0.9696 0.1569 -0.1877
vn -0.7292 -0.3488 -0.5887
vn -0.6493 -0.0005 -0.7605
vn -0.9929 0.0566 0.1050
vn -0.9539 0.1497 0.2602
vn -0.7121 -0.7011 0.0379
vn -0.9665 0.2567 -0.0042
vn -0.0000 0.3281 -0.9446
vn -0.0000 0.6746 -0.7382
vn -0.0067 0.0748 0.9972
vn 0.0109 0.6187 0.7855
vn -0.0048 0.9996 -0.0279
vn 0.9707 0.0830 -0.2257
vn 0.9696 0.1569 -0.1877
vn 0.9926 0.0190 0.1199
vn 0.9566 0.1418 0.2546
vn 0.9649 0.2617 -0.0205
vn 0.6777 -0.2338 0.6972
vn 0.7054 -0.4595 0.5397
vn 0.6545 -0.0273 -0.7555
vn 0.7237 -0.3566 -0.5909
vn 0.7152 -0.6984 0.0276
vt 0.664462 0.403198
vt 0.666752 0.404005
vt 0.666269 0.409871
vt 0.664054 0.409671
vt 0.666285 0.421786
vt 0.666682 0.427194
vt 0.664346 0.428162
vt 0.664053 0.421939
vt 0.666215 0.416038
vt 0.664053 0.415897
vt 0.662006 0.402496
vt 0.661907 0.409620
vt 0.661854 0.428890
vt 0.661887 0.422009
vt 0.661888 0.415805
vt 0.659533 0.403135
vt 0.659764 0.409636
vt 0.659463 0.428062
vt 0.659755 0.421953
vt 0.659637 0.415876
vt 0.657222 0.403882
vt 0.657542 0.409776
vt 0.657222 0.427111
vt 0.657561 0.421786
vt 0.657393 0.415988
vt 0.383515 0.546675
vt 0.385798 0.547432
vt 0.385447 0.553998
vt 0.383237 0.553993
vt 0.385125 0.568485
vt 0.385798 0.575156
vt 0.383427 0.575548
vt 0.383008 0.568379
vt 0.385501 0.561325
vt 0.383213 0.561340
vt 0.381123 0.545986
vt 0.381066 0.554035
vt 0.380887 0.575817
vt 0.380887 0.568146
vt 0.381023 0.561324
vt 0.378720 0.546637
vt 0.378892 0.553950
vt 0.378352 0.575460
vt 0.378852 0.568290
vt 0.378735 0.561259
vt 0.376426 0.547360
vt 0.376682 0.553924
vt 0.375974 0.575132
vt 0.376667 0.568430
vt 0.376538 0.561220
s 1
f 1673/2042/1580 1668/2043/1581 1667/2044/1582 1672/2045/1583
f 1670/2046/1584 1669/2047/1585 1674/2048/1586 1675/2049/1587
f 1671/2050/1588 1670/2046/1584 1675/2049/1587 1676/2051/1589
f 1667/2044/1582 1671/2050/1588 1676/2051/1589 1672/2045/1583
f 1678/2052/1590 1673/2042/1580 1672/2045/1583 1677/2053/1591
f 1675/2049/1587 1674/2048/1586 1679/2054/1592 1680/2055/1593
f 1676/2051/1589 1675/2049/1587 1680/2055/1593 1681/2056/1594
f 1672/2045/1583 1676/2051/1589 1681/2056/1594 1677/2053/1591
f 1683/2057/1595 1678/2052/1590 1677/2053/1591 1682/2058/1596
f 1680/2055/1593 1679/2054/1592 1684/2059/1597 1685/2060/1598
f 1681/2056/1594 1680/2055/1593 1685/2060/1598 1686/2061/1599
f 1677/2053/1591 1681/2056/1594 1686/2061/1599 1682/2058/1596
f 1668/2062/1600 1683/2057/1595 1682/2058/1596 1667/2063/1601
f 1685/2060/1598 1684/2059/1597 1669/2064/1602 1670/2065/1603
f 1686/2061/1599 1685/2060/1598 1670/2065/1603 1671/2066/1604
f 1682/2058/1596 1686/2061/1599 1671/2066/1604 1667/2063/1601
f 1693/2067/1605 1688/2068/1606 1687/2069/1607 1692/2070/1608
f 1690/2071/1609 1689/2072/1610 1694/2073/1611 1695/2074/1612
f 1691/2075/1613 1690/2071/1609 1695/2074/1612 1696/2076/1614
f 1687/2069/1607 1691/2075/1613 1696/2076/1614 1692/2070/1608
f 1698/2077/1615 1693/2067/1605 1692/2070/1608 1697/2078/1616
f 1695/2074/1612 1694/2073/1611 1699/2079/1617 1700/2080/1618
f 1696/2076/1614 1695/2074/1612 1700/2080/1618 1701/2081/1619
f 1692/2070/1608 1696/2076/1614 1701/2081/1619 1697/2078/1616
f 1703/2082/1620 1698/2077/1615 1697/2078/1616 1702/2083/1621
f 1700/2080/1618 1699/2079/1617 1704/2084/1622 1705/2085/1623
f 1701/2081/1619 1700/2080/1618 1705/2085/1623 1706/2086/1624
f 1697/2078/1616 1701/2081/1619 1706/2086/1624 1702/2083/1621
f 1688/2087/1625 1703/2082/1620 1702/2083/1621 1687/2088/1626
f 1705/2085/1623 1704/2084/1622 1689/2089/1627 1690/2090/1628
f 1706/2086/1624 1705/2085/1623 1690/2090/1628 1691/2091/1629
f 1702/2083/1621 1706/2086/1624 1691/2091/1629 1687/2088/1626
o Pic_03_low
v -3.150043 -0.199387 4.154984
v -3.301534 -0.199387 4.154984
v -3.377280 -0.199387 4.286180
v -3.301534 -0.199387 4.417376
v -3.150043 -0.199387 4.417376
v -3.074296 -0.199387 4.286180
v -3.200864 3.201424 4.243009
v -3.250714 3.201424 4.243009
v -3.275639 3.201424 4.286180
v -3.250714 3.201424 4.329351
v -3.200864 3.201424 4.329351
v -3.175939 3.201424 4.286180
v -3.225789 3.269704 4.286180
v -3.215882 1.588278 3.846804
v -3.182247 1.588278 3.846804
v -3.165429 1.581185 3.818552
v -3.182247 1.574092 3.790299
v -3.215882 1.574092 3.790299
v -3.232700 1.581185 3.818552
v -3.199064 1.643055 3.803019
v -3.273040 0.802610 4.361285
v -3.307002 0.788287 4.304230
v -3.273040 0.773963 4.247175
v -3.205114 0.773963 4.247175
v -3.171151 0.788287 4.304230
v -3.205114 0.802610 4.361285
v -3.247586 1.216028 4.012881
v -3.272977 1.205320 3.970227
v -3.247586 1.194612 3.927574
v -3.196806 1.194612 3.927574
v -3.171416 1.205320 3.970227
v -3.196806 1.216028 4.012881
v -3.208746 0.691184 4.039235
v -3.180834 0.691184 4.039235
v -3.166878 0.687748 4.015308
v -3.180834 0.684313 3.991382
v -3.208746 0.684313 3.991382
v -3.222702 0.687748 4.015308
v -3.194790 0.740146 4.007785
v -3.241533 0.208765 4.292843
v -3.269716 0.201827 4.244524
v -3.241533 0.194888 4.196204
v -3.185165 0.194888 4.196204
v -3.156982 0.201826 4.244524
v -3.185166 0.208765 4.292843
v -3.233529 0.992671 4.653229
v -3.199894 0.992671 4.653229
v -3.183077 1.013279 4.632644
v -3.199894 1.033888 4.612058
v -3.233529 1.033888 4.612058
v -3.250347 1.013279 4.632644
v -3.216712 1.058360 4.677775
v -3.273040 0.399735 4.370762
v -3.307002 0.441355 4.329190
v -3.273040 0.482974 4.287618
v -3.205114 0.482974 4.287618
v -3.171151 0.441355 4.329190
v -3.205114 0.399735 4.370762
vn -0.0000 0.0259 -0.9997
vn -0.4998 0.0299 -0.8656
vn -0.9996 0.0299 -0.0000
vn -0.4998 0.0299 0.8656
vn 0.4998 0.0299 0.8656
vn 0.9996 0.0299 -0.0000
vn 0.8657 0.0259 -0.4998
vn -0.0000 1.0000 -0.0000
vn -0.2825 0.8251 -0.4893
vn -0.8077 0.5897 -0.0000
vn -0.2825 0.8251 0.4893
vn 0.4038 0.5897 0.6995
vn 0.5650 0.8251 -0.0000
vn 0.4038 0.5897 -0.6995
vn -0.4423 0.6389 0.6294
vn 0.4423 0.6389 0.6294
vn -0.0000 0.9699 -0.2435
vn 0.8846 0.4524 -0.1136
vn 0.4423 0.2658 -0.8566
vn -0.4423 0.2658 -0.8566
vn -0.8846 0.4524 -0.1136
vn -0.9820 0.1601 0.0999
vn -0.8319 0.3867 0.3981
vn -0.8405 0.3521 0.4119
vn -0.9967 0.0259 -0.0774
vn -0.5319 -0.4916 -0.6894
vn -0.4551 -0.4333 -0.7779
vn 0.5120 -0.5261 -0.6791
vn 0.4506 -0.4651 -0.7620
vn 0.9890 0.0927 0.1149
vn 0.9968 -0.0573 -0.0565
vn 0.3883 0.5893 0.7085
vn 0.5038 0.4850 0.7148
vn -0.0000 0.6444 0.7647
vn -0.0000 0.5709 0.8210
vn -0.8557 0.2699 0.4416
vn -0.9947 0.0809 -0.0636
vn -0.4659 -0.2663 -0.8438
vn 0.4918 -0.3128 -0.8126
vn 0.9988 -0.0310 -0.0374
vn 0.5264 0.3292 0.7839
vn -0.0000 0.4074 0.9132
vn -0.4423 0.5706 0.6920
vn 0.4423 0.5706 0.6920
vn -0.0000 0.9898 -0.1421
vn 0.8846 0.4617 -0.0663
vn 0.4423 0.3528 -0.8246
vn -0.4423 0.3528 -0.8246
vn -0.8846 0.4617 -0.0663
vn -0.9881 0.1323 0.0779
vn -0.8434 0.2938 0.4498
vn -0.9939 0.0494 -0.0991
vn -0.5372 -0.2947 -0.7903
vn -0.4373 -0.3221 -0.8396
vn 0.5175 -0.3343 -0.7877
vn 0.4520 -0.3478 -0.8214
vn 0.9943 0.0612 0.0868
vn 0.9956 -0.0227 -0.0912
vn 0.4249 0.4182 0.8028
vn 0.5219 0.3931 0.7570
vn -0.0000 0.4653 0.8851
vn -0.4423 -0.2124 0.8714
vn 0.4423 -0.2124 0.8714
vn -0.0000 0.7067 0.7075
vn 0.8846 0.3296 0.3300
vn 0.4423 0.8716 -0.2114
vn -0.4423 0.8716 -0.2114
vn -0.8846 0.3296 0.3300
vn -0.9881 0.0169 0.1526
vn -0.8434 -0.1842 0.5046
vn -0.9939 0.1090 -0.0198
vn -0.5372 0.4563 -0.7094
vn -0.4373 0.4794 -0.7608
vn 0.5176 0.4305 -0.7395
vn 0.4520 0.4495 -0.7705
vn 0.9943 -0.0328 0.1010
vn 0.9956 0.0594 -0.0729
vn 0.4249 -0.3924 0.8158
vn 0.5219 -0.3707 0.7682
vn -0.0000 -0.4301 0.9028
vt 0.667936 0.402827
vt 0.674234 0.402921
vt 0.670009 0.544313
vt 0.667936 0.544282
vt 0.680526 0.403203
vt 0.672079 0.544406
vt 0.686807 0.403673
vt 0.674146 0.544560
vt 0.693071 0.404331
vt 0.676207 0.544777
vt 0.699313 0.405175
vt 0.678261 0.545054
vt 0.705526 0.406205
vt 0.680306 0.545393
vt 0.432000 0.003814
vt 0.432001 0.000978
vt 0.434455 0.002397
vt 0.434455 0.005232
vt 0.432000 0.006649
vt 0.429545 0.005231
vt 0.429545 0.002396
vt 0.478838 0.030617
vt 0.478839 0.032787
vt 0.476959 0.031702
vt 0.476960 0.033872
vt 0.475081 0.032788
vt 0.475081 0.030618
vt 0.476959 0.029532
vt 0.887955 0.689689
vt 0.890602 0.688699
vt 0.890602 0.711312
vt 0.888579 0.711800
vt 0.885360 0.690855
vt 0.886616 0.712443
vt 0.882502 0.691159
vt 0.884549 0.712694
vt 0.879735 0.690492
vt 0.882499 0.712440
vt 0.876988 0.689821
vt 0.880431 0.712161
vt 0.874185 0.690224
vt 0.878336 0.712450
vt 0.890311 0.728689
vt 0.888903 0.728814
vt 0.887501 0.729068
vt 0.886088 0.729245
vt 0.884664 0.729271
vt 0.883251 0.729265
vt 0.881863 0.729445
vt 0.712353 0.000977
vt 0.713912 0.001877
vt 0.712353 0.002777
vt 0.713912 0.003677
vt 0.712353 0.004578
vt 0.710793 0.003677
vt 0.710793 0.001877
vt 0.383214 0.419123
vt 0.385528 0.418751
vt 0.383195 0.441331
vt 0.382050 0.441515
vt 0.380943 0.419702
vt 0.380925 0.441802
vt 0.378604 0.419845
vt 0.379767 0.441873
vt 0.376291 0.419466
vt 0.378622 0.441685
vt 0.373972 0.419132
vt 0.377473 0.441520
vt 0.371654 0.419476
vt 0.376325 0.441690
vt 0.770801 0.040013
vt 0.768922 0.041098
vt 0.768922 0.038928
vt 0.767043 0.040013
vt 0.767043 0.037843
vt 0.768922 0.036758
vt 0.770801 0.037843
vt 0.713799 0.112391
vt 0.716620 0.112526
vt 0.708270 0.138576
vt 0.706873 0.138509
vt 0.710978 0.112511
vt 0.705476 0.138568
vt 0.708184 0.112099
vt 0.704092 0.138364
vt 0.705550 0.111079
vt 0.702788 0.137859
vt 0.702898 0.110109
vt 0.701475 0.137379
vt 0.700079 0.109940
vt 0.700079 0.137295
s 1
f 1707/2092/1630 1708/2093/1631 1714/2094/1631 1713/2095/1630
f 1708/2093/1631 1709/2096/1632 1715/2097/1632 1714/2094/1631
f 1709/2096/1632 1710/2098/1633 1716/2099/1633 1715/2097/1632
f 1710/2098/1633 1711/2100/1634 1717/2101/1634 1716/2099/1633
f 1711/2100/1634 1712/2102/1635 1718/2103/1635 1717/2101/1634
f 1712/2102/1635 1707/2104/1636 1713/2105/1636 1718/2103/1635
f 1719/2106/1637 1714/2107/1638 1715/2108/1639 1716/2109/1640
f 1719/2106/1637 1716/2109/1640 1717/2110/1641 1718/2111/1642
f 1719/2106/1637 1718/2111/1642 1713/2112/1643 1714/2107/1638
f 1720/2113/1644 1721/2114/1645 1726/2115/1646
f 1721/2114/1645 1722/2116/1647 1726/2115/1646
f 1722/2116/1647 1723/2117/1648 1726/2115/1646
f 1723/2117/1648 1724/2118/1649 1726/2115/1646
f 1724/2118/1649 1725/2119/1650 1726/2115/1646
f 1725/2119/1650 1720/2113/1644 1726/2115/1646
f 1728/2120/1651 1727/2121/1652 1733/2122/1653 1734/2123/1654
f 1729/2124/1655 1728/2120/1651 1734/2123/1654 1735/2125/1656
f 1730/2126/1657 1729/2124/1655 1735/2125/1656 1736/2127/1658
f 1731/2128/1659 1730/2126/1657 1736/2127/1658 1737/2129/1660
f 1732/2130/1661 1731/2128/1659 1737/2129/1660 1738/2131/1662
f 1727/2132/1663 1732/2130/1661 1738/2131/1662 1733/2133/1664
f 1734/2123/1654 1733/2122/1653 1720/2134/1665 1725/2135/1666
f 1735/2125/1656 1734/2123/1654 1725/2135/1666 1724/2136/1667
f 1736/2127/1658 1735/2125/1656 1724/2136/1667 1723/2137/1668
f 1737/2129/1660 1736/2127/1658 1723/2137/1668 1722/2138/1669
f 1738/2131/1662 1737/2129/1660 1722/2138/1669 1721/2139/1670
f 1733/2133/1664 1738/2131/1662 1721/2139/1670 1720/2140/1671
f 1739/2141/1672 1740/2142/1673 1745/2143/1674
f 1740/2142/1673 1741/2144/1675 1745/2143/1674
f 1741/2144/1675 1742/2145/1676 1745/2143/1674
f 1742/2145/1676 1743/2146/1677 1745/2143/1674
f 1743/2146/1677 1744/2147/1678 1745/2143/1674
f 1744/2147/1678 1739/2141/1672 1745/2143/1674
f 1747/2148/1679 1746/2149/1680 1739/2150/1680 1744/2151/1681
f 1748/2152/1682 1747/2148/1679 1744/2151/1681 1743/2153/1683
f 1749/2154/1684 1748/2152/1682 1743/2153/1683 1742/2155/1685
f 1750/2156/1686 1749/2154/1684 1742/2155/1685 1741/2157/1687
f 1751/2158/1688 1750/2156/1686 1741/2157/1687 1740/2159/1689
f 1746/2160/1690 1751/2158/1688 1740/2159/1689 1739/2161/1690
f 1752/2162/1691 1753/2163/1692 1758/2164/1693
f 1753/2163/1692 1754/2165/1694 1758/2164/1693
f 1754/2165/1694 1755/2166/1695 1758/2164/1693
f 1755/2166/1695 1756/2167/1696 1758/2164/1693
f 1756/2167/1696 1757/2168/1697 1758/2164/1693
f 1757/2168/1697 1752/2162/1691 1758/2164/1693
f 1760/2169/1698 1759/2170/1699 1752/2171/1699 1757/2172/1700
f 1761/2173/1701 1760/2169/1698 1757/2172/1700 1756/2174/1702
f 1762/2175/1703 1761/2173/1701 1756/2174/1702 1755/2176/1704
f 1763/2177/1705 1762/2175/1703 1755/2176/1704 1754/2178/1706
f 1764/2179/1707 1763/2177/1705 1754/2178/1706 1753/2180/1708
f 1759/2181/1709 1764/2179/1707 1753/2180/1708 1752/2182/1709
o pCylinder68
v 0.129464 0.021768 16.101145
v 0.074746 0.021768 16.046429
v 0.000000 0.021768 16.026400
v -0.074746 0.021768 16.046429
v -0.129464 0.021768 16.101145
v -0.149492 0.021768 16.175892
v -0.129464 0.021768 16.250639
v -0.074746 0.021768 16.305357
v 0.000000 0.021768 16.325384
v 0.074746 0.021768 16.305357
v 0.129464 0.021768 16.250639
v 0.149492 0.021768 16.175892
v 0.202620 0.221682 16.058910
v 0.116982 0.221682 15.973272
v 0.000000 0.221682 15.941927
v -0.116982 0.221682 15.973272
v -0.202620 0.221682 16.058910
v -0.233965 0.221682 16.175892
v -0.202620 0.221682 16.292875
v -0.116982 0.221682 16.378511
v 0.000000 0.221682 16.409857
v 0.116982 0.221682 16.378511
v 0.202620 0.221682 16.292875
v 0.233965 0.221682 16.175892
v 0.175834 0.374105 16.074375
v 0.101518 0.374104 16.000059
v 0.000000 0.374104 15.972857
v -0.101518 0.374104 16.000059
v -0.175834 0.374105 16.074375
v -0.203035 0.374105 16.175892
v -0.175834 0.374105 16.277409
v -0.101518 0.374105 16.351725
v 0.000000 0.374105 16.378927
v 0.101518 0.374105 16.351725
v 0.175834 0.374105 16.277409
v 0.203035 0.374105 16.175892
v 0.124969 0.450861 16.103741
v 0.072151 0.450861 16.050922
v 0.000000 0.450861 16.031590
v -0.072151 0.450861 16.050922
v -0.124969 0.450861 16.103741
v -0.144301 0.450861 16.175892
v -0.124969 0.450861 16.248043
v -0.072151 0.450861 16.300861
v 0.000000 0.450861 16.320194
v 0.072151 0.450861 16.300861
v 0.124969 0.450861 16.248043
v 0.144301 0.450861 16.175892
v -0.000000 0.321625 16.175892
v 0.086850 0.344147 16.125750
v 0.050143 0.344147 16.089043
v -0.000000 0.344147 16.075605
v -0.050143 0.344147 16.089043
v -0.086850 0.344147 16.125750
v -0.100286 0.344147 16.175892
v -0.086850 0.344147 16.226034
v -0.050143 0.344147 16.262741
v -0.000000 0.344147 16.276178
v 0.050143 0.344147 16.262741
v 0.086850 0.344147 16.226034
v 0.100286 0.344147 16.175892
v 0.109000 0.507937 16.112961
v 0.101213 0.506843 16.117456
v 0.062931 0.507937 16.066891
v 0.058435 0.506843 16.074678
v 0.000000 0.507937 16.050030
v -0.000000 0.506843 16.059021
v -0.062931 0.507937 16.066891
v -0.058435 0.506843 16.074678
v -0.109000 0.507937 16.112961
v -0.101213 0.506843 16.117456
v -0.125863 0.507937 16.175892
v -0.116871 0.506843 16.175892
v -0.109000 0.507937 16.238823
v -0.101213 0.506843 16.234327
v -0.062931 0.507937 16.284893
v -0.058435 0.506843 16.277105
v 0.000000 0.507937 16.301754
v -0.000000 0.506843 16.292763
v 0.062931 0.507937 16.284893
v 0.058435 0.506843 16.277105
v 0.109000 0.507937 16.238823
v 0.101213 0.506843 16.234327
v 0.125863 0.507937 16.175892
v 0.116871 0.506843 16.175892
vn 0.8592 -0.1256 -0.4960
vn 0.7977 -0.3892 -0.4606
vn 0.4606 -0.3892 -0.7977
vn 0.4960 -0.1256 -0.8592
vn -0.0000 -0.3892 -0.9211
vn -0.0000 -0.1256 -0.9921
vn -0.4606 -0.3892 -0.7977
vn -0.4960 -0.1256 -0.8592
vn -0.7977 -0.3892 -0.4606
vn -0.8592 -0.1256 -0.4960
vn -0.9211 -0.3892 -0.0000
vn -0.9921 -0.1256 -0.0000
vn -0.7977 -0.3892 0.4606
vn -0.8592 -0.1256 0.4960
vn -0.4606 -0.3892 0.7977
vn -0.4960 -0.1256 0.8592
vn -0.0000 -0.3892 0.9211
vn -0.0000 -0.1256 0.9921
vn 0.4606 -0.3892 0.7977
vn 0.4960 -0.1256 0.8592
vn 0.7977 -0.3892 0.4606
vn 0.8592 -0.1256 0.4960
vn 0.9211 -0.3892 -0.0000
vn 0.9921 -0.1256 -0.0000
vn 0.4722 0.3289 -0.8178
vn 0.8178 0.3289 -0.4722
vn -0.0000 0.3289 -0.9444
vn -0.4722 0.3289 -0.8178
vn -0.8178 0.3289 -0.4722
vn -0.9444 0.3289 -0.0000
vn -0.8178 0.3289 0.4722
vn -0.4722 0.3289 0.8178
vn -0.0000 0.3289 0.9444
vn 0.4722 0.3289 0.8178
vn 0.8178 0.3289 0.4722
vn 0.9444 0.3289 -0.0000
vn 0.4253 0.5257 -0.7367
vn 0.7367 0.5257 -0.4253
vn -0.0000 0.5257 -0.8507
vn -0.4253 0.5257 -0.7367
vn -0.7367 0.5257 -0.4253
vn -0.8507 0.5257 -0.0000
vn -0.7367 0.5257 0.4253
vn -0.4253 0.5257 0.7367
vn -0.0000 0.5257 0.8507
vn 0.4253 0.5257 0.7367
vn 0.7367 0.5257 0.4253
vn 0.8507 0.5257 -0.0000
vn -0.1898 0.9757 0.1096
vn -0.0955 0.9816 0.1653
vn -0.0000 1.0000 -0.0000
vn -0.1909 0.9816 -0.0000
vn -0.0000 0.9757 0.2191
vn 0.0955 0.9816 0.1653
vn 0.1898 0.9757 0.1096
vn 0.1909 0.9816 -0.0000
vn 0.1898 0.9757 -0.1096
vn 0.0955 0.9816 -0.1653
vn -0.0000 0.9757 -0.2191
vn -0.0955 0.9816 -0.1653
vn -0.1898 0.9757 -0.1096
vn -0.1046 0.9927 0.0604
vn -0.1208 0.9927 -0.0000
vn -0.0604 0.9927 0.1046
vn -0.0000 0.9927 0.1208
vn 0.0604 0.9927 0.1046
vn 0.1046 0.9927 0.0604
vn 0.1208 0.9927 -0.0000
vn 0.1046 0.9927 -0.0604
vn 0.0604 0.9927 -0.1046
vn -0.0000 0.9927 -0.1208
vn -0.0604 0.9927 -0.1046
vn -0.1046 0.9927 -0.0604
vn 0.4758 0.3074 -0.8241
vn 0.8241 0.3074 -0.4758
vn -0.0000 0.3074 -0.9516
vn -0.4758 0.3074 -0.8241
vn -0.8241 0.3074 -0.4758
vn -0.9516 0.3074 -0.0000
vn -0.8241 0.3074 0.4758
vn -0.4758 0.3074 0.8241
vn -0.0000 0.3074 0.9516
vn 0.4758 0.3074 0.8241
vn 0.8241 0.3074 0.4758
vn 0.9516 0.3074 -0.0000
vn -0.9613 0.0980 0.2576
vn -0.9948 0.1014 -0.0000
vn -0.4974 0.1014 0.8616
vn -0.7037 0.0980 0.7037
vn -0.0000 0.1014 0.9948
vn 0.4974 0.1014 0.8616
vn 0.8616 0.1014 0.4974
vn 0.9948 0.1014 -0.0000
vn 0.8616 0.1014 -0.4974
vn 0.4974 0.1014 -0.8616
vn -0.0000 0.1014 -0.9948
vn -0.4974 0.1014 -0.8616
vn -0.8616 0.1014 -0.4974
vt 0.858620 0.804649
vt 0.867384 0.805274
vt 0.867113 0.809165
vt 0.858337 0.808539
vt 0.866916 0.813049
vt 0.858100 0.812419
vt 0.866866 0.816910
vt 0.857757 0.816260
vt 0.866993 0.820891
vt 0.857416 0.820208
vt 0.866864 0.826149
vt 0.856932 0.825440
vt 0.870518 0.776624
vt 0.869811 0.782112
vt 0.860160 0.781423
vt 0.860436 0.775904
vt 0.869022 0.785905
vt 0.859945 0.785257
vt 0.868509 0.789591
vt 0.859758 0.788967
vt 0.868182 0.793400
vt 0.859446 0.792777
vt 0.867922 0.797311
vt 0.859181 0.796687
vt 0.867679 0.801276
vt 0.858908 0.800650
vt 0.852811 0.808145
vt 0.853084 0.804253
vt 0.852483 0.812019
vt 0.852069 0.815854
vt 0.851465 0.819783
vt 0.850277 0.824965
vt 0.854159 0.780994
vt 0.853596 0.775416
vt 0.854267 0.784852
vt 0.854159 0.788567
vt 0.853941 0.792384
vt 0.853653 0.796293
vt 0.853367 0.800254
vt 0.848515 0.807838
vt 0.848775 0.803946
vt 0.848237 0.811715
vt 0.847908 0.815557
vt 0.847490 0.819499
vt 0.846603 0.821621
vt 0.850251 0.780715
vt 0.849516 0.778724
vt 0.850160 0.784559
vt 0.849956 0.788267
vt 0.849664 0.792079
vt 0.849352 0.795986
vt 0.849052 0.799946
vt 0.443071 0.006154
vt 0.441991 0.008058
vt 0.438987 0.005075
vt 0.443071 0.003965
vt 0.440095 0.009152
vt 0.437906 0.009168
vt 0.436011 0.008073
vt 0.434902 0.006186
vt 0.434902 0.003997
vt 0.435983 0.002093
vt 0.437878 0.000998
vt 0.440067 0.000982
vt 0.441963 0.002077
vt 0.489197 0.089559
vt 0.488931 0.089826
vt 0.486753 0.088568
vt 0.486851 0.088204
vt 0.490552 0.091906
vt 0.490189 0.092004
vt 0.490552 0.094617
vt 0.490189 0.094519
vt 0.489198 0.096964
vt 0.488931 0.096697
vt 0.486851 0.098319
vt 0.486753 0.097955
vt 0.484140 0.098319
vt 0.484238 0.097955
vt 0.481793 0.096964
vt 0.482060 0.096698
vt 0.480438 0.094617
vt 0.480802 0.094519
vt 0.480438 0.091907
vt 0.480802 0.092004
vt 0.481793 0.089559
vt 0.482060 0.089826
vt 0.484140 0.088204
vt 0.484238 0.088568
vt 0.845136 0.807597
vt 0.845363 0.803702
vt 0.844907 0.811478
vt 0.844721 0.815330
vt 0.844760 0.819304
vt 0.844721 0.821486
vt 0.847659 0.780530
vt 0.847875 0.778607
vt 0.847072 0.784338
vt 0.846686 0.788034
vt 0.846303 0.791839
vt 0.845945 0.795743
vt 0.845624 0.799701
vt 0.698813 0.317952
vt 0.698813 0.320239
vt 0.692043 0.320239
vt 0.692044 0.317952
vt 0.698814 0.343820
vt 0.698813 0.346106
vt 0.692044 0.346106
vt 0.692044 0.343820
vt 0.698813 0.341501
vt 0.692044 0.341501
vt 0.698813 0.339156
vt 0.692044 0.339156
vt 0.698813 0.336791
vt 0.692044 0.336791
vt 0.698813 0.334414
vt 0.692043 0.334415
vt 0.698813 0.332029
vt 0.692044 0.332030
vt 0.698813 0.329645
vt 0.692043 0.329645
vt 0.698814 0.327267
vt 0.692044 0.327268
vt 0.698813 0.324903
vt 0.692043 0.324903
vt 0.698813 0.322557
vt 0.692044 0.322558
s 1
f 1777/2183/1710 1765/2184/1711 1766/2185/1712 1778/2186/1713
f 1766/2185/1712 1767/2187/1714 1779/2188/1715 1778/2186/1713
f 1767/2187/1714 1768/2189/1716 1780/2190/1717 1779/2188/1715
f 1768/2189/1716 1769/2191/1718 1781/2192/1719 1780/2190/1717
f 1769/2191/1718 1770/2193/1720 1782/2194/1721 1781/2192/1719
f 1770/2195/1720 1771/2196/1722 1783/2197/1723 1782/2198/1721
f 1771/2196/1722 1772/2199/1724 1784/2200/1725 1783/2197/1723
f 1772/2199/1724 1773/2201/1726 1785/2202/1727 1784/2200/1725
f 1773/2201/1726 1774/2203/1728 1786/2204/1729 1785/2202/1727
f 1774/2203/1728 1775/2205/1730 1787/2206/1731 1786/2204/1729
f 1775/2205/1730 1776/2207/1732 1788/2208/1733 1787/2206/1731
f 1776/2207/1732 1765/2184/1711 1777/2183/1710 1788/2208/1733
f 1778/2186/1713 1790/2209/1734 1789/2210/1735 1777/2183/1710
f 1779/2188/1715 1791/2211/1736 1790/2209/1734 1778/2186/1713
f 1780/2190/1717 1792/2212/1737 1791/2211/1736 1779/2188/1715
f 1781/2192/1719 1793/2213/1738 1792/2212/1737 1780/2190/1717
f 1782/2194/1721 1794/2214/1739 1793/2213/1738 1781/2192/1719
f 1783/2197/1723 1795/2215/1740 1794/2216/1739 1782/2198/1721
f 1784/2200/1725 1796/2217/1741 1795/2215/1740 1783/2197/1723
f 1785/2202/1727 1797/2218/1742 1796/2217/1741 1784/2200/1725
f 1786/2204/1729 1798/2219/1743 1797/2218/1742 1785/2202/1727
f 1787/2206/1731 1799/2220/1744 1798/2219/1743 1786/2204/1729
f 1788/2208/1733 1800/2221/1745 1799/2220/1744 1787/2206/1731
f 1777/2183/1710 1789/2210/1735 1800/2221/1745 1788/2208/1733
f 1790/2209/1734 1802/2222/1746 1801/2223/1747 1789/2210/1735
f 1791/2211/1736 1803/2224/1748 1802/2222/1746 1790/2209/1734
f 1792/2212/1737 1804/2225/1749 1803/2224/1748 1791/2211/1736
f 1793/2213/1738 1805/2226/1750 1804/2225/1749 1792/2212/1737
f 1794/2214/1739 1806/2227/1751 1805/2226/1750 1793/2213/1738
f 1795/2215/1740 1807/2228/1752 1806/2229/1751 1794/2216/1739
f 1796/2217/1741 1808/2230/1753 1807/2228/1752 1795/2215/1740
f 1797/2218/1742 1809/2231/1754 1808/2230/1753 1796/2217/1741
f 1798/2219/1743 1810/2232/1755 1809/2231/1754 1797/2218/1742
f 1799/2220/1744 1811/2233/1756 1810/2232/1755 1798/2219/1743
f 1800/2221/1745 1812/2234/1757 1811/2233/1756 1799/2220/1744
f 1789/2210/1735 1801/2223/1747 1812/2234/1757 1800/2221/1745
f 1814/2235/1758 1815/2236/1759 1813/2237/1760 1825/2238/1761
f 1813/2237/1760 1815/2236/1759 1816/2239/1762 1817/2240/1763
f 1813/2237/1760 1817/2240/1763 1818/2241/1764 1819/2242/1765
f 1813/2237/1760 1819/2242/1765 1820/2243/1766 1821/2244/1767
f 1813/2237/1760 1821/2244/1767 1822/2245/1768 1823/2246/1769
f 1813/2237/1760 1823/2246/1769 1824/2247/1770 1825/2238/1761
f 1826/2248/1771 1827/2249/1771 1849/2250/1772 1848/2251/1772
f 1827/2249/1771 1826/2248/1771 1828/2252/1773 1829/2253/1773
f 1829/2253/1773 1828/2252/1773 1830/2254/1774 1831/2255/1774
f 1831/2255/1774 1830/2254/1774 1832/2256/1775 1833/2257/1775
f 1833/2257/1775 1832/2256/1775 1834/2258/1776 1835/2259/1776
f 1835/2259/1776 1834/2258/1776 1836/2260/1777 1837/2261/1777
f 1837/2261/1777 1836/2260/1777 1838/2262/1778 1839/2263/1778
f 1839/2263/1778 1838/2262/1778 1840/2264/1779 1841/2265/1779
f 1841/2265/1779 1840/2264/1779 1842/2266/1780 1843/2267/1780
f 1843/2267/1780 1842/2266/1780 1844/2268/1781 1845/2269/1781
f 1845/2269/1781 1844/2268/1781 1846/2270/1782 1847/2271/1782
f 1847/2271/1782 1846/2270/1782 1848/2251/1772 1849/2250/1772
f 1802/2222/1746 1828/2272/1783 1826/2273/1784 1801/2223/1747
f 1803/2224/1748 1830/2274/1785 1828/2272/1783 1802/2222/1746
f 1804/2225/1749 1832/2275/1786 1830/2274/1785 1803/2224/1748
f 1805/2226/1750 1834/2276/1787 1832/2275/1786 1804/2225/1749
f 1806/2227/1751 1836/2277/1788 1834/2276/1787 1805/2226/1750
f 1807/2228/1752 1838/2278/1789 1836/2279/1788 1806/2229/1751
f 1808/2230/1753 1840/2280/1790 1838/2278/1789 1807/2228/1752
f 1809/2231/1754 1842/2281/1791 1840/2280/1790 1808/2230/1753
f 1810/2232/1755 1844/2282/1792 1842/2281/1791 1809/2231/1754
f 1811/2233/1756 1846/2283/1793 1844/2282/1792 1810/2232/1755
f 1812/2234/1757 1848/2284/1794 1846/2283/1793 1811/2233/1756
f 1801/2223/1747 1826/2273/1784 1848/2284/1794 1812/2234/1757
f 1814/2285/1795 1825/2286/1796 1849/2287/1796 1827/2288/1795
f 1815/2289/1797 1814/2290/1798 1827/2291/1798 1829/2292/1797
f 1816/2293/1799 1815/2289/1797 1829/2292/1797 1831/2294/1799
f 1817/2295/1800 1816/2293/1799 1831/2294/1799 1833/2296/1800
f 1818/2297/1801 1817/2295/1800 1833/2296/1800 1835/2298/1801
f 1819/2299/1802 1818/2297/1801 1835/2298/1801 1837/2300/1802
f 1820/2301/1803 1819/2299/1802 1837/2300/1802 1839/2302/1803
f 1821/2303/1804 1820/2301/1803 1839/2302/1803 1841/2304/1804
f 1822/2305/1805 1821/2303/1804 1841/2304/1804 1843/2306/1805
f 1823/2307/1806 1822/2305/1805 1843/2306/1805 1845/2308/1806
f 1824/2309/1807 1823/2307/1806 1845/2308/1806 1847/2310/1807
f 1825/2286/1796 1824/2309/1807 1847/2310/1807 1849/2287/1796
o pCylinder67
v 0.129464 0.021768 16.650381
v 0.074746 0.021768 16.595663
v 0.000000 0.021768 16.575636
v -0.074746 0.021768 16.595663
v -0.129464 0.021768 16.650381
v -0.149492 0.021768 16.725128
v -0.129464 0.021768 16.799875
v -0.074746 0.021768 16.854593
v 0.000000 0.021768 16.874620
v 0.074746 0.021768 16.854593
v 0.129464 0.021768 16.799875
v 0.149492 0.021768 16.725128
v 0.168004 0.130969 16.628132
v 0.096997 0.130969 16.557125
v 0.000000 0.130969 16.531134
v -0.096997 0.130969 16.557125
v -0.168004 0.130969 16.628132
v -0.193994 0.130969 16.725128
v -0.168004 0.130969 16.822124
v -0.096997 0.130969 16.893131
v 0.000000 0.130969 16.919123
v 0.096997 0.130969 16.893131
v 0.168004 0.130969 16.822124
v 0.193994 0.130969 16.725128
v 0.166559 0.076392 16.628965
v 0.192325 0.076392 16.725128
v 0.166559 0.076392 16.821291
v 0.096163 0.076392 16.891687
v 0.000000 0.076392 16.917454
v -0.096163 0.076392 16.891687
v -0.166559 0.076392 16.821291
v -0.192325 0.076392 16.725128
v -0.166559 0.076392 16.628965
v -0.096163 0.076392 16.558569
v 0.000000 0.076392 16.532803
v 0.096163 0.076392 16.558569
v 0.133764 0.183169 16.647900
v 0.077229 0.183169 16.591364
v 0.000000 0.183169 16.570671
v -0.077229 0.183169 16.591364
v -0.133764 0.183169 16.647900
v -0.154458 0.183169 16.725128
v -0.133764 0.183169 16.802357
v -0.077229 0.183169 16.858892
v 0.000000 0.183169 16.879585
v 0.077229 0.183169 16.858892
v 0.133764 0.183169 16.802357
v 0.154458 0.183169 16.725128
v 0.126063 0.212647 16.652346
v 0.072783 0.212647 16.599066
v 0.000000 0.212647 16.579563
v -0.072783 0.212647 16.599066
v -0.126063 0.212647 16.652346
v -0.145565 0.212647 16.725128
v -0.126063 0.212647 16.797911
v -0.072783 0.212647 16.851191
v 0.000000 0.212647 16.870693
v 0.072783 0.212647 16.851191
v 0.126063 0.212647 16.797911
v 0.145565 0.212647 16.725128
v 0.131869 0.262753 16.648994
v 0.076134 0.262753 16.593260
v 0.000000 0.262753 16.572859
v -0.076134 0.262753 16.593260
v -0.131869 0.262753 16.648994
v -0.152269 0.262753 16.725128
v -0.131869 0.262753 16.801262
v -0.076134 0.262753 16.856997
v 0.000000 0.262753 16.877398
v 0.076134 0.262753 16.856997
v 0.131869 0.262753 16.801262
v 0.152269 0.262753 16.725128
v 0.120385 0.262100 16.655624
v 0.069505 0.262100 16.604742
v 0.000000 0.262100 16.586119
v -0.069505 0.262100 16.604742
v -0.120385 0.262100 16.655624
v -0.139009 0.262100 16.725128
v -0.120385 0.262100 16.794632
v -0.069505 0.262100 16.845514
v 0.000000 0.262100 16.864138
v 0.069505 0.262100 16.845514
v 0.120385 0.262100 16.794632
v 0.139009 0.262100 16.725128
v -0.000000 0.171673 16.725128
v 0.086850 0.182932 16.674986
v 0.050143 0.182932 16.638279
v -0.000000 0.182932 16.624842
v -0.050143 0.182932 16.638279
v -0.086850 0.182932 16.674986
v -0.100286 0.182932 16.725128
v -0.086850 0.182932 16.775270
v -0.050143 0.182932 16.811977
v -0.000000 0.182932 16.825415
v 0.050143 0.182932 16.811977
v 0.086850 0.182932 16.775270
v 0.100286 0.182932 16.725128
vn 0.6815 -0.6171 -0.3935
vn 0.3935 -0.6171 -0.6815
vn 0.4699 -0.3416 -0.8139
vn 0.8139 -0.3416 -0.4699
vn -0.0000 -0.6171 -0.7869
vn -0.0000 -0.3416 -0.9399
vn -0.3935 -0.6171 -0.6815
vn -0.4699 -0.3416 -0.8139
vn -0.6815 -0.6171 -0.3935
vn -0.8139 -0.3416 -0.4699
vn -0.7869 -0.6171 -0.0000
vn -0.9399 -0.3416 -0.0000
vn -0.6815 -0.6171 0.3935
vn -0.8139 -0.3416 0.4699
vn -0.3935 -0.6171 0.6815
vn -0.4699 -0.3416 0.8139
vn -0.0000 -0.6171 0.7869
vn -0.0000 -0.3416 0.9399
vn 0.3935 -0.6171 0.6815
vn 0.4699 -0.3416 0.8139
vn 0.6815 -0.6171 0.3935
vn 0.8139 -0.3416 0.4699
vn 0.7869 -0.6171 -0.0000
vn 0.9399 -0.3416 -0.0000
vn 0.8656 -0.0306 -0.4998
vn 0.9995 -0.0306 -0.0000
vn 0.8656 -0.0306 0.4998
vn 0.4998 -0.0306 0.8656
vn -0.0000 -0.0306 0.9995
vn -0.4998 -0.0306 0.8656
vn -0.8656 -0.0306 0.4998
vn -0.9995 -0.0306 -0.0000
vn -0.8656 -0.0306 -0.4998
vn -0.4998 -0.0306 -0.8656
vn -0.0000 -0.0306 -0.9995
vn 0.4998 -0.0306 -0.8656
vn 0.6904 0.6038 -0.3986
vn 0.3986 0.6038 -0.6904
vn 0.4245 0.5284 -0.7353
vn 0.7353 0.5284 -0.4245
vn -0.0000 0.6038 -0.7972
vn -0.0000 0.5284 -0.8490
vn -0.3986 0.6038 -0.6904
vn -0.4245 0.5284 -0.7353
vn -0.6904 0.6038 -0.3986
vn -0.7353 0.5284 -0.4245
vn -0.7972 0.6038 -0.0000
vn -0.8490 0.5284 -0.0000
vn -0.6904 0.6038 0.3986
vn -0.7353 0.5284 0.4245
vn -0.3986 0.6038 0.6904
vn -0.4245 0.5284 0.7353
vn -0.0000 0.6038 0.7972
vn -0.0000 0.5284 0.8490
vn 0.3986 0.6038 0.6904
vn 0.4245 0.5284 0.7353
vn 0.6904 0.6038 0.3986
vn 0.7353 0.5284 0.4245
vn 0.7972 0.6038 -0.0000
vn 0.8490 0.5284 -0.0000
vn 0.4998 0.0308 -0.8656
vn 0.8656 0.0308 -0.4998
vn -0.0000 0.0308 -0.9995
vn -0.4998 0.0308 -0.8656
vn -0.8656 0.0308 -0.4998
vn -0.9995 0.0308 -0.0000
vn -0.8656 0.0308 0.4998
vn -0.4998 0.0308 0.8656
vn -0.0000 0.0308 0.9995
vn 0.4998 0.0308 0.8656
vn 0.8656 0.0308 0.4998
vn 0.9995 0.0308 -0.0000
vn 0.4956 -0.1326 -0.8584
vn 0.8584 -0.1326 -0.4956
vn -0.0000 -0.1326 -0.9912
vn -0.4956 -0.1326 -0.8584
vn -0.8584 -0.1326 -0.4956
vn -0.9912 -0.1326 -0.0000
vn -0.8584 -0.1326 0.4956
vn -0.4956 -0.1326 0.8584
vn -0.0000 -0.1326 0.9912
vn 0.4956 -0.1326 0.8584
vn 0.8584 -0.1326 0.4956
vn 0.9912 -0.1326 -0.0000
vn -0.0246 0.9988 0.0426
vn -0.0426 0.9988 0.0246
vn -0.0000 0.9988 0.0491
vn 0.0246 0.9988 0.0426
vn 0.0426 0.9988 0.0246
vn 0.0492 0.9988 -0.0000
vn 0.0426 0.9988 -0.0246
vn 0.0246 0.9988 -0.0426
vn -0.0000 0.9988 -0.0492
vn -0.0246 0.9988 -0.0426
vn -0.0426 0.9988 -0.0246
vn -0.0492 0.9988 -0.0000
vn -0.7779 0.4394 0.4491
vn -0.8983 0.4394 -0.0000
vn -0.4491 0.4394 0.7779
vn -0.0000 0.4394 0.8983
vn 0.4491 0.4394 0.7779
vn 0.7779 0.4394 0.4491
vn 0.8983 0.4394 -0.0000
vn 0.7779 0.4394 -0.4491
vn 0.4491 0.4394 -0.7779
vn 0.2340 0.4272 -0.8734
vn -0.4491 0.4394 -0.7779
vn -0.2340 0.4272 -0.8734
vn -0.7779 0.4394 -0.4491
vn -0.0966 0.9938 0.0558
vn -0.0484 0.9953 0.0838
vn -0.0000 1.0000 -0.0000
vn -0.0968 0.9953 -0.0000
vn -0.0000 0.9938 0.1116
vn 0.0484 0.9953 0.0838
vn 0.0966 0.9938 0.0558
vn 0.0968 0.9953 -0.0000
vn 0.0966 0.9938 -0.0558
vn 0.0484 0.9953 -0.0838
vn -0.0000 0.9938 -0.1116
vn -0.0484 0.9953 -0.0838
vn -0.0966 0.9938 -0.0558
vt 0.702578 0.214019
vt 0.702578 0.217844
vt 0.699989 0.217844
vt 0.699989 0.214019
vt 0.702578 0.221669
vt 0.699989 0.221670
vt 0.702578 0.225492
vt 0.699989 0.225496
vt 0.702578 0.229302
vt 0.699989 0.229329
vt 0.702578 0.233048
vt 0.699990 0.233194
vt 0.702578 0.236444
vt 0.699989 0.237253
vt 0.702578 0.191595
vt 0.702578 0.194990
vt 0.699989 0.194845
vt 0.699989 0.190785
vt 0.702578 0.198737
vt 0.699989 0.198710
vt 0.702578 0.202547
vt 0.699989 0.202542
vt 0.702578 0.206370
vt 0.699989 0.206369
vt 0.702578 0.210194
vt 0.699989 0.210194
vt 0.697401 0.214019
vt 0.697400 0.210194
vt 0.697401 0.206368
vt 0.697400 0.202541
vt 0.697400 0.198701
vt 0.697401 0.194801
vt 0.697400 0.190600
vt 0.697401 0.237438
vt 0.697401 0.233238
vt 0.697400 0.229338
vt 0.697401 0.225498
vt 0.697400 0.221670
vt 0.697400 0.217844
vt 0.280322 0.177556
vt 0.280322 0.180964
vt 0.277834 0.180964
vt 0.277834 0.177556
vt 0.280322 0.184373
vt 0.277834 0.184373
vt 0.280322 0.187783
vt 0.277834 0.187782
vt 0.280322 0.191198
vt 0.277834 0.191191
vt 0.280322 0.194650
vt 0.277834 0.194598
vt 0.280322 0.198387
vt 0.277834 0.197949
vt 0.280322 0.156724
vt 0.280322 0.160462
vt 0.277834 0.160514
vt 0.277834 0.157163
vt 0.280322 0.163914
vt 0.277834 0.163920
vt 0.280322 0.167329
vt 0.277834 0.167330
vt 0.280322 0.170738
vt 0.277834 0.170738
vt 0.280322 0.174147
vt 0.277834 0.174147
vt 0.276462 0.180964
vt 0.276463 0.177556
vt 0.276462 0.184372
vt 0.276463 0.187781
vt 0.276463 0.191189
vt 0.276463 0.194584
vt 0.276463 0.197902
vt 0.276463 0.160528
vt 0.276463 0.157209
vt 0.276463 0.163923
vt 0.276463 0.167330
vt 0.276463 0.170739
vt 0.276462 0.174147
vt 0.274189 0.180964
vt 0.274189 0.177556
vt 0.274189 0.184372
vt 0.274189 0.187781
vt 0.274189 0.191188
vt 0.274189 0.194590
vt 0.274189 0.198025
vt 0.274189 0.160521
vt 0.274189 0.157087
vt 0.274189 0.163924
vt 0.274189 0.167330
vt 0.274189 0.170739
vt 0.274189 0.174147
vt 0.456209 0.002621
vt 0.455819 0.003012
vt 0.453228 0.001516
vt 0.453371 0.000983
vt 0.457848 0.005460
vt 0.457315 0.005603
vt 0.457848 0.008737
vt 0.457315 0.008594
vt 0.456209 0.011576
vt 0.455819 0.011185
vt 0.453371 0.013214
vt 0.453228 0.012681
vt 0.450093 0.013214
vt 0.450236 0.012681
vt 0.447255 0.011576
vt 0.447645 0.011185
vt 0.445616 0.008737
vt 0.446150 0.008594
vt 0.445616 0.005460
vt 0.446150 0.005603
vt 0.447255 0.002621
vt 0.447645 0.003012
vt 0.450093 0.000982
vt 0.450236 0.001516
vt 0.280571 0.243145
vt 0.280571 0.245664
vt 0.276869 0.245663
vt 0.276868 0.243145
vt 0.280571 0.240628
vt 0.276869 0.240627
vt 0.280571 0.238111
vt 0.276869 0.238110
vt 0.280571 0.235593
vt 0.276868 0.235593
vt 0.280571 0.233076
vt 0.276868 0.233076
vt 0.280571 0.230558
vt 0.276869 0.230558
vt 0.280572 0.228036
vt 0.276869 0.228036
vt 0.280572 0.225502
vt 0.276868 0.225501
vt 0.280571 0.222920
vt 0.276867 0.222920
vt 0.280571 0.250720
vt 0.280570 0.253301
vt 0.276868 0.253301
vt 0.276868 0.250720
vt 0.280570 0.248185
vt 0.276868 0.248185
vt 0.761734 0.006106
vt 0.760654 0.007984
vt 0.757692 0.005026
vt 0.761734 0.003940
vt 0.758778 0.009066
vt 0.756612 0.009070
vt 0.754736 0.007986
vt 0.753650 0.006112
vt 0.753651 0.003946
vt 0.754731 0.002069
vt 0.756607 0.000986
vt 0.758773 0.000982
vt 0.760648 0.002065
s 1
f 1850/2311/1808 1851/2312/1809 1885/2313/1810 1874/2314/1811
f 1851/2312/1809 1852/2315/1812 1884/2316/1813 1885/2313/1810
f 1852/2315/1812 1853/2317/1814 1883/2318/1815 1884/2316/1813
f 1853/2317/1814 1854/2319/1816 1882/2320/1817 1883/2318/1815
f 1854/2319/1816 1855/2321/1818 1881/2322/1819 1882/2320/1817
f 1855/2321/1818 1856/2323/1820 1880/2324/1821 1881/2322/1819
f 1856/2325/1820 1857/2326/1822 1879/2327/1823 1880/2328/1821
f 1857/2326/1822 1858/2329/1824 1878/2330/1825 1879/2327/1823
f 1858/2329/1824 1859/2331/1826 1877/2332/1827 1878/2330/1825
f 1859/2331/1826 1860/2333/1828 1876/2334/1829 1877/2332/1827
f 1860/2333/1828 1861/2335/1830 1875/2336/1831 1876/2334/1829
f 1861/2335/1830 1850/2311/1808 1874/2314/1811 1875/2336/1831
f 1875/2336/1831 1874/2314/1811 1862/2337/1832 1873/2338/1833
f 1876/2334/1829 1875/2336/1831 1873/2338/1833 1872/2339/1834
f 1877/2332/1827 1876/2334/1829 1872/2339/1834 1871/2340/1835
f 1878/2330/1825 1877/2332/1827 1871/2340/1835 1870/2341/1836
f 1879/2327/1823 1878/2330/1825 1870/2341/1836 1869/2342/1837
f 1880/2328/1821 1879/2327/1823 1869/2342/1837 1868/2343/1838
f 1881/2322/1819 1880/2324/1821 1868/2344/1838 1867/2345/1839
f 1882/2320/1817 1881/2322/1819 1867/2345/1839 1866/2346/1840
f 1883/2318/1815 1882/2320/1817 1866/2346/1840 1865/2347/1841
f 1884/2316/1813 1883/2318/1815 1865/2347/1841 1864/2348/1842
f 1885/2313/1810 1884/2316/1813 1864/2348/1842 1863/2349/1843
f 1874/2314/1811 1885/2313/1810 1863/2349/1843 1862/2337/1832
f 1862/2350/1844 1863/2351/1845 1887/2352/1846 1886/2353/1847
f 1863/2351/1845 1864/2354/1848 1888/2355/1849 1887/2352/1846
f 1864/2354/1848 1865/2356/1850 1889/2357/1851 1888/2355/1849
f 1865/2356/1850 1866/2358/1852 1890/2359/1853 1889/2357/1851
f 1866/2358/1852 1867/2360/1854 1891/2361/1855 1890/2359/1853
f 1867/2360/1854 1868/2362/1856 1892/2363/1857 1891/2361/1855
f 1868/2364/1856 1869/2365/1858 1893/2366/1859 1892/2367/1857
f 1869/2365/1858 1870/2368/1860 1894/2369/1861 1893/2366/1859
f 1870/2368/1860 1871/2370/1862 1895/2371/1863 1894/2369/1861
f 1871/2370/1862 1872/2372/1864 1896/2373/1865 1895/2371/1863
f 1872/2372/1864 1873/2374/1866 1897/2375/1867 1896/2373/1865
f 1873/2374/1866 1862/2350/1844 1886/2353/1847 1897/2375/1867
f 1886/2353/1847 1887/2352/1846 1899/2376/1868 1898/2377/1869
f 1887/2352/1846 1888/2355/1849 1900/2378/1870 1899/2376/1868
f 1888/2355/1849 1889/2357/1851 1901/2379/1871 1900/2378/1870
f 1889/2357/1851 1890/2359/1853 1902/2380/1872 1901/2379/1871
f 1890/2359/1853 1891/2361/1855 1903/2381/1873 1902/2380/1872
f 1891/2361/1855 1892/2363/1857 1904/2382/1874 1903/2381/1873
f 1892/2367/1857 1893/2366/1859 1905/2383/1875 1904/2384/1874
f 1893/2366/1859 1894/2369/1861 1906/2385/1876 1905/2383/1875
f 1894/2369/1861 1895/2371/1863 1907/2386/1877 1906/2385/1876
f 1895/2371/1863 1896/2373/1865 1908/2387/1878 1907/2386/1877
f 1896/2373/1865 1897/2375/1867 1909/2388/1879 1908/2387/1878
f 1897/2375/1867 1886/2353/1847 1898/2377/1869 1909/2388/1879
f 1899/2376/1868 1911/2389/1880 1910/2390/1881 1898/2377/1869
f 1900/2378/1870 1912/2391/1882 1911/2389/1880 1899/2376/1868
f 1901/2379/1871 1913/2392/1883 1912/2391/1882 1900/2378/1870
f 1902/2380/1872 1914/2393/1884 1913/2392/1883 1901/2379/1871
f 1903/2381/1873 1915/2394/1885 1914/2393/1884 1902/2380/1872
f 1904/2382/1874 1916/2395/1886 1915/2394/1885 1903/2381/1873
f 1905/2383/1875 1917/2396/1887 1916/2397/1886 1904/2384/1874
f 1906/2385/1876 1918/2398/1888 1917/2396/1887 1905/2383/1875
f 1907/2386/1877 1919/2399/1889 1918/2398/1888 1906/2385/1876
f 1908/2387/1878 1920/2400/1890 1919/2399/1889 1907/2386/1877
f 1909/2388/1879 1921/2401/1891 1920/2400/1890 1908/2387/1878
f 1898/2377/1869 1910/2390/1881 1921/2401/1891 1909/2388/1879
f 1911/2402/1892 1923/2403/1892 1922/2404/1893 1910/2405/1893
f 1912/2406/1894 1924/2407/1894 1923/2403/1892 1911/2402/1892
f 1913/2408/1895 1925/2409/1895 1924/2407/1894 1912/2406/1894
f 1914/2410/1896 1926/2411/1896 1925/2409/1895 1913/2408/1895
f 1915/2412/1897 1927/2413/1897 1926/2411/1896 1914/2410/1896
f 1916/2414/1898 1928/2415/1898 1927/2413/1897 1915/2412/1897
f 1917/2416/1899 1929/2417/1899 1928/2415/1898 1916/2414/1898
f 1918/2418/1900 1930/2419/1900 1929/2417/1899 1917/2416/1899
f 1919/2420/1901 1931/2421/1901 1930/2419/1900 1918/2418/1900
f 1920/2422/1902 1932/2423/1902 1931/2421/1901 1919/2420/1901
f 1921/2424/1903 1933/2425/1903 1932/2423/1902 1920/2422/1902
f 1910/2405/1893 1922/2404/1893 1933/2425/1903 1921/2424/1903
f 1935/2426/1904 1946/2427/1905 1933/2428/1905 1922/2429/1904
f 1936/2430/1906 1935/2426/1904 1922/2429/1904 1923/2431/1906
f 1937/2432/1907 1936/2430/1906 1923/2431/1906 1924/2433/1907
f 1938/2434/1908 1937/2432/1907 1924/2433/1907 1925/2435/1908
f 1939/2436/1909 1938/2434/1908 1925/2435/1908 1926/2437/1909
f 1940/2438/1910 1939/2436/1909 1926/2437/1909 1927/2439/1910
f 1941/2440/1911 1940/2438/1910 1927/2439/1910 1928/2441/1911
f 1942/2442/1912 1941/2440/1911 1928/2441/1911 1929/2443/1912
f 1943/2444/1913 1942/2442/1912 1929/2443/1912 1930/2445/1913
f 1944/2446/1914 1943/2447/1915 1930/2448/1915 1931/2449/1914
f 1945/2450/1916 1944/2446/1914 1931/2449/1914 1932/2451/1916
f 1946/2427/1905 1945/2450/1916 1932/2451/1916 1933/2428/1905
f 1935/2452/1917 1936/2453/1918 1934/2454/1919 1946/2455/1920
f 1934/2454/1919 1936/2453/1918 1937/2456/1921 1938/2457/1922
f 1934/2454/1919 1938/2457/1922 1939/2458/1923 1940/2459/1924
f 1934/2454/1919 1940/2459/1924 1941/2460/1925 1942/2461/1926
f 1934/2454/1919 1942/2461/1926 1943/2462/1927 1944/2463/1928
f 1934/2454/1919 1944/2463/1928 1945/2464/1929 1946/2455/1920
o Barque_01_low
v -3.781006 0.281486 15.736652
v -3.607336 0.281486 15.736652
v -3.781006 0.304128 15.736652
v -3.607336 0.304128 15.736652
v -3.781006 0.304128 14.446728
v -3.607336 0.304128 14.446729
v -3.781006 0.281486 14.446728
v -3.607336 0.281486 14.446729
v -4.868464 0.030381 15.091689
v -3.694170 0.030381 15.091689
v -2.519878 0.030381 15.091689
v -1.562422 0.030381 15.091689
v -3.694170 0.099299 15.599068
v -2.724109 0.099299 15.490887
v -4.664233 0.099299 15.490887
v -2.047134 0.099299 15.272735
v -1.855140 0.099299 15.091689
v -5.341208 0.099299 15.272735
v -5.533201 0.099299 15.091689
v -4.664233 0.099299 15.091689
v -3.694170 0.099299 15.091689
v -2.724109 0.099299 15.091689
v -3.694170 0.193591 15.706649
v -4.918107 0.193591 15.605302
v -5.741575 0.193591 15.270343
v -5.951305 0.193591 15.091689
v -1.437036 0.193591 15.091689
v -1.646766 0.193591 15.270343
v -2.470235 0.193591 15.605302
v -3.694967 0.331918 15.751423
v -3.694170 0.320684 15.783543
v -2.391806 0.332090 15.632491
v -2.344730 0.321772 15.664001
v -4.998513 0.331918 15.634082
v -5.043586 0.321746 15.663989
v -1.497195 0.356742 15.283694
v -1.405714 0.345439 15.287017
v -1.258589 0.369804 15.091689
v -1.150338 0.360848 15.091689
v -5.872855 0.331918 15.286582
v -5.982901 0.321569 15.287035
v -6.171367 0.378572 15.091689
v -6.269557 0.379257 15.091689
v -3.694170 0.030381 15.565466
v -3.694170 0.082015 15.649820
v -2.533036 0.030381 15.482737
v -2.503589 0.083934 15.563026
v -4.855678 0.030381 15.484428
v -4.884752 0.083934 15.563026
v -1.704253 0.111978 15.261382
v -1.694347 0.030381 15.198082
v -5.596351 0.030381 15.199812
v -5.662439 0.081243 15.258008
v -5.733064 0.030381 15.091689
v -5.866256 0.082885 15.091689
v -3.694170 0.099299 14.584312
v -2.724109 0.099299 14.692493
v -4.664233 0.099299 14.692493
v -2.047134 0.099299 14.910645
v -5.341208 0.099299 14.910645
v -3.694170 0.193591 14.476731
v -4.918107 0.193591 14.578078
v -5.741575 0.193591 14.913037
v -1.646766 0.193591 14.913037
v -2.470235 0.193591 14.578078
v -3.694967 0.331918 14.431955
v -3.694170 0.320684 14.399837
v -2.391806 0.332090 14.550889
v -2.344730 0.321772 14.519379
v -4.998513 0.331918 14.549298
v -5.043586 0.321746 14.519391
v -1.497195 0.356742 14.899685
v -1.405714 0.345439 14.896363
v -5.872855 0.331918 14.896798
v -5.982901 0.321569 14.896345
v -3.694170 0.030381 14.617912
v -3.694170 0.082015 14.533560
v -2.533036 0.030381 14.700644
v -2.503589 0.083934 14.620354
v -4.855678 0.030381 14.698952
v -4.884752 0.083934 14.620354
v -1.704253 0.111978 14.921997
v -1.694347 0.030381 14.985298
v -5.596351 0.030381 14.983568
v -5.662439 0.081243 14.925372
v -1.499729 0.111986 15.091689
v -5.837627 0.033505 15.074126
v -5.823574 0.041820 15.073831
v -5.810895 0.043434 15.083997
v -5.807016 0.037402 15.098669
v -5.814212 0.027257 15.109254
v -5.828265 0.018942 15.109550
v -5.840945 0.017328 15.099383
v -5.844822 0.023360 15.084711
v -5.988552 0.198922 15.076838
v -5.974498 0.198922 15.076542
v -5.961819 0.198922 15.086708
v -5.957941 0.198922 15.101380
v -5.965137 0.198922 15.111965
v -5.979190 0.198922 15.112261
v -5.991869 0.198922 15.102095
v -5.995747 0.198922 15.087421
v -6.354281 0.391269 15.079695
v -6.346318 0.404959 15.075706
v -6.335812 0.414852 15.083349
v -6.328916 0.415155 15.098152
v -6.329670 0.405688 15.111438
v -6.337633 0.391999 15.115429
v -6.348140 0.382105 15.107783
v -6.355036 0.381803 15.092982
v -6.358671 0.399448 15.084616
v -6.354602 0.408587 15.081534
v -6.348514 0.415850 15.085977
v -6.343972 0.416984 15.095338
v -6.343637 0.411324 15.104136
v -6.347706 0.402186 15.107217
v -6.353795 0.394922 15.102776
v -6.358336 0.393788 15.093413
v -6.356288 0.412710 15.091689
v -1.550714 0.033505 15.074126
v -1.564767 0.041820 15.073831
v -1.577446 0.043434 15.083997
v -1.581325 0.037402 15.098669
v -1.574129 0.027257 15.109254
v -1.560076 0.018942 15.109550
v -1.547396 0.017328 15.099383
v -1.543519 0.023360 15.084711
v -1.399789 0.198922 15.076838
v -1.413843 0.198922 15.076542
v -1.426522 0.198922 15.086708
v -1.430400 0.198922 15.101380
v -1.423205 0.198922 15.111965
v -1.409151 0.198922 15.112261
v -1.396472 0.198922 15.102095
v -1.392594 0.198922 15.087421
v -1.034060 0.391269 15.079695
v -1.042023 0.404959 15.075706
v -1.052530 0.414852 15.083349
v -1.059426 0.415155 15.098152
v -1.058671 0.405688 15.111438
v -1.050708 0.391999 15.115429
v -1.040202 0.382105 15.107783
v -1.033306 0.381803 15.092982
v -1.029671 0.399448 15.084616
v -1.033739 0.408587 15.081534
v -1.039828 0.415850 15.085977
v -1.044369 0.416984 15.095338
v -1.044704 0.411324 15.104136
v -1.040635 0.402186 15.107217
v -1.034547 0.394922 15.102776
v -1.030005 0.393788 15.093413
v -1.032053 0.412710 15.091689
v -2.810944 0.281486 15.655647
v -2.637274 0.281486 15.631986
v -2.810944 0.304128 15.655647
v -2.637274 0.304128 15.631986
v -2.810944 0.304128 14.527733
v -2.637274 0.304128 14.551394
v -2.810944 0.281486 14.527733
v -2.637274 0.281486 14.551394
v -4.577397 0.281486 15.655647
v -4.751068 0.281486 15.631986
v -4.577397 0.304128 15.655647
v -4.751068 0.304128 15.631986
v -4.577397 0.304128 14.527733
v -4.751068 0.304128 14.551394
v -4.577397 0.281486 14.527733
v -4.751068 0.281486 14.551394
v -1.750021 0.033505 14.948522
v -1.764074 0.041820 14.948817
v -1.776754 0.043434 14.938651
v -1.780631 0.037402 14.923977
v -1.773436 0.027257 14.913392
v -1.759383 0.018942 14.913097
v -1.746703 0.017328 14.923263
v -1.742825 0.023360 14.937936
v -1.614279 0.193591 14.930600
v -1.628332 0.193591 14.930896
v -1.641011 0.193591 14.920730
v -1.644889 0.193591 14.906057
v -1.637694 0.193591 14.895473
v -1.623640 0.193591 14.895177
v -1.610961 0.193591 14.905343
v -1.607083 0.193591 14.920016
v -1.356265 0.339533 14.899256
v -1.364228 0.353223 14.903245
v -1.374735 0.363116 14.895600
v -1.381631 0.363419 14.880798
v -1.380877 0.353952 14.867512
v -1.372914 0.340263 14.863522
v -1.362407 0.330369 14.871167
v -1.355510 0.330067 14.885968
v -1.351875 0.347712 14.894335
v -1.355944 0.356851 14.897416
v -1.362032 0.364114 14.892974
v -1.366574 0.365248 14.883612
v -1.366909 0.359588 14.874814
v -1.362840 0.350450 14.871734
v -1.356751 0.343186 14.876174
v -1.352210 0.342052 14.885537
v -1.354259 0.360974 14.887260
v -2.504789 0.041050 14.627720
v -2.519878 0.045470 14.632138
v -2.534966 0.041050 14.627720
v -2.541216 0.030381 14.617049
v -2.534966 0.019712 14.606381
v -2.519878 0.015293 14.601962
v -2.504789 0.019712 14.606381
v -2.498539 0.030381 14.617049
v -2.455147 0.204260 14.564798
v -2.470235 0.208680 14.569219
v -2.485323 0.204260 14.564798
v -2.491573 0.193591 14.554130
v -2.485323 0.182922 14.543461
v -2.470235 0.178503 14.539041
v -2.455147 0.182922 14.543461
v -2.448897 0.193591 14.554130
v -2.318719 0.317077 14.510738
v -2.328972 0.328996 14.515159
v -2.344035 0.333500 14.510738
v -2.355085 0.327951 14.500070
v -2.355649 0.315599 14.489401
v -2.345395 0.303680 14.484982
v -2.330332 0.299176 14.489401
v -2.319282 0.304725 14.500070
v -2.319131 0.324346 14.503164
v -2.324734 0.332720 14.505996
v -2.333970 0.336748 14.503164
v -2.341429 0.334071 14.496325
v -2.342741 0.326255 14.489489
v -2.337137 0.317881 14.486656
v -2.327901 0.313852 14.489489
v -2.320442 0.316530 14.496325
v -2.327919 0.334096 14.495464
v -3.684244 0.047572 14.553636
v -3.700250 0.047581 14.556877
v -3.712695 0.037514 14.553636
v -3.714289 0.023269 14.545807
v -3.704097 0.013190 14.537980
v -3.688091 0.013182 14.534738
v -3.675646 0.023248 14.537980
v -3.674052 0.037493 14.545807
v -3.684992 0.331483 14.390508
v -3.700999 0.331491 14.393750
v -3.713444 0.321425 14.390508
v -3.715037 0.307180 14.382681
v -3.704846 0.297101 14.374853
v -3.688838 0.297093 14.371612
v -3.676394 0.307159 14.374853
v -3.674800 0.321404 14.382681
v -3.694170 0.030381 14.545807
v -3.689702 0.338014 14.380095
v -3.701009 0.338020 14.382385
v -3.709799 0.330909 14.380095
v -3.710925 0.320847 14.374565
v -3.703726 0.313728 14.369037
v -3.692419 0.313721 14.366746
v -3.683628 0.320832 14.369037
v -3.682503 0.330894 14.374565
v -3.697590 0.333017 14.366661
v -4.883552 0.041050 14.627720
v -4.868464 0.045470 14.632138
v -4.853375 0.041050 14.627720
v -4.847126 0.030381 14.617049
v -4.853375 0.019712 14.606380
v -4.868464 0.015293 14.601962
v -4.883552 0.019712 14.606380
v -4.889802 0.030381 14.617049
v -4.933195 0.204260 14.564798
v -4.918106 0.208680 14.569219
v -4.903018 0.204260 14.564798
v -4.896768 0.193591 14.554130
v -4.903018 0.182922 14.543461
v -4.918106 0.178503 14.539041
v -4.933195 0.182922 14.543461
v -4.939445 0.193591 14.554130
v -5.069623 0.317077 14.510738
v -5.059370 0.328996 14.515159
v -5.044306 0.333500 14.510738
v -5.033256 0.327951 14.500070
v -5.032693 0.315599 14.489401
v -5.042946 0.303680 14.484982
v -5.058010 0.299176 14.489401
v -5.069059 0.304725 14.500070
v -5.069211 0.324346 14.503164
v -5.063607 0.332720 14.505996
v -5.054371 0.336748 14.503164
v -5.046912 0.334071 14.496325
v -5.045600 0.326255 14.489489
v -5.051204 0.317881 14.486656
v -5.060440 0.313852 14.489489
v -5.067899 0.316530 14.496325
v -5.060422 0.334096 14.495464
v -5.638320 0.033505 14.948521
v -5.624267 0.041820 14.948817
v -5.611588 0.043434 14.938651
v -5.607710 0.037402 14.923977
v -5.614906 0.027257 14.913392
v -5.628959 0.018942 14.913097
v -5.641638 0.017328 14.923263
v -5.645515 0.023360 14.937936
v -5.774062 0.193591 14.930600
v -5.760009 0.193591 14.930896
v -5.747330 0.193591 14.920730
v -5.743452 0.193591 14.906057
v -5.750647 0.193591 14.895473
v -5.764701 0.193591 14.895177
v -5.777380 0.193591 14.905343
v -5.781258 0.193591 14.920016
v -6.032076 0.339533 14.899256
v -6.024114 0.353223 14.903245
v -6.013607 0.363116 14.895600
v -6.006711 0.363419 14.880798
v -6.007464 0.353952 14.867512
v -6.015428 0.340263 14.863522
v -6.025934 0.330369 14.871167
v -6.032831 0.330067 14.885968
v -6.036466 0.347712 14.894335
v -6.032397 0.356851 14.897416
v -6.026309 0.364114 14.892974
v -6.021767 0.365248 14.883612
v -6.021432 0.359588 14.874814
v -6.025501 0.350450 14.871734
v -6.031590 0.343186 14.876174
v -6.036132 0.342052 14.885537
v -6.034082 0.360974 14.887260
v -1.750021 0.033505 15.234859
v -1.764074 0.041820 15.234563
v -1.776754 0.043434 15.244729
v -1.780631 0.037402 15.259403
v -1.773436 0.027257 15.269988
v -1.759383 0.018942 15.270283
v -1.746703 0.017328 15.260118
v -1.742825 0.023360 15.245444
v -1.614279 0.193591 15.252780
v -1.628332 0.193591 15.252483
v -1.641011 0.193591 15.262649
v -1.644889 0.193591 15.277323
v -1.637694 0.193591 15.287908
v -1.623640 0.193591 15.288203
v -1.610961 0.193591 15.278037
v -1.607083 0.193591 15.263364
v -1.356265 0.339533 15.284124
v -1.364228 0.353223 15.280135
v -1.374735 0.363116 15.287780
v -1.381631 0.363419 15.302582
v -1.380877 0.353953 15.315868
v -1.372914 0.340263 15.319859
v -1.362407 0.330369 15.312213
v -1.355510 0.330067 15.297412
v -1.351875 0.347712 15.289045
v -1.355944 0.356851 15.285964
v -1.362032 0.364114 15.290406
v -1.366574 0.365248 15.299768
v -1.366909 0.359588 15.308566
v -1.362840 0.350450 15.311646
v -1.356751 0.343186 15.307204
v -1.352210 0.342052 15.297844
v -1.354259 0.360974 15.296121
v -2.504789 0.041050 15.555661
v -2.519878 0.045470 15.551242
v -2.534966 0.041050 15.555661
v -2.541216 0.030381 15.566331
v -2.534966 0.019712 15.577000
v -2.519878 0.015293 15.581418
v -2.504789 0.019712 15.577000
v -2.498539 0.030381 15.566331
v -2.455147 0.204260 15.618582
v -2.470235 0.208680 15.614162
v -2.485323 0.204260 15.618582
v -2.491573 0.193591 15.629251
v -2.485323 0.182922 15.639919
v -2.470235 0.178503 15.644340
v -2.455147 0.182922 15.639919
v -2.448897 0.193591 15.629251
v -2.318719 0.317077 15.672642
v -2.328972 0.328996 15.668221
v -2.344035 0.333500 15.672642
v -2.355085 0.327951 15.683311
v -2.355649 0.315599 15.693979
v -2.345395 0.303680 15.698399
v -2.330332 0.299176 15.693979
v -2.319282 0.304725 15.683311
v -2.319131 0.324346 15.680216
v -2.324734 0.332720 15.677384
v -2.333970 0.336749 15.680216
v -2.341429 0.334071 15.687054
v -2.342741 0.326255 15.693892
v -2.337137 0.317881 15.696724
v -2.327901 0.313852 15.693892
v -2.320442 0.316530 15.687054
v -2.327919 0.334096 15.687916
v -3.684244 0.047572 15.629746
v -3.700250 0.047581 15.626504
v -3.712695 0.037514 15.629746
v -3.714289 0.023269 15.637573
v -3.704097 0.013190 15.645400
v -3.688091 0.013182 15.648643
v -3.675646 0.023248 15.645400
v -3.674052 0.037493 15.637573
v -3.684992 0.331483 15.792871
v -3.700999 0.331491 15.789629
v -3.713444 0.321425 15.792871
v -3.715037 0.307180 15.800698
v -3.704846 0.297101 15.808527
v -3.688838 0.297093 15.811769
v -3.676394 0.307159 15.808527
v -3.674800 0.321404 15.800698
v -3.694170 0.030381 15.637573
v -3.689702 0.338014 15.803287
v -3.701009 0.338020 15.800995
v -3.709799 0.330909 15.803287
v -3.710925 0.320847 15.808815
v -3.703726 0.313728 15.814343
v -3.692419 0.313722 15.816634
v -3.683628 0.320832 15.814343
v -3.682503 0.330894 15.808815
v -3.697590 0.333017 15.816719
v -4.883552 0.041050 15.555661
v -4.868464 0.045470 15.551242
v -4.853375 0.041050 15.555661
v -4.847126 0.030381 15.566331
v -4.853375 0.019712 15.577000
v -4.868464 0.015293 15.581418
v -4.883552 0.019712 15.577000
v -4.889802 0.030381 15.566331
v -4.933195 0.204260 15.618582
v -4.918106 0.208680 15.614162
v -4.903018 0.204260 15.618582
v -4.896768 0.193591 15.629251
v -4.903018 0.182922 15.639919
v -4.918106 0.178503 15.644340
v -4.933195 0.182922 15.639919
v -4.939445 0.193591 15.629251
v -5.069623 0.317077 15.672642
v -5.059370 0.328996 15.668222
v -5.044306 0.333500 15.672642
v -5.033256 0.327951 15.683311
v -5.032693 0.315599 15.693979
v -5.042946 0.303680 15.698399
v -5.058010 0.299176 15.693979
v -5.069059 0.304725 15.683311
v -5.069211 0.324346 15.680216
v -5.063607 0.332720 15.677384
v -5.054371 0.336749 15.680216
v -5.046912 0.334071 15.687054
v -5.045600 0.326255 15.693892
v -5.051204 0.317881 15.696724
v -5.060440 0.313852 15.693892
v -5.067899 0.316530 15.687054
v -5.060422 0.334096 15.687916
v -5.638320 0.033505 15.234859
v -5.624267 0.041820 15.234563
v -5.611588 0.043434 15.244729
v -5.607710 0.037402 15.259403
v -5.614906 0.027257 15.269988
v -5.628959 0.018942 15.270283
v -5.641638 0.017328 15.260118
v -5.645515 0.023360 15.245444
v -5.774062 0.193591 15.252780
v -5.760009 0.193591 15.252483
v -5.747330 0.193591 15.262649
v -5.743452 0.193591 15.277323
v -5.750647 0.193591 15.287908
v -5.764701 0.193591 15.288203
v -5.777380 0.193591 15.278037
v -5.781258 0.193591 15.263364
v -6.032076 0.339533 15.284124
v -6.024114 0.353223 15.280135
v -6.013607 0.363116 15.287780
v -6.006711 0.363419 15.302582
v -6.007464 0.353953 15.315868
v -6.015428 0.340263 15.319859
v -6.025934 0.330369 15.312213
v -6.032831 0.330067 15.297412
v -6.036466 0.347712 15.289045
v -6.032397 0.356851 15.285964
v -6.026309 0.364114 15.290406
v -6.021767 0.365248 15.299768
v -6.021432 0.359588 15.308566
v -6.025501 0.350450 15.311646
v -6.031590 0.343186 15.307204
v -6.036132 0.342052 15.297844
v -6.034082 0.360974 15.296121
vn -0.1292 0.9916 -0.0000
vn 0.1292 0.9916 -0.0002
vn 0.1292 0.9916 -0.0000
vn -0.1293 0.9916 -0.0000
vn 1.0000 -0.0000 -0.0000
vn -1.0000 -0.0000 -0.0000
vn -0.0000 1.0000 -0.0000
vn -0.0001 0.9521 0.3057
vn 0.0002 0.9521 0.3057
vn 0.0673 0.9580 0.2789
vn 0.0414 0.9549 0.2941
vn -0.0434 0.9579 0.2838
vn -0.0713 0.9681 0.2400
vn 0.0919 0.9722 0.2153
vn 0.0833 0.9615 0.2618
vn -0.0820 0.9705 0.2265
vn -0.0537 0.9544 0.2938
vn 0.0977 0.9952 -0.0000
vn -0.0456 0.9990 -0.0000
vn -0.0002 0.5761 -0.8174
vn -0.0005 0.5761 -0.8174
vn 0.1201 0.6052 -0.7870
vn 0.2007 0.6612 -0.7228
vn -0.2098 0.6531 -0.7277
vn -0.1241 0.6014 -0.7893
vn -0.3433 0.7907 -0.5070
vn -0.2769 0.7048 -0.6532
vn 0.2668 0.7189 -0.6419
vn 0.3349 0.8122 -0.4777
vn -0.4147 0.9099 -0.0000
vn 0.3680 0.8511 -0.3745
vn -0.1613 -0.4881 0.8577
vn -0.0000 -0.4641 0.8858
vn -0.0000 -0.4975 0.8675
vn -0.2200 -0.5897 0.7770
vn -0.3043 -0.5795 0.7560
vn -0.2911 -0.6290 0.7209
vn -0.5314 -0.8471 -0.0000
vn -0.5136 -0.6306 0.5818
vn -0.4274 -0.7864 0.4460
vn -0.4776 -0.8786 -0.0000
vn 0.5018 -0.6301 0.5926
vn 0.5430 -0.8398 -0.0000
vn 0.5037 -0.8639 -0.0000
vn 0.4337 -0.7438 0.5087
vn 0.1606 -0.4871 0.8584
vn 0.3147 -0.5627 0.7644
vn 0.3065 -0.6001 0.7389
vn 0.2330 -0.5713 0.7870
vn 0.3038 -0.5521 0.7764
vn 0.1538 -0.5916 0.7914
vn 0.0291 -0.9894 0.1419
vn 0.0710 -0.9875 0.1410
vn -0.0000 -1.0000 -0.0000
vn 0.0001 -0.9940 0.1093
vn -0.0238 -0.9914 0.1284
vn 0.1412 -0.9900 -0.0000
vn -0.0574 -0.9899 0.1293
vn -0.0984 -0.9951 -0.0000
vn 0.0001 -0.6244 0.7811
vn -0.1514 -0.6069 0.7803
vn -0.3101 -0.5397 0.7826
vn -0.4697 -0.6773 0.5663
vn -0.7000 -0.7141 -0.0000
vn 0.5695 -0.4552 0.6845
vn 0.7808 -0.6248 -0.0000
vn -0.0001 0.9521 -0.3057
vn 0.0414 0.9549 -0.2941
vn 0.0673 0.9580 -0.2789
vn 0.0002 0.9521 -0.3057
vn -0.0714 0.9682 -0.2400
vn -0.0433 0.9579 -0.2839
vn 0.0833 0.9615 -0.2618
vn 0.0919 0.9722 -0.2153
vn -0.0537 0.9544 -0.2938
vn -0.0820 0.9705 -0.2266
vn -0.0002 0.5761 0.8174
vn 0.2007 0.6612 0.7228
vn 0.1201 0.6052 0.7870
vn -0.0005 0.5761 0.8174
vn 0.3349 0.8122 0.4777
vn 0.2668 0.7189 0.6419
vn 0.3680 0.8511 0.3745
vn -0.1241 0.6014 0.7893
vn -0.2098 0.6531 0.7276
vn -0.2769 0.7048 0.6532
vn -0.3433 0.7907 0.5070
vn -0.1613 -0.4881 -0.8577
vn -0.2200 -0.5897 -0.7770
vn -0.0000 -0.4975 -0.8675
vn -0.0000 -0.4641 -0.8858
vn -0.3043 -0.5796 -0.7560
vn -0.2911 -0.6290 -0.7209
vn -0.4274 -0.7863 -0.4460
vn -0.5136 -0.6306 -0.5819
vn 0.5018 -0.6301 -0.5926
vn 0.4337 -0.7438 -0.5087
vn 0.1606 -0.4871 -0.8584
vn 0.2330 -0.5713 -0.7870
vn 0.3065 -0.6001 -0.7389
vn 0.3147 -0.5627 -0.7644
vn 0.3038 -0.5521 -0.7764
vn 0.0710 -0.9875 -0.1410
vn 0.0291 -0.9894 -0.1419
vn 0.1538 -0.5916 -0.7914
vn -0.0238 -0.9914 -0.1284
vn -0.0000 -0.9940 -0.1093
vn -0.0574 -0.9899 -0.1293
vn -0.0000 -0.6244 -0.7811
vn -0.1514 -0.6069 -0.7803
vn -0.3101 -0.5397 -0.7826
vn -0.4697 -0.6772 -0.5663
vn 0.5695 -0.4552 -0.6844
vn -0.3388 -0.2857 -0.8964
vn -0.2906 -0.3939 -0.8720
vn 0.2379 0.3729 -0.8968
vn 0.3393 0.3429 -0.8760
vn 0.5406 0.7376 -0.4045
vn 0.6911 0.6655 -0.2820
vn 0.5909 0.7952 -0.1359
vn 0.7229 0.6892 -0.0494
vn 0.5764 0.5118 0.6371
vn 0.5173 0.6524 0.5539
vn 0.3495 0.5180 0.7807
vn 0.3298 0.2840 0.9003
vn -0.1655 -0.1628 0.9727
vn -0.2321 -0.2080 0.9502
vn -0.4980 -0.7201 0.4831
vn -0.6577 -0.5597 0.5041
vn -0.5385 -0.8217 -0.1867
vn -0.7423 -0.6335 -0.2184
vn -0.2814 -0.5311 -0.7992
vn 0.1301 0.2245 -0.9657
vn 0.4212 0.7290 -0.5395
vn 0.4940 0.8486 -0.1893
vn 0.4425 0.7734 0.4540
vn 0.3277 0.5723 0.7517
vn -0.1544 -0.3115 0.9376
vn -0.4158 -0.8164 0.4006
vn -0.4506 -0.8714 -0.1938
vn -0.8541 -0.1514 -0.4976
vn -0.9006 -0.0246 -0.4339
vn -0.5241 0.4293 -0.7356
vn -0.3732 0.4381 -0.8178
vn -0.1325 0.8895 -0.4374
vn 0.0167 0.9389 -0.3437
vn -0.0301 0.9726 0.2304
vn 0.0454 0.9283 0.3690
vn -0.2157 0.6682 0.7120
vn -0.1776 0.5958 0.7832
vn -0.5102 0.2821 0.8125
vn -0.4660 0.2302 0.8543
vn -0.7883 -0.0171 0.6151
vn -0.7383 -0.0731 0.6705
vn -0.9719 -0.1671 0.1657
vn -0.9378 -0.2697 0.2184
vn -0.8031 0.5376 0.2570
vn 0.3388 -0.2857 -0.8964
vn -0.3393 0.3429 -0.8760
vn -0.2379 0.3729 -0.8968
vn 0.2906 -0.3939 -0.8720
vn -0.6911 0.6655 -0.2820
vn -0.5406 0.7376 -0.4045
vn -0.7229 0.6892 -0.0494
vn -0.5909 0.7952 -0.1359
vn -0.5764 0.5118 0.6371
vn -0.3298 0.2840 0.9003
vn -0.3495 0.5180 0.7807
vn -0.5173 0.6524 0.5539
vn 0.2322 -0.2080 0.9502
vn 0.1655 -0.1628 0.9727
vn 0.6577 -0.5597 0.5042
vn 0.4980 -0.7201 0.4831
vn 0.7423 -0.6335 -0.2184
vn 0.5385 -0.8217 -0.1867
vn -0.1301 0.2245 -0.9657
vn 0.2814 -0.5311 -0.7992
vn -0.4212 0.7290 -0.5395
vn -0.4940 0.8486 -0.1893
vn -0.3277 0.5723 0.7517
vn -0.4425 0.7734 0.4540
vn 0.1544 -0.3115 0.9376
vn 0.4158 -0.8164 0.4006
vn 0.4506 -0.8714 -0.1938
vn 0.8541 -0.1513 -0.4975
vn 0.3733 0.4381 -0.8177
vn 0.5241 0.4293 -0.7355
vn 0.9007 -0.0246 -0.4338
vn -0.0167 0.9389 -0.3437
vn 0.1325 0.8894 -0.4374
vn -0.0454 0.9283 0.3690
vn 0.0302 0.9726 0.2305
vn 0.1776 0.5958 0.7832
vn 0.2157 0.6682 0.7120
vn 0.4660 0.2302 0.8543
vn 0.5101 0.2821 0.8125
vn 0.7383 -0.0731 0.6705
vn 0.7883 -0.0171 0.6151
vn 0.9378 -0.2697 0.2184
vn 0.9719 -0.1671 0.1660
vn 0.8031 0.5376 0.2570
vn -0.1442 0.9895 -0.0000
vn 0.1166 0.9932 -0.0002
vn 0.1166 0.9932 -0.0000
vn 0.1442 0.9895 -0.0000
vn -0.1166 0.9932 -0.0000
vn 0.3772 -0.2099 0.9020
vn 0.3619 -0.3045 0.8811
vn -0.2053 0.4069 0.8901
vn -0.3154 0.3855 0.8671
vn -0.5533 0.7224 0.4148
vn -0.6936 0.6532 0.3036
vn -0.6199 0.7720 0.1404
vn -0.7436 0.6660 0.0596
vn -0.6218 0.4523 -0.6394
vn -0.5839 0.5750 -0.5731
vn -0.3950 0.4199 -0.8171
vn -0.3635 0.2073 -0.9082
vn 0.1541 -0.2644 -0.9520
vn 0.2303 -0.2747 -0.9336
vn 0.5086 -0.7265 -0.4620
vn 0.6634 -0.5664 -0.4890
vn 0.5969 -0.7787 0.1934
vn 0.7749 -0.5935 0.2174
vn 0.3542 -0.4643 0.8118
vn -0.0956 0.3147 0.9444
vn -0.4195 0.7456 0.5178
vn -0.5156 0.8339 0.1970
vn -0.5093 0.7283 -0.4584
vn -0.4011 0.4980 -0.7689
vn 0.0992 -0.3785 -0.9202
vn 0.3989 -0.8196 -0.4113
vn 0.4912 -0.8543 0.1700
vn 0.8541 -0.1514 0.4976
vn 0.9007 -0.0246 0.4338
vn 0.5242 0.4292 0.7355
vn 0.3733 0.4381 0.8177
vn 0.1326 0.8894 0.4374
vn -0.0167 0.9389 0.3437
vn 0.0302 0.9726 -0.2305
vn -0.0454 0.9283 -0.3690
vn 0.2157 0.6682 -0.7120
vn 0.1776 0.5958 -0.7832
vn 0.5101 0.2821 -0.8125
vn 0.4659 0.2302 -0.8543
vn 0.7883 -0.0171 -0.6151
vn 0.7383 -0.0731 -0.6705
vn 0.9719 -0.1671 -0.1657
vn 0.9378 -0.2698 -0.2185
vn 0.8031 0.5376 -0.2570
vn 0.6358 0.1016 0.7651
vn 0.5458 -0.0487 0.8365
vn 0.0052 0.3986 0.9171
vn -0.0569 0.3742 0.9256
vn -0.6435 0.6124 0.4593
vn -0.7832 0.4163 0.4618
vn -0.8624 0.4895 0.1289
vn -0.9176 0.3510 0.1865
vn -0.8404 0.0475 -0.5398
vn -0.7584 0.2577 -0.5986
vn -0.6190 0.0526 -0.7836
vn -0.6089 -0.1173 -0.7846
vn -0.0757 -0.2896 -0.9541
vn -0.0683 -0.3407 -0.9377
vn 0.6185 -0.5729 -0.5378
vn 0.6097 -0.4397 -0.6595
vn 0.8323 -0.4406 0.3364
vn 0.9617 -0.2457 0.1215
vn 0.5037 -0.2036 0.8395
vn 0.1423 0.2586 0.9554
vn -0.4360 0.7110 0.5517
vn -0.6873 0.7264 0.0051
vn -0.6660 0.4120 -0.6219
vn -0.5601 0.2282 -0.7963
vn -0.0670 -0.3446 -0.9364
vn 0.5751 -0.7652 -0.2893
vn 0.6796 -0.5667 0.4659
vn 0.9692 0.2054 0.1361
vn 0.9478 0.3164 0.0384
vn 0.5637 0.7321 0.3824
vn 0.4541 0.7272 0.5148
vn -0.0320 0.9812 0.1902
vn -0.2112 0.9648 0.1564
vn -0.3687 0.8457 -0.3858
vn -0.4664 0.7473 -0.4733
vn -0.2617 0.4721 -0.8418
vn -0.2949 0.3756 -0.8786
vn 0.0933 0.1561 -0.9833
vn 0.0576 0.0854 -0.9947
vn 0.5028 0.0009 -0.8644
vn 0.4588 -0.0788 -0.8850
vn 0.8618 0.0323 -0.5063
vn 0.8481 -0.0860 -0.5228
vn 0.4504 0.6205 -0.6420
vn 0.5056 0.4308 0.7475
vn 0.4640 0.4422 0.7675
vn 0.1732 0.4910 0.8538
vn -0.5319 0.4208 0.7349
vn -0.7462 0.3302 0.5781
vn -0.9099 0.2049 0.3608
vn -0.9778 -0.1064 -0.1806
vn -0.9020 -0.2169 -0.3733
vn -0.5055 -0.4308 -0.7475
vn -0.4640 -0.4422 -0.7675
vn 0.2324 -0.4841 -0.8436
vn 0.1000 -0.4955 -0.8628
vn 0.9098 -0.2049 -0.3608
vn 0.7462 -0.3302 -0.5781
vn 0.9020 0.2169 0.3733
vn 0.9778 0.1064 0.1807
vn 0.1729 -0.4891 0.8549
vn 0.4922 0.8201 0.2918
vn 0.3685 0.9215 0.1227
vn -0.2995 0.9204 0.2513
vn -0.3324 0.8177 0.4700
vn -0.8279 0.5602 -0.0277
vn -0.9184 0.3940 0.0374
vn -0.8544 0.0825 -0.5130
vn -0.8460 -0.0600 -0.5298
vn -0.4603 -0.1961 -0.8659
vn -0.4322 -0.2717 -0.8598
vn 0.0824 -0.1981 -0.9767
vn 0.0656 -0.2672 -0.9614
vn 0.5875 0.0781 -0.8054
vn 0.5659 -0.0507 -0.8229
vn 0.7555 0.5591 -0.3415
vn 0.8511 0.3995 -0.3406
vn -0.1579 0.5218 -0.8383
vn -0.6358 0.1016 0.7651
vn 0.0569 0.3742 0.9256
vn -0.0052 0.3987 0.9171
vn -0.5458 -0.0487 0.8365
vn 0.7832 0.4163 0.4618
vn 0.6435 0.6124 0.4593
vn 0.9176 0.3510 0.1865
vn 0.8624 0.4895 0.1289
vn 0.8404 0.0475 -0.5398
vn 0.6088 -0.1173 -0.7846
vn 0.6190 0.0526 -0.7836
vn 0.7584 0.2577 -0.5986
vn 0.0683 -0.3407 -0.9377
vn 0.0757 -0.2896 -0.9541
vn -0.6097 -0.4397 -0.6595
vn -0.6186 -0.5728 -0.5378
vn -0.9617 -0.2457 0.1215
vn -0.8323 -0.4406 0.3364
vn -0.1423 0.2586 0.9554
vn -0.5037 -0.2036 0.8395
vn 0.4360 0.7110 0.5517
vn 0.6873 0.7264 0.0051
vn 0.5601 0.2282 -0.7963
vn 0.6659 0.4120 -0.6219
vn 0.0670 -0.3446 -0.9364
vn -0.5751 -0.7652 -0.2893
vn -0.6796 -0.5667 0.4659
vn -0.9692 0.2054 0.1361
vn -0.4541 0.7272 0.5148
vn -0.5637 0.7321 0.3824
vn -0.9479 0.3164 0.0385
vn 0.2112 0.9648 0.1565
vn 0.0321 0.9812 0.1902
vn 0.4664 0.7473 -0.4733
vn 0.3687 0.8457 -0.3858
vn 0.2949 0.3756 -0.8786
vn 0.2617 0.4721 -0.8418
vn -0.0576 0.0854 -0.9947
vn -0.0933 0.1561 -0.9833
vn -0.4587 -0.0788 -0.8851
vn -0.5028 0.0009 -0.8644
vn -0.8481 -0.0861 -0.5228
vn -0.8616 0.0322 -0.5065
vn -0.4505 0.6205 -0.6419
vn -0.3772 -0.2099 0.9020
vn 0.3155 0.3855 0.8671
vn 0.2053 0.4068 0.8901
vn -0.3619 -0.3045 0.8811
vn 0.6936 0.6533 0.3036
vn 0.5533 0.7224 0.4147
vn 0.7436 0.6660 0.0596
vn 0.6199 0.7720 0.1404
vn 0.6217 0.4523 -0.6394
vn 0.3635 0.2073 -0.9082
vn 0.3950 0.4199 -0.8171
vn 0.5839 0.5750 -0.5731
vn -0.2303 -0.2747 -0.9336
vn -0.1541 -0.2645 -0.9520
vn -0.6633 -0.5663 -0.4891
vn -0.5086 -0.7266 -0.4620
vn -0.7749 -0.5934 0.2175
vn -0.5969 -0.7787 0.1933
vn 0.0956 0.3147 0.9444
vn -0.3542 -0.4643 0.8118
vn 0.4196 0.7455 0.5178
vn 0.5156 0.8339 0.1970
vn 0.4011 0.4980 -0.7689
vn 0.5093 0.7283 -0.4584
vn -0.0992 -0.3786 -0.9202
vn -0.3989 -0.8196 -0.4113
vn -0.4912 -0.8543 0.1700
vn -0.8541 -0.1514 0.4976
vn -0.3733 0.4381 0.8177
vn -0.5241 0.4293 0.7355
vn -0.9007 -0.0245 0.4338
vn 0.0167 0.9389 0.3437
vn -0.1326 0.8894 0.4374
vn 0.0454 0.9283 -0.3690
vn -0.0302 0.9726 -0.2305
vn -0.1775 0.5958 -0.7832
vn -0.2157 0.6682 -0.7120
vn -0.4660 0.2302 -0.8543
vn -0.5101 0.2821 -0.8125
vn -0.7383 -0.0731 -0.6705
vn -0.7883 -0.0171 -0.6151
vn -0.9378 -0.2698 -0.2185
vn -0.9719 -0.1671 -0.1660
vn -0.8031 0.5376 -0.2570
vn 0.3772 -0.2099 -0.9020
vn -0.3155 0.3855 -0.8671
vn -0.2053 0.4068 -0.8901
vn 0.3619 -0.3045 -0.8811
vn -0.6936 0.6532 -0.3036
vn -0.5533 0.7224 -0.4147
vn -0.7436 0.6660 -0.0596
vn -0.6199 0.7720 -0.1404
vn -0.6218 0.4523 0.6394
vn -0.3635 0.2073 0.9082
vn -0.3950 0.4199 0.8171
vn -0.5839 0.5750 0.5731
vn 0.2302 -0.2747 0.9336
vn 0.1540 -0.2644 0.9520
vn 0.6633 -0.5663 0.4891
vn 0.5086 -0.7265 0.4620
vn 0.7750 -0.5934 -0.2174
vn 0.5969 -0.7787 -0.1933
vn -0.0956 0.3147 -0.9444
vn 0.3542 -0.4643 -0.8117
vn -0.4195 0.7456 -0.5178
vn -0.5156 0.8339 -0.1970
vn -0.4011 0.4980 0.7689
vn -0.5093 0.7283 0.4584
vn 0.0992 -0.3786 0.9202
vn 0.3989 -0.8196 0.4113
vn 0.4912 -0.8543 -0.1700
vn 0.8541 -0.1514 -0.4976
vn 0.5242 0.4293 -0.7355
vn 0.9007 -0.0245 -0.4338
vn -0.0166 0.9389 -0.3437
vn 0.1326 0.8894 -0.4374
vn 0.0301 0.9726 0.2305
vn 0.7383 -0.0731 0.6706
vn 0.6358 0.1016 -0.7651
vn -0.0570 0.3742 -0.9256
vn 0.0052 0.3987 -0.9171
vn 0.5458 -0.0487 -0.8365
vn -0.7832 0.4163 -0.4618
vn -0.6435 0.6124 -0.4593
vn -0.9176 0.3510 -0.1865
vn -0.8624 0.4895 -0.1289
vn -0.8404 0.0475 0.5398
vn -0.6088 -0.1173 0.7846
vn -0.6190 0.0526 0.7836
vn -0.7584 0.2577 0.5986
vn -0.0683 -0.3407 0.9377
vn -0.0757 -0.2896 0.9541
vn 0.6096 -0.4397 0.6596
vn 0.6186 -0.5728 0.5377
vn 0.9617 -0.2457 -0.1215
vn 0.8323 -0.4406 -0.3363
vn 0.1423 0.2586 -0.9555
vn 0.5037 -0.2036 -0.8395
vn -0.4360 0.7110 -0.5517
vn -0.6873 0.7264 -0.0051
vn -0.5602 0.2283 0.7963
vn -0.6660 0.4120 0.6219
vn -0.0669 -0.3446 0.9364
vn 0.5752 -0.7652 0.2893
vn 0.6796 -0.5667 -0.4659
vn 0.9692 0.2054 -0.1361
vn 0.4540 0.7272 -0.5148
vn 0.5637 0.7321 -0.3824
vn 0.9479 0.3164 -0.0385
vn -0.2113 0.9648 -0.1564
vn -0.0321 0.9812 -0.1902
vn -0.4663 0.7473 0.4733
vn -0.3687 0.8457 0.3858
vn -0.2948 0.3756 0.8786
vn -0.2616 0.4721 0.8418
vn 0.0576 0.0854 0.9947
vn 0.0934 0.1561 0.9833
vn 0.4588 -0.0788 0.8850
vn 0.5027 0.0009 0.8644
vn 0.8481 -0.0860 0.5228
vn 0.8616 0.0322 0.5065
vn 0.4505 0.6205 0.6420
vn 0.5055 0.4308 -0.7475
vn 0.1732 0.4910 -0.8538
vn 0.4640 0.4422 -0.7675
vn -0.5319 0.4208 -0.7349
vn -0.9098 0.2049 -0.3608
vn -0.7462 0.3302 -0.5781
vn -0.9020 -0.2169 0.3733
vn -0.9778 -0.1063 0.1806
vn -0.4640 -0.4422 0.7676
vn -0.5055 -0.4308 0.7475
vn 0.1000 -0.4955 0.8628
vn 0.2325 -0.4841 0.8436
vn 0.7462 -0.3302 0.5781
vn 0.9099 -0.2049 0.3608
vn 0.9778 0.1064 -0.1806
vn 0.9020 0.2169 -0.3733
vn 0.1729 -0.4891 -0.8549
vn 0.4922 0.8202 -0.2917
vn -0.3324 0.8177 -0.4699
vn -0.2996 0.9204 -0.2513
vn 0.3685 0.9215 -0.1227
vn -0.9183 0.3940 -0.0375
vn -0.8279 0.5602 0.0277
vn -0.8461 -0.0600 0.5297
vn -0.8544 0.0825 0.5130
vn -0.4323 -0.2717 0.8598
vn -0.4603 -0.1961 0.8658
vn 0.0656 -0.2672 0.9614
vn 0.0824 -0.1980 0.9767
vn 0.5660 -0.0506 0.8229
vn 0.5876 0.0782 0.8054
vn 0.8511 0.3995 0.3406
vn 0.7556 0.5590 0.3415
vn -0.1579 0.5218 0.8383
vn -0.6358 0.1016 -0.7651
vn -0.5458 -0.0486 -0.8365
vn -0.0052 0.3986 -0.9171
vn 0.0569 0.3742 -0.9256
vn 0.6435 0.6124 -0.4593
vn 0.7832 0.4163 -0.4618
vn 0.8624 0.4895 -0.1289
vn 0.9176 0.3510 -0.1865
vn 0.8404 0.0475 0.5398
vn 0.7584 0.2577 0.5986
vn 0.6190 0.0526 0.7836
vn 0.6088 -0.1173 0.7846
vn 0.0757 -0.2896 0.9541
vn 0.0683 -0.3407 0.9377
vn -0.6186 -0.5728 0.5378
vn -0.6096 -0.4397 0.6596
vn -0.8323 -0.4406 -0.3364
vn -0.9617 -0.2457 -0.1215
vn -0.5037 -0.2035 -0.8396
vn -0.1422 0.2586 -0.9554
vn 0.4360 0.7110 -0.5518
vn 0.6873 0.7264 -0.0051
vn 0.6659 0.4120 0.6219
vn 0.5602 0.2283 0.7963
vn 0.0670 -0.3446 0.9364
vn -0.5751 -0.7652 0.2893
vn -0.6796 -0.5667 -0.4659
vn -0.9692 0.2054 -0.1361
vn -0.9478 0.3164 -0.0385
vn -0.5637 0.7321 -0.3824
vn -0.4540 0.7272 -0.5149
vn 0.0321 0.9812 -0.1902
vn 0.2113 0.9648 -0.1564
vn 0.3687 0.8457 0.3858
vn 0.4663 0.7473 0.4733
vn 0.2616 0.4721 0.8418
vn 0.2949 0.3756 0.8786
vn -0.0934 0.1561 0.9833
vn -0.0576 0.0854 0.9947
vn -0.5027 0.0009 0.8645
vn -0.4587 -0.0788 0.8851
vn -0.8618 0.0323 0.5062
vn -0.8481 -0.0861 0.5228
vn -0.4505 0.6205 0.6420
vn -0.3772 -0.2099 -0.9020
vn -0.3619 -0.3046 -0.8811
vn 0.2053 0.4068 -0.8901
vn 0.3155 0.3855 -0.8671
vn 0.5533 0.7224 -0.4147
vn 0.6936 0.6532 -0.3036
vn 0.6199 0.7720 -0.1404
vn 0.7436 0.6660 -0.0596
vn 0.6217 0.4523 0.6394
vn 0.5839 0.5750 0.5731
vn 0.3950 0.4199 0.8171
vn 0.3635 0.2073 0.9082
vn -0.1540 -0.2644 0.9520
vn -0.2302 -0.2747 0.9336
vn -0.5086 -0.7266 0.4620
vn -0.6633 -0.5664 0.4891
vn -0.5969 -0.7787 -0.1933
vn -0.7750 -0.5934 -0.2174
vn -0.3542 -0.4643 -0.8117
vn 0.0956 0.3147 -0.9444
vn 0.4195 0.7456 -0.5178
vn 0.5156 0.8339 -0.1970
vn 0.5093 0.7283 0.4584
vn 0.4011 0.4980 0.7689
vn -0.0992 -0.3786 0.9202
vn -0.3989 -0.8196 0.4113
vn -0.4912 -0.8543 -0.1700
vn -0.8541 -0.1513 -0.4976
vn -0.9007 -0.0245 -0.4338
vn -0.5242 0.4293 -0.7355
vn -0.3733 0.4381 -0.8177
vn -0.1327 0.8894 -0.4374
vn 0.0166 0.9389 -0.3437
vn -0.0302 0.9726 0.2304
vn -0.5101 0.2821 0.8125
vn -0.4659 0.2302 0.8543
vt 0.946632 0.222671
vt 0.939412 0.222671
vt 0.939412 0.169043
vt 0.946632 0.169043
vt 0.938470 0.222671
vt 0.938471 0.169043
vt 0.947574 0.169043
vt 0.947574 0.222671
vt 0.149625 0.348794
vt 0.153629 0.312889
vt 0.160225 0.321656
vt 0.166119 0.350634
vt 0.166119 0.391215
vt 0.145155 0.388877
vt 0.157179 0.430799
vt 0.140685 0.428959
vt 0.136681 0.464865
vt 0.145046 0.457766
vt 0.065007 0.600024
vt 0.066423 0.600052
vt 0.061755 0.656121
vt 0.060375 0.654165
vt 0.059861 0.545817
vt 0.061150 0.543927
vt 0.046297 0.695171
vt 0.046050 0.691346
vt 0.045207 0.509325
vt 0.045288 0.504728
vt 0.038128 0.705833
vt 0.038110 0.701302
vt 0.036994 0.496931
vt 0.036969 0.492846
vt 0.955058 0.714879
vt 0.968116 0.714837
vt 0.967861 0.761541
vt 0.953895 0.775530
vt 0.954808 0.654148
vt 0.968248 0.668068
vt 0.951904 0.625681
vt 0.964871 0.637426
vt 0.967683 0.794123
vt 0.955088 0.812530
vt 0.949184 0.625320
vt 0.963062 0.625320
vt 0.970048 0.804568
vt 0.955334 0.825119
vt 0.642483 0.729201
vt 0.651800 0.678487
vt 0.657991 0.679071
vt 0.647279 0.735430
vt 0.626369 0.762790
vt 0.628673 0.773948
vt 0.613859 0.771022
vt 0.623976 0.764674
vt 0.622461 0.775938
vt 0.612422 0.786356
vt 0.640740 0.587830
vt 0.631759 0.580019
vt 0.633059 0.566150
vt 0.641521 0.576137
vt 0.652116 0.626933
vt 0.642577 0.590956
vt 0.647689 0.580238
vt 0.657991 0.621708
vt 0.639537 0.593852
vt 0.647307 0.628424
vt 0.643266 0.629339
vt 0.635106 0.593499
vt 0.622787 0.675757
vt 0.642464 0.677607
vt 0.634310 0.725180
vt 0.618236 0.724318
vt 0.627337 0.627206
vt 0.630971 0.588427
vt 0.620077 0.754926
vt 0.614907 0.759832
vt 0.646579 0.677995
vt 0.638038 0.726837
vt 0.622996 0.758093
vt 0.622584 0.758747
vt 0.614393 0.765324
vt 0.639390 0.591946
vt 0.631356 0.584325
vt 0.133130 0.346955
vt 0.145263 0.319987
vt 0.124190 0.386539
vt 0.124190 0.427120
vt 0.130085 0.456098
vt 0.010185 0.600311
vt 0.015371 0.654383
vt 0.014011 0.656349
vt 0.008770 0.600352
vt 0.013391 0.544221
vt 0.014702 0.546094
vt 0.030081 0.691424
vt 0.029871 0.695250
vt 0.028798 0.504860
vt 0.028933 0.509457
vt 0.955058 0.535761
vt 0.953896 0.475109
vt 0.967861 0.489099
vt 0.968116 0.535802
vt 0.955087 0.438110
vt 0.967683 0.456517
vt 0.955333 0.425521
vt 0.970048 0.446072
vt 0.968248 0.582571
vt 0.954808 0.596492
vt 0.964870 0.613214
vt 0.951902 0.624960
vt 0.593503 0.724611
vt 0.587634 0.729841
vt 0.587580 0.672472
vt 0.593771 0.673049
vt 0.603095 0.760609
vt 0.598759 0.771145
vt 0.604493 0.774254
vt 0.605097 0.762904
vt 0.621483 0.586026
vt 0.622888 0.574391
vt 0.603040 0.622334
vt 0.598237 0.616108
vt 0.616066 0.577274
vt 0.619097 0.588756
vt 0.621546 0.592166
vt 0.625965 0.592643
vt 0.611288 0.626342
vt 0.607487 0.624693
vt 0.602281 0.722178
vt 0.603109 0.673919
vt 0.610739 0.754051
vt 0.598993 0.673535
vt 0.598311 0.723114
vt 0.607282 0.756620
vt 0.607567 0.757340
vt 0.622044 0.590321
vt 0.277366 0.141358
vt 0.277329 0.131884
vt 0.277644 0.132390
vt 0.278021 0.141502
vt 0.278161 0.132814
vt 0.278637 0.141801
vt 0.278781 0.132944
vt 0.279270 0.142072
vt 0.274189 0.142002
vt 0.274877 0.132913
vt 0.275352 0.132679
vt 0.274855 0.142130
vt 0.275675 0.132180
vt 0.275525 0.142020
vt 0.276209 0.131755
vt 0.276130 0.141743
vt 0.276847 0.131636
vt 0.276722 0.141460
vt 0.277462 0.114658
vt 0.278136 0.114692
vt 0.278784 0.114894
vt 0.279410 0.115165
vt 0.274189 0.115117
vt 0.274853 0.115264
vt 0.275530 0.115235
vt 0.276175 0.115041
vt 0.276804 0.114801
vt 0.064637 0.001611
vt 0.064220 0.001703
vt 0.063909 0.001427
vt 0.064029 0.000982
vt 0.063514 0.001403
vt 0.063138 0.001037
vt 0.063206 0.001670
vt 0.062583 0.001705
vt 0.063168 0.002098
vt 0.062650 0.002539
vt 0.063456 0.002442
vt 0.063261 0.003073
vt 0.063914 0.002455
vt 0.064065 0.003052
vt 0.064233 0.002137
vt 0.064637 0.002460
vt 0.063676 0.001731
vt 0.487838 0.125968
vt 0.487183 0.125825
vt 0.487560 0.134937
vt 0.487875 0.135443
vt 0.486567 0.125525
vt 0.487044 0.134513
vt 0.485934 0.125254
vt 0.486424 0.134383
vt 0.491015 0.125324
vt 0.490349 0.125197
vt 0.489852 0.134649
vt 0.490327 0.134415
vt 0.489679 0.125307
vt 0.489529 0.135147
vt 0.489075 0.125584
vt 0.488995 0.135572
vt 0.488482 0.125867
vt 0.488357 0.135691
vt 0.487069 0.152637
vt 0.487743 0.152670
vt 0.486421 0.152434
vt 0.485795 0.152163
vt 0.490351 0.152064
vt 0.491015 0.152211
vt 0.489674 0.152093
vt 0.489029 0.152287
vt 0.488400 0.152527
vt 0.059905 0.002444
vt 0.060512 0.003073
vt 0.060632 0.002628
vt 0.060321 0.002352
vt 0.061403 0.003018
vt 0.061028 0.002652
vt 0.061958 0.002350
vt 0.061335 0.002385
vt 0.061892 0.001516
vt 0.061374 0.001957
vt 0.061280 0.000982
vt 0.061085 0.001613
vt 0.060477 0.001003
vt 0.060628 0.001600
vt 0.059905 0.001595
vt 0.060309 0.001918
vt 0.060866 0.002324
vt 0.583164 0.591445
vt 0.590385 0.592429
vt 0.590385 0.637354
vt 0.583164 0.638338
vt 0.591326 0.592429
vt 0.591326 0.637354
vt 0.582223 0.638338
vt 0.582223 0.591445
vt 0.290896 0.880768
vt 0.290896 0.927662
vt 0.283675 0.926678
vt 0.283675 0.881751
vt 0.282734 0.881751
vt 0.282734 0.926678
vt 0.291837 0.927662
vt 0.291837 0.880768
vt 0.400627 0.148312
vt 0.400609 0.139392
vt 0.400951 0.139881
vt 0.401287 0.148433
vt 0.401511 0.140255
vt 0.401923 0.148686
vt 0.402141 0.140334
vt 0.402571 0.148913
vt 0.397402 0.148829
vt 0.398097 0.140286
vt 0.398558 0.140021
vt 0.398071 0.148947
vt 0.398910 0.139540
vt 0.398743 0.148864
vt 0.399493 0.139170
vt 0.399366 0.148635
vt 0.400143 0.139110
vt 0.399978 0.148398
vt 0.400710 0.126978
vt 0.401381 0.127008
vt 0.402041 0.127163
vt 0.402689 0.127378
vt 0.397402 0.127320
vt 0.398074 0.127421
vt 0.398748 0.127396
vt 0.399401 0.127249
vt 0.400047 0.127076
vt 0.067315 0.001611
vt 0.066899 0.001703
vt 0.066588 0.001427
vt 0.066708 0.000982
vt 0.066192 0.001403
vt 0.065817 0.001037
vt 0.065885 0.001670
vt 0.065262 0.001705
vt 0.065846 0.002098
vt 0.065328 0.002539
vt 0.066135 0.002442
vt 0.065940 0.003073
vt 0.066592 0.002455
vt 0.066743 0.003052
vt 0.066911 0.002137
vt 0.067315 0.002460
vt 0.066354 0.001731
vt 0.794301 0.047544
vt 0.794485 0.039807
vt 0.795110 0.040075
vt 0.794960 0.047640
vt 0.795629 0.040514
vt 0.795580 0.047932
vt 0.796225 0.040847
vt 0.796182 0.048262
vt 0.791150 0.048196
vt 0.791310 0.040805
vt 0.791983 0.040888
vt 0.791802 0.048365
vt 0.792615 0.040656
vt 0.792477 0.048292
vt 0.793159 0.040218
vt 0.793091 0.048018
vt 0.793785 0.039876
vt 0.793671 0.047704
vt 0.794266 0.032142
vt 0.794930 0.032183
vt 0.795546 0.032446
vt 0.796131 0.032791
vt 0.791150 0.032765
vt 0.791794 0.032985
vt 0.792467 0.032966
vt 0.793075 0.032706
vt 0.793638 0.032360
vt 0.069994 0.001611
vt 0.069577 0.001703
vt 0.069266 0.001427
vt 0.069386 0.000982
vt 0.068871 0.001403
vt 0.068495 0.001037
vt 0.068563 0.001670
vt 0.067940 0.001705
vt 0.068525 0.002098
vt 0.068007 0.002539
vt 0.068814 0.002442
vt 0.068618 0.003073
vt 0.069271 0.002455
vt 0.069422 0.003052
vt 0.069590 0.002137
vt 0.069994 0.002460
vt 0.069033 0.001731
vt 0.441939 0.070601
vt 0.441939 0.056987
vt 0.442615 0.057053
vt 0.442615 0.070666
vt 0.437581 0.070666
vt 0.437581 0.057053
vt 0.438193 0.057347
vt 0.438193 0.070961
vt 0.438774 0.057698
vt 0.438774 0.071312
vt 0.439422 0.057901
vt 0.439422 0.071514
vt 0.440098 0.057835
vt 0.440098 0.071449
vt 0.440709 0.057541
vt 0.440710 0.071154
vt 0.441291 0.057189
vt 0.441291 0.070803
vt 0.028242 0.000982
vt 0.028921 0.000983
vt 0.028582 0.001802
vt 0.027762 0.001463
vt 0.029401 0.001463
vt 0.029401 0.002142
vt 0.028921 0.002622
vt 0.028242 0.002622
vt 0.027762 0.002142
vt 0.212194 0.001657
vt 0.211709 0.001782
vt 0.211357 0.001511
vt 0.211484 0.000981
vt 0.210918 0.001485
vt 0.210495 0.001095
vt 0.210574 0.001814
vt 0.209904 0.001838
vt 0.210580 0.002319
vt 0.209992 0.002737
vt 0.210961 0.002676
vt 0.210658 0.003299
vt 0.211469 0.002617
vt 0.211541 0.003284
vt 0.211763 0.002234
vt 0.212194 0.002627
vt 0.211206 0.002049
vt 0.764837 0.032859
vt 0.765496 0.032762
vt 0.765646 0.040328
vt 0.765021 0.040596
vt 0.766115 0.032470
vt 0.766165 0.039889
vt 0.766718 0.032140
vt 0.766760 0.039556
vt 0.761686 0.032206
vt 0.762338 0.032038
vt 0.762519 0.039515
vt 0.761846 0.039597
vt 0.763013 0.032111
vt 0.763150 0.039747
vt 0.763627 0.032385
vt 0.763695 0.040184
vt 0.764206 0.032698
vt 0.764321 0.040526
vt 0.765466 0.048220
vt 0.764802 0.048260
vt 0.766082 0.047957
vt 0.766667 0.047612
vt 0.762330 0.047418
vt 0.761686 0.047637
vt 0.763002 0.047437
vt 0.763611 0.047697
vt 0.764173 0.048043
vt 0.056601 0.002444
vt 0.055994 0.003073
vt 0.055874 0.002628
vt 0.056185 0.002352
vt 0.055103 0.003018
vt 0.055478 0.002652
vt 0.054548 0.002350
vt 0.055171 0.002385
vt 0.054615 0.001516
vt 0.055133 0.001957
vt 0.055226 0.000982
vt 0.055421 0.001613
vt 0.056029 0.001003
vt 0.055878 0.001600
vt 0.056601 0.001595
vt 0.056197 0.001918
vt 0.055641 0.002324
vt 0.615025 0.125949
vt 0.615686 0.125831
vt 0.615303 0.134382
vt 0.614958 0.134869
vt 0.616323 0.125582
vt 0.615866 0.134011
vt 0.616973 0.125358
vt 0.616496 0.133935
vt 0.611804 0.125414
vt 0.612472 0.125300
vt 0.612911 0.134228
vt 0.612452 0.133961
vt 0.613145 0.125386
vt 0.613261 0.134712
vt 0.613766 0.125618
vt 0.613841 0.135085
vt 0.614377 0.125859
vt 0.614491 0.135148
vt 0.615663 0.147257
vt 0.614991 0.147283
vt 0.616325 0.147105
vt 0.616973 0.146894
vt 0.612359 0.146825
vt 0.611687 0.146923
vt 0.613032 0.146854
vt 0.613684 0.147005
vt 0.614330 0.147181
vt 0.206600 0.002444
vt 0.205993 0.003073
vt 0.205874 0.002629
vt 0.206184 0.002353
vt 0.205102 0.003018
vt 0.205478 0.002653
vt 0.204547 0.002350
vt 0.205170 0.002385
vt 0.204613 0.001516
vt 0.205131 0.001958
vt 0.205225 0.000982
vt 0.205420 0.001613
vt 0.206028 0.001003
vt 0.205877 0.001600
vt 0.206600 0.001595
vt 0.206195 0.001918
vt 0.205639 0.002325
vt 0.702141 0.140538
vt 0.701480 0.140417
vt 0.701817 0.148969
vt 0.702159 0.149459
vt 0.700845 0.140165
vt 0.701257 0.148596
vt 0.700196 0.139938
vt 0.700627 0.148517
vt 0.705365 0.140021
vt 0.704697 0.139904
vt 0.704210 0.148829
vt 0.704671 0.148564
vt 0.704025 0.139986
vt 0.703858 0.149311
vt 0.703402 0.140215
vt 0.703275 0.149681
vt 0.702790 0.140453
vt 0.702625 0.149740
vt 0.701386 0.161842
vt 0.702058 0.161872
vt 0.700726 0.161687
vt 0.700079 0.161472
vt 0.704694 0.161428
vt 0.705365 0.161530
vt 0.704020 0.161454
vt 0.703367 0.161601
vt 0.702720 0.161774
vt 0.070619 0.002444
vt 0.071226 0.003073
vt 0.071346 0.002628
vt 0.071035 0.002352
vt 0.072117 0.003018
vt 0.071742 0.002652
vt 0.072672 0.002350
vt 0.072050 0.002385
vt 0.072606 0.001516
vt 0.072088 0.001957
vt 0.071995 0.000982
vt 0.071799 0.001613
vt 0.071191 0.001003
vt 0.071342 0.001600
vt 0.070619 0.001594
vt 0.071023 0.001918
vt 0.071580 0.002324
vt 0.793073 0.085002
vt 0.792414 0.084905
vt 0.792264 0.092470
vt 0.792889 0.092738
vt 0.791795 0.084612
vt 0.791745 0.092032
vt 0.791192 0.084283
vt 0.791150 0.091699
vt 0.796224 0.084349
vt 0.795571 0.084180
vt 0.795391 0.091657
vt 0.796064 0.091740
vt 0.794897 0.084253
vt 0.794759 0.091889
vt 0.794283 0.084527
vt 0.794216 0.092327
vt 0.793703 0.084841
vt 0.793589 0.092669
vt 0.792444 0.100363
vt 0.793108 0.100403
vt 0.791829 0.100099
vt 0.791243 0.099755
vt 0.795580 0.099560
vt 0.796224 0.099780
vt 0.794908 0.099580
vt 0.794299 0.099840
vt 0.793737 0.100186
vt 0.051943 0.001540
vt 0.051869 0.002411
vt 0.052283 0.002209
vt 0.052286 0.001794
vt 0.052497 0.003046
vt 0.052525 0.002523
vt 0.053365 0.003025
vt 0.052929 0.002579
vt 0.053949 0.002426
vt 0.053276 0.002327
vt 0.053949 0.001615
vt 0.053345 0.001882
vt 0.053404 0.001023
vt 0.053054 0.001530
vt 0.052583 0.000982
vt 0.052605 0.001499
vt 0.052665 0.002185
vt 0.716826 0.086494
vt 0.716150 0.086429
vt 0.716150 0.100042
vt 0.716826 0.100108
vt 0.721184 0.086429
vt 0.720572 0.086134
vt 0.720572 0.099748
vt 0.721184 0.100042
vt 0.719991 0.085783
vt 0.719991 0.099397
vt 0.719343 0.085581
vt 0.719343 0.099194
vt 0.718667 0.085646
vt 0.718667 0.099260
vt 0.718056 0.085941
vt 0.718056 0.099554
vt 0.717474 0.086292
vt 0.717474 0.099905
vt 0.026723 0.002142
vt 0.026723 0.001463
vt 0.025903 0.001802
vt 0.026243 0.002622
vt 0.025564 0.002622
vt 0.025084 0.002142
vt 0.025084 0.001463
vt 0.025564 0.000982
vt 0.026243 0.000983
vt 0.237293 0.003223
vt 0.238270 0.003310
vt 0.238039 0.002816
vt 0.237595 0.002823
vt 0.238973 0.002605
vt 0.238399 0.002564
vt 0.238973 0.001656
vt 0.238463 0.002092
vt 0.238344 0.001007
vt 0.238144 0.001700
vt 0.237473 0.000982
vt 0.237624 0.001658
vt 0.236792 0.001543
vt 0.237263 0.002021
vt 0.236689 0.002464
vt 0.237272 0.002503
vt 0.237822 0.002301
vt 0.460933 0.016383
vt 0.460749 0.008646
vt 0.460124 0.008914
vt 0.460274 0.016479
vt 0.459605 0.009353
vt 0.459654 0.016772
vt 0.459009 0.009686
vt 0.459052 0.017102
vt 0.464084 0.017035
vt 0.463924 0.009644
vt 0.463251 0.009727
vt 0.463431 0.017204
vt 0.462619 0.009495
vt 0.462757 0.017131
vt 0.462076 0.009058
vt 0.462143 0.016857
vt 0.461449 0.008716
vt 0.461563 0.016544
vt 0.460968 0.000982
vt 0.460304 0.001022
vt 0.459688 0.001285
vt 0.459103 0.001630
vt 0.464084 0.001605
vt 0.463439 0.001825
vt 0.462767 0.001805
vt 0.462159 0.001545
vt 0.461597 0.001199
vt 0.057226 0.001610
vt 0.057643 0.001701
vt 0.057954 0.001426
vt 0.057834 0.000981
vt 0.058349 0.001402
vt 0.058725 0.001036
vt 0.058657 0.001669
vt 0.059280 0.001705
vt 0.058695 0.002097
vt 0.059213 0.002538
vt 0.058406 0.002441
vt 0.058602 0.003072
vt 0.057949 0.002454
vt 0.057798 0.003051
vt 0.057630 0.002136
vt 0.057226 0.002459
vt 0.058187 0.001730
vt 0.278929 0.220947
vt 0.278947 0.212027
vt 0.278605 0.212516
vt 0.278269 0.221069
vt 0.278044 0.212890
vt 0.277633 0.221321
vt 0.277414 0.212969
vt 0.276985 0.221549
vt 0.282153 0.221465
vt 0.281459 0.212921
vt 0.280998 0.212656
vt 0.281485 0.221582
vt 0.280646 0.212175
vt 0.280813 0.221500
vt 0.280063 0.211805
vt 0.280190 0.221271
vt 0.279413 0.211745
vt 0.279578 0.221033
vt 0.278846 0.199613
vt 0.278175 0.199642
vt 0.277514 0.199798
vt 0.276868 0.200012
vt 0.282153 0.199955
vt 0.281482 0.200056
vt 0.280808 0.200031
vt 0.280155 0.199884
vt 0.279509 0.199711
vt 0.201868 0.001612
vt 0.202285 0.001703
vt 0.202595 0.001427
vt 0.202475 0.000982
vt 0.202991 0.001402
vt 0.203366 0.001037
vt 0.203298 0.001670
vt 0.203922 0.001704
vt 0.203337 0.002097
vt 0.203855 0.002538
vt 0.203048 0.002442
vt 0.203244 0.003073
vt 0.202592 0.002455
vt 0.202441 0.003052
vt 0.202273 0.002137
vt 0.201868 0.002461
vt 0.202829 0.001730
s 1
f 1949/2465/1930 1950/2466/1931 1952/2467/1932 1951/2468/1933
f 1948/2469/1934 1954/2470/1934 1952/2467/1932 1950/2466/1931
f 1953/2471/1935 1947/2472/1935 1949/2465/1930 1951/2468/1933
f 1966/2473/1936 1965/2474/1936 1964/2475/1936 1961/2476/1936
f 1961/2476/1936 1959/2477/1936 1967/2478/1936 1966/2473/1936
f 1959/2477/1936 1960/2479/1936 1968/2480/1936 1967/2478/1936
f 1963/2481/1936 1968/2480/1936 1960/2479/1936 1962/2482/1936
f 1976/2483/1937 1977/2484/1938 1979/2485/1939 1978/2486/1940
f 1977/2484/1938 1976/2483/1937 1980/2487/1941 1981/2488/1942
f 1978/2486/1940 1979/2485/1939 1983/2489/1943 1982/2490/1944
f 1981/2488/1942 1980/2487/1941 1986/2491/1945 1987/2492/1946
f 1982/2490/1944 1983/2489/1943 1985/2493/1947 1984/2494/1947
f 1987/2492/1946 1986/2491/1945 1988/2495/1948 1989/2496/1948
f 1976/2497/1949 1959/2498/1950 1961/2499/1951 1980/2500/1952
f 1976/2497/1949 1978/2501/1953 1960/2502/1954 1959/2498/1950
f 1978/2501/1953 1982/2503/1955 1962/2504/1956 1960/2502/1954
f 1961/2499/1951 1964/2505/1957 1986/2506/1958 1980/2500/1952
f 1982/2503/1955 1984/2507/1959 1963/2508/1959 1962/2504/1956
f 1964/2505/1957 1965/2509/1960 1988/2510/1960 1986/2506/1958
f 1970/2511/1961 1969/2512/1962 1977/2513/1963 1981/2514/1964
f 1971/2515/1965 1970/2511/1961 1981/2514/1964 1987/2516/1966
f 1972/2517/1967 1971/2518/1968 1987/2519/1969 1989/2520/1970
f 1974/2521/1971 1973/2522/1972 1985/2523/1973 1983/2524/1974
f 1975/2525/1975 1974/2526/1976 1983/2527/1977 1979/2528/1978
f 1969/2512/1962 1975/2525/1975 1979/2528/1978 1977/2513/1963
f 1996/2529/1979 1993/2530/1980 1992/2531/1981 1997/2532/1982
f 1956/2533/1983 1990/2534/1984 1994/2535/1985 1955/2536/1983
f 1957/2537/1983 1992/2531/1981 1990/2534/1984 1956/2533/1983
f 1957/2537/1983 1958/2538/1986 1997/2532/1982 1992/2531/1981
f 1994/2535/1985 1998/2539/1987 2000/2540/1988 1955/2536/1983
f 1993/2530/1980 1975/2525/1975 1969/2512/1962 1991/2541/1989
f 1991/2541/1989 1969/2512/1962 1970/2511/1961 1995/2542/1990
f 1993/2530/1980 1996/2529/1979 1974/2526/1976 1975/2525/1975
f 1995/2542/1990 1970/2511/1961 1971/2515/1965 1999/2543/1991
f 1999/2544/1992 1971/2518/1968 1972/2517/1967 2001/2545/1993
f 1996/2546/1994 2032/2547/1995 1973/2522/1972 1974/2521/1971
f 1994/2535/1985 1990/2534/1984 1991/2541/1989 1995/2542/1990
f 1992/2531/1981 1993/2530/1980 1991/2541/1989 1990/2534/1984
f 1998/2539/1987 1994/2535/1985 1995/2542/1990 1999/2543/1991
f 2000/2540/1988 1998/2539/1987 1999/2544/1992 2001/2545/1993
f 1966/2473/1936 2004/2548/1936 2006/2549/1936 1965/2474/1936
f 2004/2548/1936 1966/2473/1936 1967/2478/1936 2002/2550/1936
f 2002/2550/1936 1967/2478/1936 1968/2480/1936 2003/2551/1936
f 1963/2481/1936 2005/2552/1936 2003/2551/1936 1968/2480/1936
f 2012/2553/1996 2014/2554/1997 2015/2555/1998 2013/2556/1999
f 2013/2556/1999 2017/2557/2000 2016/2558/2001 2012/2553/1996
f 2014/2554/1997 2018/2559/2002 2019/2560/2003 2015/2555/1998
f 2017/2557/2000 2021/2561/2004 2020/2562/2005 2016/2558/2001
f 2018/2559/2002 1984/2494/1947 1985/2493/1947 2019/2560/2003
f 2021/2561/2004 1989/2496/1948 1988/2495/1948 2020/2562/2005
f 2012/2563/2006 2016/2564/2007 2004/2565/2008 2002/2566/2009
f 2004/2565/2008 2016/2564/2007 2020/2567/2010 2006/2568/2011
f 2006/2568/2011 2020/2567/2010 1988/2569/2012 1965/2570/2012
f 2012/2563/2006 2002/2566/2009 2003/2571/2013 2014/2572/2014
f 2014/2572/2014 2003/2571/2013 2005/2573/2015 2018/2574/2016
f 2018/2574/2016 2005/2573/2015 1963/2508/1959 1984/2507/1959
f 2008/2575/2017 2017/2576/2018 2013/2577/2019 2007/2578/2020
f 2009/2579/2021 2021/2580/2022 2017/2576/2018 2008/2575/2017
f 1972/2517/1967 1989/2520/1970 2021/2581/2023 2009/2582/2024
f 2010/2583/2025 2019/2584/2026 1985/2523/1973 1973/2522/1972
f 2011/2585/2027 2015/2586/2028 2019/2587/2029 2010/2588/2030
f 2007/2578/2020 2013/2577/2019 2015/2586/2028 2011/2585/2027
f 2028/2589/2031 2029/2590/2032 2024/2591/2033 2025/2592/2034
f 1956/2533/1983 1955/2536/1983 2026/2593/2035 2022/2594/2036
f 1957/2537/1983 1956/2533/1983 2022/2594/2036 2024/2591/2033
f 1957/2537/1983 2024/2591/2033 2029/2590/2032 1958/2538/1986
f 2026/2593/2035 1955/2536/1983 2000/2540/1988 2030/2595/2037
f 2025/2592/2034 2023/2596/2038 2007/2578/2020 2011/2585/2027
f 2023/2596/2038 2027/2597/2039 2008/2575/2017 2007/2578/2020
f 2025/2592/2034 2011/2585/2027 2010/2588/2030 2028/2589/2031
f 2027/2597/2039 2031/2598/2040 2009/2579/2021 2008/2575/2017
f 2031/2599/2041 2001/2545/1993 1972/2517/1967 2009/2582/2024
f 2032/2547/1995 2028/2600/2042 2010/2583/2025 1973/2522/1972
f 2026/2593/2035 2027/2597/2039 2023/2596/2038 2022/2594/2036
f 2024/2591/2033 2022/2594/2036 2023/2596/2038 2025/2592/2034
f 2030/2595/2037 2031/2598/2040 2027/2597/2039 2026/2593/2035
f 2000/2540/1988 2001/2545/1993 2031/2599/2041 2030/2595/2037
f 1958/2538/1986 2032/2547/1995 1996/2546/1994 1997/2532/1982
f 1958/2538/1986 2029/2590/2032 2028/2600/2042 2032/2547/1995
f 2033/2601/2043 2041/2602/2044 2042/2603/2045 2034/2604/2046
f 2034/2604/2046 2042/2603/2045 2043/2605/2047 2035/2606/2048
f 2035/2606/2048 2043/2605/2047 2044/2607/2049 2036/2608/2050
f 2036/2609/2051 2044/2610/2052 2045/2611/2053 2037/2612/2054
f 2037/2612/2054 2045/2611/2053 2046/2613/2055 2038/2614/2056
f 2038/2614/2056 2046/2613/2055 2047/2615/2057 2039/2616/2058
f 2039/2616/2058 2047/2615/2057 2048/2617/2059 2040/2618/2060
f 2040/2618/2060 2048/2617/2059 2041/2602/2044 2033/2601/2043
f 2041/2602/2044 2049/2619/2061 2050/2620/2062 2042/2603/2045
f 2042/2603/2045 2050/2620/2062 2051/2621/2063 2043/2605/2047
f 2043/2605/2047 2051/2621/2063 2052/2622/2064 2044/2607/2049
f 2044/2610/2052 2052/2623/2065 2053/2624/2066 2045/2611/2053
f 2045/2611/2053 2053/2624/2066 2054/2625/2067 2046/2613/2055
f 2046/2613/2055 2054/2625/2067 2055/2626/2068 2047/2615/2057
f 2047/2615/2057 2055/2626/2068 2056/2627/2069 2048/2617/2059
f 2048/2617/2059 2056/2627/2069 2049/2619/2061 2041/2602/2044
f 2049/2628/2070 2057/2629/2071 2058/2630/2072 2050/2631/2073
f 2050/2631/2073 2058/2630/2072 2059/2632/2074 2051/2633/2075
f 2051/2633/2075 2059/2632/2074 2060/2634/2076 2052/2635/2077
f 2052/2635/2077 2060/2634/2076 2061/2636/2078 2053/2637/2079
f 2053/2637/2079 2061/2636/2078 2062/2638/2080 2054/2639/2081
f 2054/2639/2081 2062/2638/2080 2063/2640/2082 2055/2641/2083
f 2055/2641/2083 2063/2640/2082 2064/2642/2084 2056/2643/2085
f 2056/2643/2085 2064/2642/2084 2057/2629/2071 2049/2628/2070
f 2057/2629/2071 2065/2644/2086 2058/2630/2072
f 2058/2630/2072 2065/2644/2086 2059/2632/2074
f 2059/2632/2074 2065/2644/2086 2060/2634/2076
f 2060/2634/2076 2065/2644/2086 2061/2636/2078
f 2061/2636/2078 2065/2644/2086 2062/2638/2080
f 2062/2638/2080 2065/2644/2086 2063/2640/2082
f 2063/2640/2082 2065/2644/2086 2064/2642/2084
f 2064/2642/2084 2065/2644/2086 2057/2629/2071
f 2066/2645/2087 2067/2646/2088 2075/2647/2089 2074/2648/2090
f 2067/2646/2088 2068/2649/2091 2076/2650/2092 2075/2647/2089
f 2068/2649/2091 2069/2651/2093 2077/2652/2094 2076/2650/2092
f 2069/2653/2095 2070/2654/2096 2078/2655/2097 2077/2656/2098
f 2070/2654/2096 2071/2657/2099 2079/2658/2100 2078/2655/2097
f 2071/2657/2099 2072/2659/2101 2080/2660/2102 2079/2658/2100
f 2072/2659/2101 2073/2661/2103 2081/2662/2104 2080/2660/2102
f 2073/2661/2103 2066/2645/2087 2074/2648/2090 2081/2662/2104
f 2074/2648/2090 2075/2647/2089 2083/2663/2105 2082/2664/2106
f 2075/2647/2089 2076/2650/2092 2084/2665/2107 2083/2663/2105
f 2076/2650/2092 2077/2652/2094 2085/2666/2108 2084/2665/2107
f 2077/2656/2098 2078/2655/2097 2086/2667/2109 2085/2668/2110
f 2078/2655/2097 2079/2658/2100 2087/2669/2111 2086/2667/2109
f 2079/2658/2100 2080/2660/2102 2088/2670/2112 2087/2669/2111
f 2080/2660/2102 2081/2662/2104 2089/2671/2113 2088/2670/2112
f 2081/2662/2104 2074/2648/2090 2082/2664/2106 2089/2671/2113
f 2082/2672/2114 2083/2673/2115 2091/2674/2116 2090/2675/2117
f 2083/2673/2115 2084/2676/2118 2092/2677/2119 2091/2674/2116
f 2084/2676/2118 2085/2678/2120 2093/2679/2121 2092/2677/2119
f 2085/2678/2120 2086/2680/2122 2094/2681/2123 2093/2679/2121
f 2086/2680/2122 2087/2682/2124 2095/2683/2125 2094/2681/2123
f 2087/2682/2124 2088/2684/2126 2096/2685/2127 2095/2683/2125
f 2088/2684/2126 2089/2686/2128 2097/2687/2129 2096/2685/2127
f 2089/2686/2128 2082/2672/2114 2090/2675/2117 2097/2687/2129
f 2090/2675/2117 2091/2674/2116 2098/2688/2130
f 2091/2674/2116 2092/2677/2119 2098/2688/2130
f 2092/2677/2119 2093/2679/2121 2098/2688/2130
f 2093/2679/2121 2094/2681/2123 2098/2688/2130
f 2094/2681/2123 2095/2683/2125 2098/2688/2130
f 2095/2683/2125 2096/2685/2127 2098/2688/2130
f 2096/2685/2127 2097/2687/2129 2098/2688/2130
f 2097/2687/2129 2090/2675/2117 2098/2688/2130
f 2101/2689/2131 2102/2690/2132 2104/2691/2133 2103/2692/2131
f 2100/2693/1934 2106/2694/1934 2104/2691/2133 2102/2690/2132
f 2105/2695/1935 2099/2696/1935 2101/2689/2131 2103/2692/2131
f 2109/2697/2134 2111/2698/2134 2112/2699/2135 2110/2700/2135
f 2108/2701/1935 2110/2700/2135 2112/2699/2135 2114/2702/1935
f 2113/2703/1934 2111/2698/2134 2109/2697/2134 2107/2704/1934
f 2115/2705/2136 2123/2706/2137 2124/2707/2138 2116/2708/2139
f 2116/2708/2139 2124/2707/2138 2125/2709/2140 2117/2710/2141
f 2117/2710/2141 2125/2709/2140 2126/2711/2142 2118/2712/2143
f 2118/2713/2144 2126/2714/2145 2127/2715/2146 2119/2716/2147
f 2119/2716/2147 2127/2715/2146 2128/2717/2148 2120/2718/2149
f 2120/2718/2149 2128/2717/2148 2129/2719/2150 2121/2720/2151
f 2121/2720/2151 2129/2719/2150 2130/2721/2152 2122/2722/2153
f 2122/2722/2153 2130/2721/2152 2123/2706/2137 2115/2705/2136
f 2123/2706/2137 2131/2723/2154 2132/2724/2155 2124/2707/2138
f 2124/2707/2138 2132/2724/2155 2133/2725/2156 2125/2709/2140
f 2125/2709/2140 2133/2725/2156 2134/2726/2157 2126/2711/2142
f 2126/2714/2145 2134/2727/2158 2135/2728/2159 2127/2715/2146
f 2127/2715/2146 2135/2728/2159 2136/2729/2160 2128/2717/2148
f 2128/2717/2148 2136/2729/2160 2137/2730/2161 2129/2719/2150
f 2129/2719/2150 2137/2730/2161 2138/2731/2162 2130/2721/2152
f 2130/2721/2152 2138/2731/2162 2131/2723/2154 2123/2706/2137
f 2131/2732/2163 2139/2733/2164 2140/2734/2165 2132/2735/2166
f 2132/2735/2166 2140/2734/2165 2141/2736/2167 2133/2737/2168
f 2133/2737/2168 2141/2736/2167 2142/2738/2169 2134/2739/2170
f 2134/2739/2170 2142/2738/2169 2143/2740/2171 2135/2741/2172
f 2135/2741/2172 2143/2740/2171 2144/2742/2173 2136/2743/2174
f 2136/2743/2174 2144/2742/2173 2145/2744/2175 2137/2745/2176
f 2137/2745/2176 2145/2744/2175 2146/2746/2177 2138/2747/2178
f 2138/2747/2178 2146/2746/2177 2139/2733/2164 2131/2732/2163
f 2139/2733/2164 2147/2748/2179 2140/2734/2165
f 2140/2734/2165 2147/2748/2179 2141/2736/2167
f 2141/2736/2167 2147/2748/2179 2142/2738/2169
f 2142/2738/2169 2147/2748/2179 2143/2740/2171
f 2143/2740/2171 2147/2748/2179 2144/2742/2173
f 2144/2742/2173 2147/2748/2179 2145/2744/2175
f 2145/2744/2175 2147/2748/2179 2146/2746/2177
f 2146/2746/2177 2147/2748/2179 2139/2733/2164
f 2148/2749/2180 2156/2750/2181 2157/2751/2182 2149/2752/2183
f 2149/2752/2183 2157/2751/2182 2158/2753/2184 2150/2754/2185
f 2150/2754/2185 2158/2753/2184 2159/2755/2186 2151/2756/2187
f 2151/2757/2188 2159/2758/2189 2160/2759/2190 2152/2760/2191
f 2152/2760/2191 2160/2759/2190 2161/2761/2192 2153/2762/2193
f 2153/2762/2193 2161/2761/2192 2162/2763/2194 2154/2764/2195
f 2154/2764/2195 2162/2763/2194 2163/2765/2196 2155/2766/2197
f 2155/2766/2197 2163/2765/2196 2156/2750/2181 2148/2749/2180
f 2156/2750/2181 2164/2767/2198 2165/2768/2199 2157/2751/2182
f 2157/2751/2182 2165/2768/2199 2166/2769/2200 2158/2753/2184
f 2158/2753/2184 2166/2769/2200 2167/2770/2201 2159/2755/2186
f 2159/2758/2189 2167/2771/2202 2168/2772/2203 2160/2759/2190
f 2160/2759/2190 2168/2772/2203 2169/2773/2204 2161/2761/2192
f 2161/2761/2192 2169/2773/2204 2170/2774/2205 2162/2763/2194
f 2162/2763/2194 2170/2774/2205 2171/2775/2206 2163/2765/2196
f 2163/2765/2196 2171/2775/2206 2164/2767/2198 2156/2750/2181
f 2164/2776/2207 2172/2777/2208 2173/2778/2209 2165/2779/2210
f 2165/2779/2210 2173/2778/2209 2174/2780/2211 2166/2781/2212
f 2166/2781/2212 2174/2780/2211 2175/2782/2213 2167/2783/2214
f 2167/2783/2214 2175/2782/2213 2176/2784/2215 2168/2785/2216
f 2168/2785/2216 2176/2784/2215 2177/2786/2217 2169/2787/2218
f 2169/2787/2218 2177/2786/2217 2178/2788/2219 2170/2789/2220
f 2170/2789/2220 2178/2788/2219 2179/2790/2221 2171/2791/2222
f 2171/2791/2222 2179/2790/2221 2172/2777/2208 2164/2776/2207
f 2172/2777/2208 2180/2792/2223 2173/2778/2209
f 2173/2778/2209 2180/2792/2223 2174/2780/2211
f 2174/2780/2211 2180/2792/2223 2175/2782/2213
f 2175/2782/2213 2180/2792/2223 2176/2784/2215
f 2176/2784/2215 2180/2792/2223 2177/2786/2217
f 2177/2786/2217 2180/2792/2223 2178/2788/2219
f 2178/2788/2219 2180/2792/2223 2179/2790/2221
f 2179/2790/2221 2180/2792/2223 2172/2777/2208
f 2181/2793/2224 2189/2794/2225 2190/2795/2226 2182/2796/2226
f 2182/2797/2227 2190/2798/2227 2191/2799/2228 2183/2800/2229
f 2183/2800/2229 2191/2799/2228 2192/2801/2230 2184/2802/2231
f 2184/2802/2231 2192/2801/2230 2193/2803/2232 2185/2804/2233
f 2185/2804/2233 2193/2803/2232 2194/2805/2234 2186/2806/2235
f 2186/2806/2235 2194/2805/2234 2195/2807/2236 2187/2808/2237
f 2187/2808/2237 2195/2807/2236 2196/2809/2238 2188/2810/2239
f 2188/2810/2239 2196/2809/2238 2189/2794/2225 2181/2793/2224
f 2182/2811/2240 2183/2812/2240 2197/2813/2240 2181/2814/2240
f 2184/2815/2240 2185/2816/2240 2197/2813/2240 2183/2812/2240
f 2186/2817/2240 2187/2818/2240 2197/2813/2240 2185/2816/2240
f 2188/2819/2240 2181/2814/2240 2197/2813/2240 2187/2818/2240
f 2189/2820/2241 2198/2821/2242 2199/2822/2243 2190/2823/2244
f 2190/2823/2244 2199/2822/2243 2200/2824/2245 2191/2825/2246
f 2191/2825/2246 2200/2824/2245 2201/2826/2247 2192/2827/2248
f 2192/2827/2248 2201/2826/2247 2202/2828/2249 2193/2829/2250
f 2193/2829/2250 2202/2828/2249 2203/2830/2251 2194/2831/2252
f 2194/2831/2252 2203/2830/2251 2204/2832/2253 2195/2833/2254
f 2195/2833/2254 2204/2832/2253 2205/2834/2255 2196/2835/2256
f 2196/2835/2256 2205/2834/2255 2198/2821/2242 2189/2820/2241
f 2198/2821/2242 2206/2836/2257 2199/2822/2243
f 2199/2822/2243 2206/2836/2257 2200/2824/2245
f 2200/2824/2245 2206/2836/2257 2201/2826/2247
f 2201/2826/2247 2206/2836/2257 2202/2828/2249
f 2202/2828/2249 2206/2836/2257 2203/2830/2251
f 2203/2830/2251 2206/2836/2257 2204/2832/2253
f 2204/2832/2253 2206/2836/2257 2205/2834/2255
f 2205/2834/2255 2206/2836/2257 2198/2821/2242
f 2207/2837/2258 2208/2838/2259 2216/2839/2260 2215/2840/2261
f 2208/2838/2259 2209/2841/2262 2217/2842/2263 2216/2839/2260
f 2209/2841/2262 2210/2843/2264 2218/2844/2265 2217/2842/2263
f 2210/2845/2266 2211/2846/2267 2219/2847/2268 2218/2848/2269
f 2211/2846/2267 2212/2849/2270 2220/2850/2271 2219/2847/2268
f 2212/2849/2270 2213/2851/2272 2221/2852/2273 2220/2850/2271
f 2213/2851/2272 2214/2853/2274 2222/2854/2275 2221/2852/2273
f 2214/2853/2274 2207/2837/2258 2215/2840/2261 2222/2854/2275
f 2215/2840/2261 2216/2839/2260 2224/2855/2276 2223/2856/2277
f 2216/2839/2260 2217/2842/2263 2225/2857/2278 2224/2855/2276
f 2217/2842/2263 2218/2844/2265 2226/2858/2279 2225/2857/2278
f 2218/2848/2269 2219/2847/2268 2227/2859/2280 2226/2860/2281
f 2219/2847/2268 2220/2850/2271 2228/2861/2282 2227/2859/2280
f 2220/2850/2271 2221/2852/2273 2229/2862/2283 2228/2861/2282
f 2221/2852/2273 2222/2854/2275 2230/2863/2284 2229/2862/2283
f 2222/2854/2275 2215/2840/2261 2223/2856/2277 2230/2863/2284
f 2223/2864/2285 2224/2865/2286 2232/2866/2287 2231/2867/2288
f 2224/2865/2286 2225/2868/2289 2233/2869/2290 2232/2866/2287
f 2225/2868/2289 2226/2870/2291 2234/2871/2292 2233/2869/2290
f 2226/2870/2291 2227/2872/2293 2235/2873/2294 2234/2871/2292
f 2227/2872/2293 2228/2874/2295 2236/2875/2296 2235/2873/2294
f 2228/2874/2295 2229/2876/2297 2237/2877/2298 2236/2875/2296
f 2229/2876/2297 2230/2878/2299 2238/2879/2300 2237/2877/2298
f 2230/2878/2299 2223/2864/2285 2231/2867/2288 2238/2879/2300
f 2231/2867/2288 2232/2866/2287 2239/2880/2301
f 2232/2866/2287 2233/2869/2290 2239/2880/2301
f 2233/2869/2290 2234/2871/2292 2239/2880/2301
f 2234/2871/2292 2235/2873/2294 2239/2880/2301
f 2235/2873/2294 2236/2875/2296 2239/2880/2301
f 2236/2875/2296 2237/2877/2298 2239/2880/2301
f 2237/2877/2298 2238/2879/2300 2239/2880/2301
f 2238/2879/2300 2231/2867/2288 2239/2880/2301
f 2240/2881/2302 2241/2882/2303 2249/2883/2304 2248/2884/2305
f 2241/2882/2303 2242/2885/2306 2250/2886/2307 2249/2883/2304
f 2242/2885/2306 2243/2887/2308 2251/2888/2309 2250/2886/2307
f 2243/2889/2310 2244/2890/2311 2252/2891/2312 2251/2892/2313
f 2244/2890/2311 2245/2893/2314 2253/2894/2315 2252/2891/2312
f 2245/2893/2314 2246/2895/2316 2254/2896/2317 2253/2894/2315
f 2246/2895/2316 2247/2897/2318 2255/2898/2319 2254/2896/2317
f 2247/2897/2318 2240/2881/2302 2248/2884/2305 2255/2898/2319
f 2248/2884/2305 2249/2883/2304 2257/2899/2320 2256/2900/2321
f 2249/2883/2304 2250/2886/2307 2258/2901/2322 2257/2899/2320
f 2250/2886/2307 2251/2888/2309 2259/2902/2323 2258/2901/2322
f 2251/2892/2313 2252/2891/2312 2260/2903/2324 2259/2904/2325
f 2252/2891/2312 2253/2894/2315 2261/2905/2326 2260/2903/2324
f 2253/2894/2315 2254/2896/2317 2262/2906/2327 2261/2905/2326
f 2254/2896/2317 2255/2898/2319 2263/2907/2328 2262/2906/2327
f 2255/2898/2319 2248/2884/2305 2256/2900/2321 2263/2907/2328
f 2256/2908/2329 2257/2909/2330 2265/2910/2331 2264/2911/2332
f 2257/2909/2330 2258/2912/2333 2266/2913/2334 2265/2910/2331
f 2258/2912/2333 2259/2914/2335 2267/2915/2336 2266/2913/2334
f 2259/2914/2335 2260/2916/2337 2268/2917/2338 2267/2915/2336
f 2260/2916/2337 2261/2918/2339 2269/2919/2340 2268/2917/2338
f 2261/2918/2339 2262/2920/2341 2270/2921/2342 2269/2919/2340
f 2262/2920/2341 2263/2922/2343 2271/2923/2344 2270/2921/2342
f 2263/2922/2343 2256/2908/2329 2264/2911/2332 2271/2923/2344
f 2264/2911/2332 2265/2910/2331 2272/2924/2345
f 2265/2910/2331 2266/2913/2334 2272/2924/2345
f 2266/2913/2334 2267/2915/2336 2272/2924/2345
f 2267/2915/2336 2268/2917/2338 2272/2924/2345
f 2268/2917/2338 2269/2919/2340 2272/2924/2345
f 2269/2919/2340 2270/2921/2342 2272/2924/2345
f 2270/2921/2342 2271/2923/2344 2272/2924/2345
f 2271/2923/2344 2264/2911/2332 2272/2924/2345
f 2273/2925/2346 2274/2926/2347 2282/2927/2348 2281/2928/2349
f 2274/2926/2347 2275/2929/2350 2283/2930/2351 2282/2927/2348
f 2275/2929/2350 2276/2931/2352 2284/2932/2353 2283/2930/2351
f 2276/2933/2354 2277/2934/2355 2285/2935/2356 2284/2936/2357
f 2277/2934/2355 2278/2937/2358 2286/2938/2359 2285/2935/2356
f 2278/2937/2358 2279/2939/2360 2287/2940/2361 2286/2938/2359
f 2279/2939/2360 2280/2941/2362 2288/2942/2363 2287/2940/2361
f 2280/2941/2362 2273/2925/2346 2281/2928/2349 2288/2942/2363
f 2281/2928/2349 2282/2927/2348 2290/2943/2364 2289/2944/2365
f 2282/2927/2348 2283/2930/2351 2291/2945/2366 2290/2943/2364
f 2283/2930/2351 2284/2932/2353 2292/2946/2367 2291/2945/2366
f 2284/2936/2357 2285/2935/2356 2293/2947/2368 2292/2948/2369
f 2285/2935/2356 2286/2938/2359 2294/2949/2370 2293/2947/2368
f 2286/2938/2359 2287/2940/2361 2295/2950/2371 2294/2949/2370
f 2287/2940/2361 2288/2942/2363 2296/2951/2372 2295/2950/2371
f 2288/2942/2363 2281/2928/2349 2289/2944/2365 2296/2951/2372
f 2289/2952/2373 2290/2953/2115 2298/2954/2374 2297/2955/2375
f 2290/2953/2115 2291/2956/2376 2299/2957/2377 2298/2954/2374
f 2291/2956/2376 2292/2958/2120 2300/2959/2378 2299/2957/2377
f 2292/2958/2120 2293/2960/2122 2301/2961/2123 2300/2959/2378
f 2293/2960/2122 2294/2962/2124 2302/2963/2125 2301/2961/2123
f 2294/2962/2124 2295/2964/2379 2303/2965/2127 2302/2963/2125
f 2295/2964/2379 2296/2966/2128 2304/2967/2129 2303/2965/2127
f 2296/2966/2128 2289/2952/2373 2297/2955/2375 2304/2967/2129
f 2297/2955/2375 2298/2954/2374 2305/2968/2130
f 2298/2954/2374 2299/2957/2377 2305/2968/2130
f 2299/2957/2377 2300/2959/2378 2305/2968/2130
f 2300/2959/2378 2301/2961/2123 2305/2968/2130
f 2301/2961/2123 2302/2963/2125 2305/2968/2130
f 2302/2963/2125 2303/2965/2127 2305/2968/2130
f 2303/2965/2127 2304/2967/2129 2305/2968/2130
f 2304/2967/2129 2297/2955/2375 2305/2968/2130
f 2306/2969/2380 2307/2970/2381 2315/2971/2382 2314/2972/2383
f 2307/2970/2381 2308/2973/2384 2316/2974/2385 2315/2971/2382
f 2308/2973/2384 2309/2975/2386 2317/2976/2387 2316/2974/2385
f 2309/2977/2388 2310/2978/2389 2318/2979/2390 2317/2980/2391
f 2310/2978/2389 2311/2981/2392 2319/2982/2393 2318/2979/2390
f 2311/2981/2392 2312/2983/2394 2320/2984/2395 2319/2982/2393
f 2312/2983/2394 2313/2985/2396 2321/2986/2397 2320/2984/2395
f 2313/2985/2396 2306/2969/2380 2314/2972/2383 2321/2986/2397
f 2314/2972/2383 2315/2971/2382 2323/2987/2398 2322/2988/2399
f 2315/2971/2382 2316/2974/2385 2324/2989/2400 2323/2987/2398
f 2316/2974/2385 2317/2976/2387 2325/2990/2401 2324/2989/2400
f 2317/2980/2391 2318/2979/2390 2326/2991/2402 2325/2992/2403
f 2318/2979/2390 2319/2982/2393 2327/2993/2404 2326/2991/2402
f 2319/2982/2393 2320/2984/2395 2328/2994/2405 2327/2993/2404
f 2320/2984/2395 2321/2986/2397 2329/2995/2406 2328/2994/2405
f 2321/2986/2397 2314/2972/2383 2322/2988/2399 2329/2995/2406
f 2322/2996/2407 2323/2997/2408 2331/2998/2409 2330/2999/2410
f 2323/2997/2408 2324/3000/2411 2332/3001/2412 2331/2998/2409
f 2324/3000/2411 2325/3002/2413 2333/3003/2414 2332/3001/2412
f 2325/3002/2413 2326/3004/2415 2334/3005/2416 2333/3003/2414
f 2326/3004/2415 2327/3006/2417 2335/3007/2418 2334/3005/2416
f 2327/3006/2417 2328/3008/2419 2336/3009/2420 2335/3007/2418
f 2328/3008/2419 2329/3010/2421 2337/3011/2422 2336/3009/2420
f 2329/3010/2421 2322/2996/2407 2330/2999/2410 2337/3011/2422
f 2330/2999/2410 2331/2998/2409 2338/3012/2423
f 2331/2998/2409 2332/3001/2412 2338/3012/2423
f 2332/3001/2412 2333/3003/2414 2338/3012/2423
f 2333/3003/2414 2334/3005/2416 2338/3012/2423
f 2334/3005/2416 2335/3007/2418 2338/3012/2423
f 2335/3007/2418 2336/3009/2420 2338/3012/2423
f 2336/3009/2420 2337/3011/2422 2338/3012/2423
f 2337/3011/2422 2330/2999/2410 2338/3012/2423
f 2339/3013/2424 2340/3014/2425 2348/3015/2425 2347/3016/2426
f 2340/3017/2427 2341/3018/2428 2349/3019/2429 2348/3020/2427
f 2341/3018/2428 2342/3021/2430 2350/3022/2431 2349/3019/2429
f 2342/3021/2430 2343/3023/2432 2351/3024/2433 2350/3022/2431
f 2343/3023/2432 2344/3025/2434 2352/3026/2435 2351/3024/2433
f 2344/3025/2434 2345/3027/2436 2353/3028/2437 2352/3026/2435
f 2345/3027/2436 2346/3029/2438 2354/3030/2439 2353/3028/2437
f 2346/3029/2438 2339/3013/2424 2347/3016/2426 2354/3030/2439
f 2340/3031/2440 2339/3032/2440 2355/3033/2440 2341/3034/2440
f 2342/3035/2440 2341/3034/2440 2355/3033/2440 2343/3036/2440
f 2344/3037/2440 2343/3036/2440 2355/3033/2440 2345/3038/2440
f 2346/3039/2440 2345/3038/2440 2355/3033/2440 2339/3032/2440
f 2347/3040/2441 2348/3041/2442 2357/3042/2443 2356/3043/2444
f 2348/3041/2442 2349/3044/2445 2358/3045/2446 2357/3042/2443
f 2349/3044/2445 2350/3046/2447 2359/3047/2448 2358/3045/2446
f 2350/3046/2447 2351/3048/2449 2360/3049/2450 2359/3047/2448
f 2351/3048/2449 2352/3050/2451 2361/3051/2452 2360/3049/2450
f 2352/3050/2451 2353/3052/2453 2362/3053/2454 2361/3051/2452
f 2353/3052/2453 2354/3054/2455 2363/3055/2456 2362/3053/2454
f 2354/3054/2455 2347/3040/2441 2356/3043/2444 2363/3055/2456
f 2356/3043/2444 2357/3042/2443 2364/3056/2457
f 2357/3042/2443 2358/3045/2446 2364/3056/2457
f 2358/3045/2446 2359/3047/2448 2364/3056/2457
f 2359/3047/2448 2360/3049/2450 2364/3056/2457
f 2360/3049/2450 2361/3051/2452 2364/3056/2457
f 2361/3051/2452 2362/3053/2454 2364/3056/2457
f 2362/3053/2454 2363/3055/2456 2364/3056/2457
f 2363/3055/2456 2356/3043/2444 2364/3056/2457
f 2365/3057/2458 2373/3058/2459 2374/3059/2460 2366/3060/2461
f 2366/3060/2461 2374/3059/2460 2375/3061/2462 2367/3062/2463
f 2367/3062/2463 2375/3061/2462 2376/3063/2464 2368/3064/2465
f 2368/3065/2466 2376/3066/2467 2377/3067/2468 2369/3068/2469
f 2369/3068/2469 2377/3067/2468 2378/3069/2470 2370/3070/2471
f 2370/3070/2471 2378/3069/2470 2379/3071/2472 2371/3072/2473
f 2371/3072/2473 2379/3071/2472 2380/3073/2474 2372/3074/2475
f 2372/3074/2475 2380/3073/2474 2373/3058/2459 2365/3057/2458
f 2373/3058/2459 2381/3075/2476 2382/3076/2477 2374/3059/2460
f 2374/3059/2460 2382/3076/2477 2383/3077/2478 2375/3061/2462
f 2375/3061/2462 2383/3077/2478 2384/3078/2479 2376/3063/2464
f 2376/3066/2467 2384/3079/2480 2385/3080/2481 2377/3067/2468
f 2377/3067/2468 2385/3080/2481 2386/3081/2482 2378/3069/2470
f 2378/3069/2470 2386/3081/2482 2387/3082/2483 2379/3071/2472
f 2379/3071/2472 2387/3082/2483 2388/3083/2484 2380/3073/2474
f 2380/3073/2474 2388/3083/2484 2381/3075/2476 2373/3058/2459
f 2381/3084/2485 2389/3085/2486 2390/3086/2487 2382/3087/2488
f 2382/3087/2488 2390/3086/2487 2391/3088/2489 2383/3089/2490
f 2383/3089/2490 2391/3088/2489 2392/3090/2491 2384/3091/2492
f 2384/3091/2492 2392/3090/2491 2393/3092/2493 2385/3093/2494
f 2385/3093/2494 2393/3092/2493 2394/3094/2495 2386/3095/2496
f 2386/3095/2496 2394/3094/2495 2395/3096/2497 2387/3097/2498
f 2387/3097/2498 2395/3096/2497 2396/3098/2499 2388/3099/2500
f 2388/3099/2500 2396/3098/2499 2389/3085/2486 2381/3084/2485
f 2389/3085/2486 2397/3100/2501 2390/3086/2487
f 2390/3086/2487 2397/3100/2501 2391/3088/2489
f 2391/3088/2489 2397/3100/2501 2392/3090/2491
f 2392/3090/2491 2397/3100/2501 2393/3092/2493
f 2393/3092/2493 2397/3100/2501 2394/3094/2495
f 2394/3094/2495 2397/3100/2501 2395/3096/2497
f 2395/3096/2497 2397/3100/2501 2396/3098/2499
f 2396/3098/2499 2397/3100/2501 2389/3085/2486
f 2398/3101/2502 2406/3102/2503 2407/3103/2504 2399/3104/2505
f 2399/3104/2505 2407/3103/2504 2408/3105/2506 2400/3106/2507
f 2400/3106/2507 2408/3105/2506 2409/3107/2508 2401/3108/2509
f 2401/3109/2510 2409/3110/2511 2410/3111/2512 2402/3112/2513
f 2402/3112/2513 2410/3111/2512 2411/3113/2514 2403/3114/2515
f 2403/3114/2515 2411/3113/2514 2412/3115/2516 2404/3116/2517
f 2404/3116/2517 2412/3115/2516 2413/3117/2518 2405/3118/2519
f 2405/3118/2519 2413/3117/2518 2406/3102/2503 2398/3101/2502
f 2406/3102/2503 2414/3119/2520 2415/3120/2521 2407/3103/2504
f 2407/3103/2504 2415/3120/2521 2416/3121/2522 2408/3105/2506
f 2408/3105/2506 2416/3121/2522 2417/3122/2523 2409/3107/2508
f 2409/3110/2511 2417/3123/2524 2418/3124/2525 2410/3111/2512
f 2410/3111/2512 2418/3124/2525 2419/3125/2526 2411/3113/2514
f 2411/3113/2514 2419/3125/2526 2420/3126/2527 2412/3115/2516
f 2412/3115/2516 2420/3126/2527 2421/3127/2528 2413/3117/2518
f 2413/3117/2518 2421/3127/2528 2414/3119/2520 2406/3102/2503
f 2414/3128/2529 2422/3129/2530 2423/3130/2531 2415/3131/2532
f 2415/3131/2532 2423/3130/2531 2424/3132/2533 2416/3133/2534
f 2416/3133/2534 2424/3132/2533 2425/3134/2535 2417/3135/2077
f 2417/3135/2077 2425/3134/2535 2426/3136/2078 2418/3137/2079
f 2418/3137/2079 2426/3136/2078 2427/3138/2536 2419/3139/2537
f 2419/3139/2537 2427/3138/2536 2428/3140/2082 2420/3141/2083
f 2420/3141/2083 2428/3140/2082 2429/3142/2084 2421/3143/2085
f 2421/3143/2085 2429/3142/2084 2422/3129/2530 2414/3128/2529
f 2422/3129/2530 2430/3144/2086 2423/3130/2531
f 2423/3130/2531 2430/3144/2086 2424/3132/2533
f 2424/3132/2533 2430/3144/2086 2425/3134/2535
f 2425/3134/2535 2430/3144/2086 2426/3136/2078
f 2426/3136/2078 2430/3144/2086 2427/3138/2536
f 2427/3138/2536 2430/3144/2086 2428/3140/2082
f 2428/3140/2082 2430/3144/2086 2429/3142/2084
f 2429/3142/2084 2430/3144/2086 2422/3129/2530
o Pic_02_low
v -3.108694 1.340130 2.909668
v -3.216402 1.340130 2.909668
v -3.270256 1.293491 2.990449
v -3.216402 1.246852 3.071231
v -3.108694 1.246852 3.071231
v -3.054840 1.293491 2.990449
v -3.187988 2.539806 3.545259
v -3.223431 2.539806 3.545259
v -3.241152 2.537297 3.575850
v -3.223431 2.534788 3.606442
v -3.187988 2.534788 3.606442
v -3.170267 2.537297 3.575850
v -3.205710 2.604289 3.581346
v -3.146356 1.908800 3.261022
v -3.110568 1.903733 3.322801
v -3.146356 1.898665 3.384579
v -3.217931 1.898665 3.384579
v -3.253718 1.903733 3.322801
v -3.217931 1.908800 3.261022
v -3.199646 1.897247 2.991898
v -3.114824 1.897247 2.991898
v -3.072413 1.834945 2.952981
v -3.114824 1.772643 2.914062
v -3.199646 1.772643 2.914062
v -3.242058 1.834945 2.952981
v -3.129984 2.887528 2.624257
v -3.102072 2.887528 2.624257
v -3.088116 2.892303 2.600562
v -3.102072 2.897078 2.576866
v -3.129984 2.897078 2.576866
v -3.143940 2.892303 2.600562
v -3.116028 2.944195 2.611018
v -3.162771 2.348037 2.701679
v -3.190954 2.357679 2.653826
v -3.162771 2.367322 2.605973
v -3.106404 2.367322 2.605973
v -3.078220 2.357679 2.653826
v -3.106404 2.348037 2.701679
v -3.208746 0.824948 2.720624
v -3.180834 0.824948 2.720624
v -3.166878 0.821513 2.696697
v -3.180834 0.818077 2.672771
v -3.208746 0.818077 2.672771
v -3.222702 0.821513 2.696697
v -3.194790 0.873910 2.689174
v -3.241533 0.342529 2.974232
v -3.269716 0.335591 2.925913
v -3.241533 0.328653 2.877593
v -3.185165 0.328653 2.877593
v -3.156982 0.335591 2.925913
v -3.185166 0.342529 2.974232
v -3.150043 -0.199387 2.836374
v -3.301534 -0.199387 2.836374
v -3.377280 -0.199387 2.967570
v -3.301534 -0.199387 3.098765
v -3.150043 -0.199387 3.098765
v -3.074296 -0.199387 2.967570
v -3.200864 3.201424 2.924398
v -3.250714 3.201424 2.924398
v -3.275639 3.201424 2.967570
v -3.250714 3.201424 3.010740
v -3.200864 3.201424 3.010740
v -3.175938 3.201424 2.967570
v -3.225789 3.269704 2.967570
vn -0.0000 0.5256 -0.8507
vn -0.4850 0.4573 -0.7454
vn -0.5074 0.4166 -0.7543
vn -0.0000 0.4847 -0.8747
vn -0.9995 0.0144 0.0288
vn -0.9984 -0.0090 0.0560
vn -0.4725 -0.3837 0.7935
vn -0.4648 -0.3511 0.8128
vn 0.4866 -0.3559 0.7978
vn 0.4645 -0.3256 0.8235
vn 0.9965 0.0678 0.0482
vn 0.9962 0.0509 0.0704
vn 0.8512 0.3122 -0.4220
vn 0.8493 0.2990 -0.4351
vn 0.4423 0.5275 -0.7254
vn -0.4423 0.5275 -0.7254
vn -0.0000 0.9967 0.0818
vn -0.8846 0.4649 0.0381
vn -0.4423 0.4022 0.8016
vn 0.4423 0.4022 0.8016
vn 0.8846 0.4649 0.0381
vn 0.8434 0.2659 -0.4668
vn 0.9939 0.0553 0.0959
vn 0.4373 -0.2705 0.8577
vn -0.4520 -0.2972 0.8410
vn -0.9956 -0.0172 0.0925
vn -0.5219 0.3464 -0.7795
vn -0.0000 0.4107 -0.9118
vn -0.0000 0.5413 0.8408
vn 0.4925 0.4622 0.7374
vn 0.5033 0.3535 0.7885
vn -0.0000 0.4067 0.9136
vn 0.9760 -0.0963 -0.1954
vn 0.9890 -0.0744 -0.1277
vn 0.3370 -0.4378 -0.8335
vn 0.4056 -0.2958 -0.8649
vn -0.3539 -0.4128 -0.8393
vn -0.4015 -0.2750 -0.8736
vn -0.9712 -0.0365 -0.2355
vn -0.9892 -0.0087 -0.1461
vn -0.8193 0.3493 0.4546
vn -0.8305 0.2895 0.4758
vn -0.4423 0.3059 0.8431
vn 0.4423 0.3059 0.8431
vn -0.0000 0.9803 0.1975
vn 0.8846 0.4572 0.0921
vn 0.4423 0.6085 -0.6588
vn -0.4423 0.6085 -0.6588
vn -0.8846 0.4572 0.0921
vn -0.8434 0.1262 0.5222
vn -0.9939 0.0797 -0.0768
vn -0.4373 -0.0223 -0.8990
vn 0.4520 -0.0526 -0.8905
vn 0.9956 0.0091 -0.0937
vn 0.5219 0.1169 0.8450
vn -0.0000 0.1421 0.9899
vn -0.4423 0.5706 0.6920
vn 0.4423 0.5706 0.6920
vn -0.0000 0.9898 -0.1421
vn 0.8846 0.4617 -0.0663
vn 0.4423 0.3528 -0.8246
vn -0.4423 0.3528 -0.8246
vn -0.8846 0.4617 -0.0663
vn -0.9881 0.1323 0.0779
vn -0.8434 0.2938 0.4498
vn -0.9939 0.0494 -0.0991
vn -0.5372 -0.2947 -0.7903
vn -0.4373 -0.3221 -0.8396
vn 0.5175 -0.3343 -0.7877
vn 0.4520 -0.3478 -0.8214
vn 0.9943 0.0612 0.0868
vn 0.9956 -0.0228 -0.0913
vn 0.4249 0.4182 0.8028
vn 0.5219 0.3931 0.7570
vn -0.0000 0.4653 0.8851
vn 0.4998 0.0299 -0.8656
vn -0.4998 0.0299 -0.8656
vn -0.8657 0.0259 -0.4998
vn -0.8657 0.0259 0.4998
vn -0.4998 0.0299 0.8656
vn 0.4998 0.0299 0.8656
vn 0.9996 0.0299 -0.0000
vn -0.0000 1.0000 -0.0000
vn -0.2825 0.8251 -0.4893
vn -0.8077 0.5897 -0.0000
vn -0.2825 0.8251 0.4893
vn 0.4038 0.5897 0.6995
vn 0.5650 0.8251 -0.0000
vn 0.4038 0.5897 -0.6994
vt 0.498860 0.252844
vt 0.494547 0.254056
vt 0.487030 0.227235
vt 0.489904 0.226462
vt 0.490204 0.255163
vt 0.484070 0.226980
vt 0.485823 0.256173
vt 0.481127 0.226663
vt 0.481371 0.256883
vt 0.478207 0.227147
vt 0.476883 0.257173
vt 0.475485 0.228309
vt 0.472402 0.257103
vt 0.472664 0.229232
vt 0.473683 0.032119
vt 0.471703 0.033262
vt 0.471703 0.030976
vt 0.469723 0.032119
vt 0.469723 0.029832
vt 0.471704 0.028689
vt 0.473683 0.029833
vt 0.472402 0.200193
vt 0.473826 0.199800
vt 0.475215 0.199284
vt 0.476676 0.199038
vt 0.478155 0.199121
vt 0.479631 0.199179
vt 0.481057 0.198813
vt 0.113476 0.315257
vt 0.117019 0.315420
vt 0.116050 0.337741
vt 0.113700 0.337618
vt 0.120390 0.314255
vt 0.118012 0.338943
vt 0.123826 0.313121
vt 0.119917 0.340155
vt 0.127413 0.313623
vt 0.122198 0.340454
vt 0.130359 0.315725
vt 0.124371 0.339849
vt 0.133066 0.318089
vt 0.126630 0.339463
vt 0.427307 0.003678
vt 0.425747 0.004578
vt 0.425747 0.002777
vt 0.424188 0.003677
vt 0.424188 0.001877
vt 0.425747 0.000977
vt 0.427307 0.001877
vt 0.120416 0.362022
vt 0.119239 0.361997
vt 0.118048 0.362064
vt 0.116865 0.361904
vt 0.115745 0.361488
vt 0.114638 0.361086
vt 0.113476 0.361018
vt 0.751411 0.003677
vt 0.749852 0.004578
vt 0.749852 0.002777
vt 0.748293 0.003677
vt 0.748293 0.001877
vt 0.749852 0.000977
vt 0.751411 0.001877
vt 0.770393 0.247677
vt 0.772734 0.247789
vt 0.765804 0.269406
vt 0.764645 0.269351
vt 0.768051 0.247777
vt 0.763486 0.269400
vt 0.765733 0.247435
vt 0.762338 0.269231
vt 0.763547 0.246588
vt 0.761255 0.268812
vt 0.761346 0.245784
vt 0.760166 0.268413
vt 0.759007 0.245643
vt 0.759007 0.268344
vt 0.031469 0.313768
vt 0.037710 0.314613
vt 0.016659 0.454491
vt 0.014604 0.454213
vt 0.043924 0.315643
vt 0.018703 0.454830
vt 0.006334 0.312265
vt 0.012631 0.312359
vt 0.008406 0.453749
vt 0.006334 0.453718
vt 0.018924 0.312641
vt 0.010476 0.453843
vt 0.025205 0.313111
vt 0.012543 0.453997
vt 0.450750 0.006795
vt 0.453205 0.008213
vt 0.450750 0.009630
vt 0.448295 0.008213
vt 0.448295 0.005377
vt 0.450750 0.003960
vt 0.453205 0.005377
s 1
f 2431/3145/2538 2432/3146/2539 2449/3147/2540 2444/3148/2541
f 2432/3146/2539 2433/3149/2542 2448/3150/2543 2449/3147/2540
f 2433/3149/2542 2434/3151/2544 2447/3152/2545 2448/3150/2543
f 2434/3151/2544 2435/3153/2546 2446/3154/2547 2447/3152/2545
f 2435/3153/2546 2436/3155/2548 2445/3156/2549 2446/3154/2547
f 2436/3155/2548 2431/3157/2550 2444/3158/2551 2445/3156/2549
f 2437/3159/2552 2438/3160/2553 2443/3161/2554
f 2438/3160/2553 2439/3162/2555 2443/3161/2554
f 2439/3162/2555 2440/3163/2556 2443/3161/2554
f 2440/3163/2556 2441/3164/2557 2443/3161/2554
f 2441/3164/2557 2442/3165/2558 2443/3161/2554
f 2442/3165/2558 2437/3159/2552 2443/3161/2554
f 2445/3156/2549 2444/3158/2551 2437/3166/2559 2442/3167/2560
f 2446/3154/2547 2445/3156/2549 2442/3167/2560 2441/3168/2561
f 2447/3152/2545 2446/3154/2547 2441/3168/2561 2440/3169/2562
f 2448/3150/2543 2447/3152/2545 2440/3169/2562 2439/3170/2563
f 2449/3147/2540 2448/3150/2543 2439/3170/2563 2438/3171/2564
f 2444/3148/2541 2449/3147/2540 2438/3171/2564 2437/3172/2565
f 2450/3173/2566 2451/3174/2567 2468/3175/2568 2463/3176/2569
f 2451/3174/2567 2452/3177/2570 2467/3178/2571 2468/3175/2568
f 2452/3177/2570 2453/3179/2572 2466/3180/2573 2467/3178/2571
f 2453/3179/2572 2454/3181/2574 2465/3182/2575 2466/3180/2573
f 2454/3181/2574 2455/3183/2576 2464/3184/2577 2465/3182/2575
f 2455/3183/2576 2450/3185/2578 2463/3186/2579 2464/3184/2577
f 2456/3187/2580 2457/3188/2581 2462/3189/2582
f 2457/3188/2581 2458/3190/2583 2462/3189/2582
f 2458/3190/2583 2459/3191/2584 2462/3189/2582
f 2459/3191/2584 2460/3192/2585 2462/3189/2582
f 2460/3192/2585 2461/3193/2586 2462/3189/2582
f 2461/3193/2586 2456/3187/2580 2462/3189/2582
f 2464/3184/2577 2463/3186/2579 2456/3194/2587 2461/3195/2588
f 2465/3182/2575 2464/3184/2577 2461/3195/2588 2460/3196/2589
f 2466/3180/2573 2465/3182/2575 2460/3196/2589 2459/3197/2590
f 2467/3178/2571 2466/3180/2573 2459/3197/2590 2458/3198/2591
f 2468/3175/2568 2467/3178/2571 2458/3198/2591 2457/3199/2592
f 2463/3176/2569 2468/3175/2568 2457/3199/2592 2456/3200/2593
f 2469/3201/2594 2470/3202/2595 2475/3203/2596
f 2470/3202/2595 2471/3204/2597 2475/3203/2596
f 2471/3204/2597 2472/3205/2598 2475/3203/2596
f 2472/3205/2598 2473/3206/2599 2475/3203/2596
f 2473/3206/2599 2474/3207/2600 2475/3203/2596
f 2474/3207/2600 2469/3201/2594 2475/3203/2596
f 2477/3208/2601 2476/3209/2602 2469/3210/2602 2474/3211/2603
f 2478/3212/2604 2477/3208/2601 2474/3211/2603 2473/3213/2605
f 2479/3214/2606 2478/3212/2604 2473/3213/2605 2472/3215/2607
f 2480/3216/2608 2479/3214/2606 2472/3215/2607 2471/3217/2609
f 2481/3218/2610 2480/3216/2608 2471/3217/2609 2470/3219/2611
f 2476/3220/2612 2481/3218/2610 2470/3219/2611 2469/3221/2612
f 2482/3222/2613 2483/3223/2614 2489/3224/2614 2488/3225/2613
f 2483/3223/2614 2484/3226/2615 2490/3227/2615 2489/3224/2614
f 2484/3228/2616 2485/3229/2617 2491/3230/2617 2490/3231/2616
f 2485/3229/2617 2486/3232/2618 2492/3233/2618 2491/3230/2617
f 2486/3232/2618 2487/3234/2619 2493/3235/2619 2492/3233/2618
f 2487/3234/2619 2482/3222/2613 2488/3225/2613 2493/3235/2619
f 2494/3236/2620 2489/3237/2621 2490/3238/2622 2491/3239/2623
f 2494/3236/2620 2491/3239/2623 2492/3240/2624 2493/3241/2625
f 2494/3236/2620 2493/3241/2625 2488/3242/2626 2489/3237/2621
o Pic_01_low
v -3.150043 -0.199387 2.122606
v -3.301534 -0.199387 2.122606
v -3.377281 -0.199387 2.253802
v -3.301534 -0.199387 2.384998
v -3.150043 -0.199387 2.384998
v -3.074296 -0.199387 2.253802
v -3.200864 3.201424 2.104070
v -3.250714 3.201424 2.104070
v -3.275639 3.201424 2.147241
v -3.250714 3.201424 2.190412
v -3.200864 3.201424 2.190412
v -3.175938 3.201424 2.147241
v -3.225789 3.269704 2.147241
v -3.175453 1.501019 2.220190
v -3.125118 1.501019 2.307373
v -3.175453 1.501019 2.394557
v -3.276124 1.501019 2.394557
v -3.326460 1.501019 2.307373
v -3.276124 1.501019 2.220190
vn 0.4950 0.0572 -0.8670
vn -0.4950 0.0572 -0.8670
vn -0.5073 0.0167 -0.8616
vn 0.5073 0.0167 -0.8616
vn -0.8653 0.0416 -0.4996
vn -0.8659 0.0189 -0.4999
vn -0.8660 0.0101 0.5000
vn -0.5043 0.0027 0.8635
vn -0.4919 0.0426 0.8696
vn -0.8655 0.0338 0.4997
vn 0.5043 0.0027 0.8635
vn 0.4919 0.0426 0.8696
vn 0.9995 0.0302 -0.0103
vn 0.9994 0.0307 0.0174
vn 0.4860 -0.0523 -0.8724
vn 0.9992 0.0271 -0.0295
vn 0.5094 0.1101 0.8535
vn -0.5094 0.1101 0.8535
vn -0.8637 0.0728 0.4987
vn -0.8658 -0.0212 -0.4999
vn -0.4860 -0.0523 -0.8724
vn -0.0000 1.0000 -0.0000
vn 0.2825 0.8251 -0.4893
vn -0.4038 0.5896 -0.6995
vn -0.5650 0.8251 -0.0000
vn -0.4038 0.5897 0.6994
vn 0.2825 0.8251 0.4893
vn 0.8077 0.5897 -0.0000
vt 0.476135 0.106782
vt 0.482368 0.107628
vt 0.471812 0.177882
vt 0.467656 0.177322
vt 0.488544 0.108821
vt 0.475959 0.178451
vt 0.450974 0.105429
vt 0.457268 0.105695
vt 0.455172 0.176157
vt 0.450993 0.176205
vt 0.463573 0.105981
vt 0.459348 0.176346
vt 0.469865 0.106290
vt 0.463506 0.176771
vt 0.459200 0.247853
vt 0.457166 0.247472
vt 0.455117 0.247152
vt 0.453042 0.247059
vt 0.450974 0.247195
vt 0.463315 0.248300
vt 0.461252 0.248130
vt 0.956997 0.003814
vt 0.959452 0.005231
vt 0.956997 0.006649
vt 0.954542 0.005231
vt 0.954542 0.002396
vt 0.956997 0.000979
vt 0.959452 0.002396
s 1
f 2495/3243/2627 2496/3244/2628 2513/3245/2629 2508/3246/2630
f 2496/3244/2628 2497/3247/2631 2512/3248/2632 2513/3245/2629
f 2497/3249/2633 2498/3250/2634 2511/3251/2635 2512/3252/2636
f 2498/3250/2634 2499/3253/2637 2510/3254/2638 2511/3251/2635
f 2499/3253/2637 2500/3255/2639 2509/3256/2640 2510/3254/2638
f 2500/3255/2639 2495/3243/2627 2508/3246/2630 2509/3256/2640
f 2509/3256/2640 2508/3246/2630 2501/3257/2641 2506/3258/2642
f 2510/3254/2638 2509/3256/2640 2506/3258/2642 2505/3259/2643
f 2511/3251/2635 2510/3254/2638 2505/3259/2643 2504/3260/2644
f 2512/3252/2636 2511/3251/2635 2504/3260/2644 2503/3261/2645
f 2513/3245/2629 2512/3248/2632 2503/3262/2646 2502/3263/2647
f 2508/3246/2630 2513/3245/2629 2502/3263/2647 2501/3257/2641
f 2507/3264/2648 2501/3265/2649 2502/3266/2650 2503/3267/2651
f 2507/3264/2648 2503/3267/2651 2504/3268/2652 2505/3269/2653
f 2507/3264/2648 2505/3269/2653 2506/3270/2654 2501/3265/2649
o maison_02_low
v 2.533470 2.505715 32.500046
v 2.529905 2.482705 32.512516
v 2.533475 2.454058 32.510246
v 2.542090 2.436557 32.494564
v 2.550701 2.440453 32.474655
v 2.554266 2.463464 32.462193
v 2.550696 2.492110 32.464458
v 2.542081 2.509612 32.480141
v 6.337884 2.494231 32.487350
v 6.334319 2.473085 32.499454
v 6.337890 2.446304 32.496815
v 6.346504 2.429574 32.480980
v 6.355116 2.432699 32.461227
v 6.358680 2.453845 32.449127
v 6.355109 2.480626 32.451767
v 6.346496 2.497355 32.467598
v 2.466982 1.882424 32.500046
v 2.463284 1.859413 32.512516
v 2.466988 1.830767 32.510246
v 2.475924 1.813265 32.494564
v 2.484857 1.817161 32.474655
v 2.488554 1.840172 32.462193
v 2.484851 1.868819 32.464458
v 2.475915 1.886320 32.480141
v 6.413461 1.870940 32.487350
v 6.409763 1.849794 32.499454
v 6.413467 1.823013 32.496815
v 6.422403 1.806284 32.480980
v 6.431336 1.809408 32.461227
v 6.435033 1.830554 32.449127
v 6.431330 1.857335 32.451767
v 6.422394 1.874064 32.467598
v 3.810574 0.056333 32.505276
v 3.843446 0.056333 32.513248
v 3.876319 0.056333 32.505276
v 3.889935 0.056333 32.486031
v 3.876319 0.056333 32.466782
v 3.843446 0.056333 32.458809
v 3.810574 0.056333 32.466782
v 3.796957 0.056333 32.486031
v 3.832269 3.238773 32.505276
v 3.862768 3.238774 32.513248
v 3.893268 3.238774 32.505276
v 3.905901 3.238774 32.486031
v 3.893268 3.238774 32.466782
v 3.862768 3.238774 32.458809
v 3.832269 3.238773 32.466782
v 3.819636 3.238773 32.486031
v 4.867489 0.056333 32.505276
v 4.900362 0.056333 32.513248
v 4.933235 0.056333 32.505276
v 4.946851 0.056333 32.486031
v 4.933235 0.056333 32.466782
v 4.900362 0.056333 32.458809
v 4.867489 0.056333 32.466782
v 4.853873 0.056333 32.486031
v 4.889185 3.238773 32.505276
v 4.919684 3.238774 32.513248
v 4.950183 3.238774 32.505276
v 4.962817 3.238774 32.486031
v 4.950183 3.238774 32.466782
v 4.919684 3.238774 32.458809
v 4.889185 3.238773 32.466782
v 4.876552 3.238773 32.486031
v 2.382063 1.219812 32.500046
v 2.378196 1.196801 32.512516
v 2.382070 1.168155 32.510246
v 2.391417 1.150653 32.494564
v 2.400761 1.154550 32.474659
v 2.404628 1.177561 32.462189
v 2.400754 1.206207 32.464458
v 2.391407 1.223708 32.480141
v 6.509988 1.208328 32.487350
v 6.506121 1.187182 32.499454
v 6.509995 1.160401 32.496815
v 6.519341 1.143672 32.480980
v 6.528685 1.146796 32.461227
v 6.532553 1.167942 32.449127
v 6.528678 1.194723 32.451767
v 6.519332 1.211451 32.467598
v 2.360943 0.408399 32.500046
v 2.357033 0.385388 32.512516
v 2.360950 0.356742 32.510246
v 2.370399 0.339240 32.494564
v 2.379845 0.343137 32.474659
v 2.383755 0.366148 32.462193
v 2.379838 0.394794 32.464458
v 2.370389 0.412295 32.480141
v 6.533997 0.396915 32.487350
v 6.530086 0.375769 32.499454
v 6.534002 0.348988 32.496815
v 6.543451 0.332259 32.480980
v 6.552897 0.335382 32.461227
v 6.556807 0.356528 32.449127
v 6.552891 0.383310 32.451767
v 6.543442 0.400038 32.467598
v 2.463854 0.056333 32.473141
v 2.496727 0.056333 32.465172
v 2.529600 0.056333 32.473141
v 2.543216 0.056333 32.492393
v 2.529600 0.056333 32.511635
v 2.496727 0.056333 32.519615
v 2.463854 0.056333 32.511635
v 2.450238 0.056333 32.492393
v 2.605483 2.736780 32.473141
v 2.635982 2.746774 32.465172
v 2.666481 2.756767 32.473141
v 2.679115 2.760906 32.492393
v 2.666481 2.756767 32.511635
v 2.635982 2.746774 32.519615
v 2.605483 2.736780 32.511635
v 2.592850 2.732641 32.492393
v 6.406002 0.056333 32.473141
v 6.373128 0.056333 32.465172
v 6.340256 0.056333 32.473141
v 6.326640 0.056333 32.492393
v 6.340256 0.056333 32.511635
v 6.373128 0.056333 32.519615
v 6.406002 0.056333 32.511635
v 6.419618 0.056333 32.492393
v 6.264373 2.736780 32.473141
v 6.233874 2.746774 32.465172
v 6.203375 2.756767 32.473141
v 6.190741 2.760906 32.492393
v 6.203375 2.756767 32.511635
v 6.233874 2.746774 32.519615
v 6.264373 2.736780 32.511635
v 6.277006 2.732641 32.492393
v 2.533470 2.505714 25.727249
v 2.529905 2.482704 25.739717
v 2.533475 2.454058 25.737446
v 2.542090 2.436556 25.721766
v 2.550701 2.440452 25.701859
v 2.554266 2.463463 25.689396
v 2.550696 2.492110 25.691662
v 2.542081 2.509611 25.707346
v 6.337884 2.494231 25.714554
v 6.334319 2.473085 25.726656
v 6.337890 2.446304 25.724016
v 6.346504 2.429574 25.708183
v 6.355116 2.432698 25.688431
v 6.358680 2.453844 25.676331
v 6.355109 2.480626 25.678967
v 6.346496 2.497354 25.694803
v 2.466982 1.882423 25.727249
v 2.463284 1.859413 25.739717
v 2.466988 1.830766 25.737446
v 2.475924 1.813265 25.721766
v 2.484857 1.817161 25.701859
v 2.488554 1.840172 25.689396
v 2.484851 1.868818 25.691662
v 2.475915 1.886320 25.707346
v 6.413461 1.870939 25.714554
v 6.409763 1.849794 25.726656
v 6.413467 1.823012 25.724016
v 6.422403 1.806283 25.708183
v 6.431336 1.809407 25.688431
v 6.435033 1.830553 25.676331
v 6.431330 1.857334 25.678967
v 6.422394 1.874063 25.694803
v 3.810574 0.056333 25.732479
v 3.843446 0.056333 25.740450
v 3.876319 0.056333 25.732479
v 3.889935 0.056333 25.713234
v 3.876319 0.056333 25.693987
v 3.843446 0.056333 25.686014
v 3.810574 0.056333 25.693987
v 3.796957 0.056333 25.713234
v 3.832269 3.238773 25.732479
v 3.862768 3.238773 25.740450
v 3.893268 3.238773 25.732479
v 3.905901 3.238773 25.713232
v 3.893268 3.238773 25.693987
v 3.862768 3.238773 25.686014
v 3.832269 3.238773 25.693987
v 3.819636 3.238773 25.713232
v 4.867489 0.056333 25.732479
v 4.900362 0.056333 25.740450
v 4.933235 0.056333 25.732479
v 4.946851 0.056333 25.713234
v 4.933235 0.056333 25.693987
v 4.900362 0.056333 25.686014
v 4.867489 0.056333 25.693987
v 4.853873 0.056333 25.713234
v 4.889185 3.238773 25.732479
v 4.919684 3.238773 25.740450
v 4.950183 3.238773 25.732479
v 4.962817 3.238773 25.713232
v 4.950183 3.238773 25.693987
v 4.919684 3.238773 25.686014
v 4.889185 3.238773 25.693987
v 4.876552 3.238773 25.713232
v 2.382063 1.219811 25.727249
v 2.378196 1.196800 25.739717
v 2.382070 1.168154 25.737446
v 2.391417 1.150653 25.721766
v 2.400761 1.154549 25.701860
v 2.404628 1.177560 25.689392
v 2.400754 1.206206 25.691662
v 2.391407 1.223708 25.707346
v 6.509988 1.208328 25.714554
v 6.506121 1.187182 25.726656
v 6.509995 1.160400 25.724016
v 6.519341 1.143672 25.708183
v 6.528685 1.146795 25.688431
v 6.532553 1.167941 25.676331
v 6.528678 1.194723 25.678967
v 6.519332 1.211451 25.694803
v 2.360943 0.408398 25.727249
v 2.357033 0.385387 25.739717
v 2.360950 0.356741 25.737446
v 2.370399 0.339240 25.721766
v 2.379845 0.343136 25.701860
v 2.383755 0.366147 25.689396
v 2.379838 0.394793 25.691662
v 2.370389 0.412294 25.707346
v 6.533997 0.396914 25.714554
v 6.530086 0.375769 25.726656
v 6.534002 0.348987 25.724016
v 6.543451 0.332258 25.708183
v 6.552897 0.335382 25.688431
v 6.556807 0.356528 25.676331
v 6.552891 0.383309 25.678967
v 6.543442 0.400038 25.694803
v 2.463854 0.056333 25.700342
v 2.496727 0.056333 25.692375
v 2.529600 0.056333 25.700342
v 2.543216 0.056333 25.719597
v 2.529600 0.056333 25.738840
v 2.496727 0.056333 25.746819
v 2.463854 0.056333 25.738840
v 2.450238 0.056333 25.719597
v 2.605483 2.736779 25.700342
v 2.635982 2.746773 25.692375
v 2.666481 2.756767 25.700342
v 2.679115 2.760906 25.719597
v 2.666481 2.756767 25.738840
v 2.635982 2.746773 25.746819
v 2.605483 2.736780 25.738840
v 2.592850 2.732640 25.719597
v 6.406002 0.056333 25.700342
v 6.373128 0.056333 25.692375
v 6.340256 0.056333 25.700342
v 6.326640 0.056333 25.719597
v 6.340256 0.056333 25.738840
v 6.373128 0.056333 25.746819
v 6.406002 0.056333 25.738840
v 6.419618 0.056333 25.719597
v 6.264373 2.736779 25.700342
v 6.233874 2.746773 25.692375
v 6.203375 2.756767 25.700342
v 6.190741 2.760906 25.719597
v 6.203375 2.756767 25.738840
v 6.233874 2.746773 25.746819
v 6.264373 2.736780 25.738840
v 6.277006 2.732640 25.719597
v 3.125526 3.118019 25.563164
v 4.434928 3.342237 25.563164
v 2.478482 2.674236 25.563164
v 3.125526 3.118019 32.538013
v 4.434928 3.342237 32.538013
v 2.478482 2.674236 32.538013
v 2.673836 3.198535 29.050587
v 3.193470 3.560317 29.050587
v 4.434928 3.696338 29.050587
v 2.578459 2.857614 31.646851
v 3.153648 3.200714 31.646851
v 4.434928 3.385656 31.646851
v 2.578459 2.857613 26.454327
v 3.153648 3.200714 26.454327
v 4.434928 3.385655 26.454327
v 2.254233 0.020901 31.646851
v 2.154253 0.020901 32.538013
v 2.204243 0.020901 25.563164
v 2.304222 0.020901 26.454327
v 5.744335 3.118019 25.563164
v 6.391380 2.674236 25.563164
v 5.744335 3.118019 32.538013
v 6.391380 2.674236 32.538013
v 6.196022 3.198535 29.050587
v 5.676390 3.560317 29.050587
v 6.291399 2.857614 31.646851
v 5.716210 3.200714 31.646851
v 6.291399 2.857613 26.454327
v 5.716210 3.200714 26.454327
v 6.615627 0.020901 31.646851
v 6.715607 0.020901 32.538013
v 6.665617 0.020901 25.563164
v 6.565639 0.020901 26.454327
v 2.560018 2.631233 25.563164
v 3.180093 3.056521 25.563164
v 2.655831 2.808778 26.454327
v 3.207045 3.137579 26.454327
v 4.434928 3.314813 26.454327
v 4.434928 3.271395 25.563164
v 2.747230 3.148418 29.050587
v 3.245209 3.495123 29.050587
v 2.655831 2.808778 31.646849
v 3.207045 3.137579 31.646849
v 4.434928 3.314814 31.646849
v 4.434928 3.625476 29.050587
v 2.560018 2.631233 32.538013
v 3.180093 3.056521 32.538013
v 4.434928 3.271395 32.538013
v 2.345116 0.020902 31.646849
v 2.249303 0.020902 32.538013
v 2.297209 0.020901 25.563164
v 2.393020 0.020901 26.454327
v 5.689764 3.056521 25.563164
v 5.662812 3.137579 26.454327
v 6.214029 2.808778 26.454327
v 6.309843 2.631233 25.563164
v 5.624652 3.495123 29.050587
v 5.662812 3.137579 31.646849
v 6.214029 2.808778 31.646849
v 6.122627 3.148418 29.050587
v 5.689764 3.056521 32.538013
v 6.309843 2.631233 32.538013
v 6.620558 0.020902 32.538013
v 6.524745 0.020902 31.646849
v 6.476840 0.020901 26.454327
v 6.572654 0.020901 25.563164
v 2.626147 3.092352 27.752457
v 3.173559 3.444794 27.752457
v 4.434928 3.605275 27.752457
v 5.696301 3.444794 27.752457
v 6.243710 3.092352 27.752457
v 6.168328 3.042876 27.752457
v 5.643732 3.380630 27.752457
v 4.434928 3.534423 27.752457
v 3.226126 3.380630 27.752457
v 2.701530 3.042876 27.752457
v 2.626147 3.092352 30.348721
v 3.173559 3.444794 30.348721
v 4.434928 3.605276 30.348721
v 5.696301 3.444794 30.348721
v 6.243710 3.092352 30.348721
v 6.168328 3.042876 30.348719
v 5.643732 3.380630 30.348719
v 4.434928 3.534424 30.348719
v 3.226126 3.380630 30.348719
v 2.701530 3.042876 30.348719
v 2.154251 0.020901 32.499454
v 6.620557 0.020901 32.499454
v 2.154251 0.020901 25.563164
v 6.620557 0.020901 25.563164
vn 0.0045 0.7253 0.6884
vn 0.0039 0.1929 0.9812
vn 0.0039 0.1946 0.9809
vn 0.0044 0.8273 0.5618
vn 0.0027 -0.3245 0.9459
vn 0.0024 -0.4220 0.9066
vn -0.0000 -0.8799 0.4751
vn -0.0011 -0.9735 0.2288
vn -0.0037 -0.8263 -0.5633
vn -0.0039 -0.7237 -0.6901
vn -0.0042 -0.4856 -0.8742
vn -0.0031 0.0877 -0.9961
vn -0.0017 0.4208 -0.9071
vn -0.0022 0.3229 -0.9464
vn 0.0023 0.9731 -0.2303
vn 0.0012 0.8793 -0.4763
vn 0.0043 0.7232 0.6906
vn 0.0038 0.1928 0.9812
vn 0.0038 0.1946 0.9809
vn 0.0042 0.8287 0.5597
vn 0.0026 -0.3227 0.9465
vn 0.0023 -0.4234 0.9059
vn -0.0000 -0.8780 0.4787
vn -0.0011 -0.9745 0.2245
vn -0.0035 -0.8276 -0.5613
vn -0.0038 -0.7216 -0.6923
vn -0.0040 -0.4856 -0.8742
vn -0.0030 0.0877 -0.9961
vn -0.0017 0.4222 -0.9065
vn -0.0021 0.3210 -0.9471
vn 0.0022 0.9741 -0.2260
vn 0.0011 0.8773 -0.4800
vn -0.5202 0.0040 0.8541
vn -0.0009 0.0001 1.0000
vn 0.0009 0.0001 1.0000
vn -0.5181 0.0035 0.8553
vn 0.5183 -0.0028 0.8552
vn 0.5199 -0.0031 0.8542
vn 1.0000 -0.0052 -0.0000
vn 0.5184 -0.0031 -0.8551
vn 0.5200 -0.0028 -0.8542
vn -0.0010 0.0001 -1.0000
vn 0.0009 0.0001 -1.0000
vn -0.2440 0.0016 -0.9698
vn -0.8262 0.0058 -0.5634
vn -1.0000 0.0070 -0.0000
vn -0.0009 0.0001 -1.0000
vn 0.0041 0.7205 0.6934
vn 0.0036 0.1927 0.9812
vn 0.0036 0.1947 0.9809
vn 0.0040 0.8305 0.5571
vn 0.0025 -0.3203 0.9473
vn 0.0022 -0.4253 0.9051
vn -0.0000 -0.8754 0.4834
vn -0.0010 -0.9757 0.2191
vn -0.0034 -0.8293 -0.5588
vn -0.0036 -0.7189 -0.6951
vn -0.0038 -0.4856 -0.8742
vn -0.0029 0.0877 -0.9961
vn -0.0016 0.4240 -0.9056
vn -0.0020 0.3186 -0.9479
vn 0.0021 0.9754 -0.2207
vn 0.0010 0.8747 -0.4847
vn 0.0041 0.7199 0.6941
vn 0.0036 0.1947 0.9808
vn 0.0040 0.8309 0.5564
vn 0.0024 -0.3197 0.9475
vn 0.0021 -0.4257 0.9049
vn -0.0000 -0.8748 0.4846
vn -0.0010 -0.9760 0.2178
vn -0.0033 -0.8297 -0.5582
vn -0.0036 -0.7182 -0.6958
vn -0.0016 0.4245 -0.9054
vn -0.0020 0.3180 -0.9481
vn 0.0021 0.9756 -0.2194
vn 0.0010 0.8740 -0.4859
vn -0.5300 0.0280 -0.8475
vn -0.4686 0.0247 -0.8830
vn 0.0580 -0.0029 -0.9983
vn -0.0078 0.0005 -1.0000
vn 0.5822 -0.0295 -0.8125
vn 0.5147 -0.0261 -0.8570
vn 0.8276 -0.0418 -0.5597
vn 0.8275 -0.0418 0.5599
vn 0.5821 -0.0295 0.8126
vn 0.5147 -0.0261 0.8570
vn 0.0580 -0.0029 0.9983
vn -0.0077 0.0005 1.0000
vn -0.4687 0.0247 0.8830
vn -0.5300 0.0280 0.8476
vn -0.9986 0.0530 -0.0002
vn -0.9986 0.0530 0.0001
vn 0.5300 0.0280 -0.8475
vn 0.0078 0.0005 -1.0000
vn -0.0579 -0.0029 -0.9983
vn 0.4686 0.0247 -0.8830
vn -0.5147 -0.0261 -0.8570
vn -0.5821 -0.0295 -0.8126
vn -0.8276 -0.0418 -0.5597
vn -0.8275 -0.0418 0.5599
vn -0.5147 -0.0261 0.8570
vn -0.5821 -0.0295 0.8126
vn 0.0078 0.0005 1.0000
vn -0.0582 -0.0029 0.9983
vn 0.5300 0.0280 0.8475
vn 0.4687 0.0247 0.8830
vn 0.9986 0.0530 0.0001
vn 0.0045 0.7253 0.6885
vn 0.0039 0.1928 0.9812
vn -0.0011 -0.9735 0.2289
vn -0.0017 0.4209 -0.9071
vn 0.0043 0.7232 0.6907
vn -0.0000 -0.8779 0.4788
vn -0.0017 0.4223 -0.9065
vn -0.0021 0.3211 -0.9471
vn 0.0011 0.8772 -0.4800
vn -0.5202 0.0040 0.8540
vn 0.5184 -0.0031 -0.8552
vn 0.0041 0.7205 0.6935
vn 0.0040 0.8304 0.5571
vn -0.0036 -0.7188 -0.6952
vn -0.0038 -0.4857 -0.8741
vn -0.0029 0.0878 -0.9961
vn -0.0016 0.4241 -0.9056
vn 0.0021 0.9753 -0.2207
vn 0.0041 0.7198 0.6942
vn 0.0036 0.1926 0.9813
vn 0.0040 0.8309 0.5565
vn -0.0000 -0.8748 0.4845
vn -0.0033 -0.8297 -0.5581
vn 0.0575 -0.0028 -0.9983
vn -0.0077 0.0005 -1.0000
vn 0.5821 -0.0295 -0.8125
vn 0.8277 -0.0418 -0.5597
vn 0.5147 -0.0261 0.8569
vn 0.0581 -0.0029 0.9983
vn -0.5300 0.0280 0.8475
vn -0.9986 0.0530 0.0002
vn 0.0077 0.0005 -1.0000
vn -0.5821 -0.0295 -0.8125
vn -0.8277 -0.0418 -0.5597
vn 0.0077 0.0005 1.0000
vn -0.0581 -0.0029 0.9983
vn 0.9986 0.0530 -0.0002
vn 0.3056 -0.9492 0.0747
vn 0.2918 -0.9536 0.0740
vn 0.9506 -0.3038 0.0640
vn 0.9701 -0.2322 -0.0708
vn -0.0000 -0.9977 0.0673
vn 0.2668 -0.9638 -0.0000
vn 0.2692 -0.9556 -0.1198
vn 0.4294 -0.8959 -0.1136
vn 0.4505 -0.8928 -0.0000
vn -0.0000 -0.9919 -0.1268
vn -0.0000 -1.0000 -0.0000
vn 0.2918 -0.9536 -0.0740
vn 0.3056 -0.9492 -0.0747
vn 0.9666 -0.2467 0.0690
vn 0.9462 -0.3168 -0.0663
vn -0.0000 -0.9977 -0.0673
vn 0.2779 -0.9463 0.1650
vn 0.2692 -0.9556 0.1198
vn 0.4294 -0.8960 0.1136
vn 0.4108 -0.8984 0.1553
vn -0.0000 -0.9919 0.1267
vn -0.0000 -0.9847 0.1745
vn 0.9889 -0.1138 0.0950
vn 0.9934 -0.1143 -0.0118
vn 0.9953 -0.0969 0.0073
vn 0.9906 -0.0965 -0.0969
vn -0.3056 -0.9492 0.0747
vn -0.9701 -0.2322 -0.0708
vn -0.9506 -0.3038 0.0640
vn -0.2918 -0.9536 0.0740
vn -0.2668 -0.9638 -0.0000
vn -0.5562 -0.8310 -0.0000
vn -0.5376 -0.8369 -0.1025
vn -0.2692 -0.9556 -0.1198
vn -0.2918 -0.9536 -0.0740
vn -0.9462 -0.3168 -0.0663
vn -0.9666 -0.2467 0.0690
vn -0.3056 -0.9492 -0.0747
vn -0.2779 -0.9463 0.1650
vn -0.5214 -0.8415 0.1416
vn -0.5376 -0.8369 0.1025
vn -0.2692 -0.9556 0.1198
vn -0.9934 -0.1143 -0.0118
vn -0.9889 -0.1138 0.0950
vn -0.9906 -0.0965 -0.0969
vn -0.9953 -0.0969 0.0073
vn -0.3033 0.9417 -0.1456
vn -0.9716 0.2367 0.0040
vn -0.9432 0.3097 0.1207
vn -0.2915 0.9536 -0.0752
vn -0.0000 0.9977 -0.0681
vn -0.0000 0.9906 -0.1367
vn -0.2666 0.9638 -0.0000
vn -0.6573 0.7536 0.0001
vn -0.6412 0.7621 0.0896
vn -0.2692 0.9556 0.1201
vn -0.0000 0.9919 0.1270
vn -0.0000 1.0000 -0.0000
vn -0.2915 0.9536 0.0752
vn -0.9387 0.3228 -0.1208
vn -0.9678 0.2517 -0.0007
vn -0.3033 0.9417 0.1456
vn -0.0000 0.9906 0.1367
vn -0.0000 0.9977 0.0681
vn -0.2780 0.9463 -0.1652
vn -0.6422 0.7566 -0.1225
vn -0.6412 0.7621 -0.0897
vn -0.2692 0.9556 -0.1201
vn -0.0000 0.9919 -0.1270
vn -0.0000 0.9846 -0.1748
vn -0.9755 0.1152 -0.1872
vn -0.9882 0.1167 -0.0989
vn -0.9900 0.0989 0.1009
vn -0.9771 0.0976 0.1890
vn 0.3033 0.9417 -0.1456
vn 0.2915 0.9536 -0.0752
vn 0.9431 0.3097 0.1207
vn 0.9716 0.2367 0.0040
vn 0.2666 0.9638 -0.0000
vn 0.2692 0.9556 0.1201
vn 0.6412 0.7621 0.0898
vn 0.6573 0.7536 -0.0000
vn 0.2915 0.9536 0.0752
vn 0.3033 0.9417 0.1456
vn 0.9678 0.2517 -0.0007
vn 0.9387 0.3229 -0.1208
vn 0.2780 0.9463 -0.1652
vn 0.2692 0.9556 -0.1201
vn 0.6412 0.7621 -0.0898
vn 0.6422 0.7567 -0.1224
vn 0.9882 0.1167 -0.0989
vn 0.9755 0.1152 -0.1872
vn 0.9771 0.0976 0.1890
vn 0.9900 0.0989 0.1009
vn -0.0000 -0.0000 -1.0000
vn -0.0000 -0.0000 1.0000
vn 0.5439 -0.8291 -0.1298
vn 0.5563 -0.8310 -0.0000
vn 0.5438 -0.8291 0.1299
vn 0.5334 -0.8288 0.1689
vn -0.6422 0.7567 0.1225
vn -0.2780 0.9463 0.1652
vn -0.0000 0.9846 0.1748
vn 0.2780 0.9463 0.1652
vn 0.6423 0.7566 0.1225
vn 0.5334 -0.8288 -0.1689
vn -0.5214 -0.8415 -0.1416
vn -0.2779 -0.9463 -0.1650
vn -0.0000 -0.9847 -0.1745
vn 0.2779 -0.9463 -0.1650
vn 0.4108 -0.8984 -0.1553
vt 0.579876 0.763505
vt 0.580964 0.763356
vt 0.581146 0.921528
vt 0.580134 0.921678
vt 0.582159 0.763506
vt 0.582265 0.921679
vt 0.583134 0.763867
vt 0.583222 0.922041
vt 0.583977 0.764228
vt 0.584052 0.922401
vt 0.585065 0.764375
vt 0.585065 0.922548
vt 0.576866 0.764385
vt 0.578060 0.764230
vt 0.578349 0.922404
vt 0.577231 0.922558
vt 0.579034 0.763866
vt 0.579304 0.922040
vt 0.533396 0.740699
vt 0.534504 0.740548
vt 0.534690 0.901649
vt 0.533659 0.901801
vt 0.535721 0.740701
vt 0.535830 0.901803
vt 0.536715 0.741069
vt 0.536804 0.902171
vt 0.537573 0.741436
vt 0.537649 0.902537
vt 0.538681 0.741586
vt 0.538681 0.902687
vt 0.530330 0.741596
vt 0.531546 0.741439
vt 0.531841 0.902541
vt 0.530702 0.902697
vt 0.532539 0.741067
vt 0.532813 0.902170
vt 0.945788 0.815890
vt 0.947194 0.815895
vt 0.947528 0.948211
vt 0.946217 0.948207
vt 0.948601 0.815900
vt 0.948838 0.948215
vt 0.949581 0.815901
vt 0.949795 0.948216
vt 0.950561 0.815896
vt 0.950753 0.948213
vt 0.951967 0.815887
vt 0.952063 0.948203
vt 0.953373 0.815878
vt 0.953373 0.948195
vt 0.943827 0.815897
vt 0.944808 0.815889
vt 0.945259 0.948206
vt 0.944303 0.948213
vt 0.961859 0.820055
vt 0.963265 0.820060
vt 0.963599 0.952376
vt 0.962288 0.952372
vt 0.964672 0.820064
vt 0.964909 0.952380
vt 0.965652 0.820066
vt 0.965866 0.952381
vt 0.966632 0.820061
vt 0.966823 0.952377
vt 0.968038 0.820052
vt 0.968134 0.952368
vt 0.969445 0.820042
vt 0.969445 0.952359
vt 0.959899 0.820061
vt 0.960879 0.820054
vt 0.961331 0.952371
vt 0.960374 0.952378
vt 0.973749 0.795664
vt 0.974882 0.795508
vt 0.975072 0.960274
vt 0.974017 0.960429
vt 0.976126 0.795665
vt 0.976237 0.960431
vt 0.977142 0.796041
vt 0.977233 0.960807
vt 0.978020 0.796417
vt 0.978098 0.961182
vt 0.979154 0.796570
vt 0.979154 0.961335
vt 0.970613 0.796581
vt 0.971857 0.796420
vt 0.972157 0.961185
vt 0.970993 0.961346
vt 0.972872 0.796040
vt 0.973152 0.960806
vt 0.976444 0.001138
vt 0.977584 0.000982
vt 0.977775 0.166641
vt 0.976714 0.166797
vt 0.978835 0.001140
vt 0.978946 0.166798
vt 0.979857 0.001518
vt 0.979948 0.167177
vt 0.980739 0.001895
vt 0.980818 0.167553
vt 0.981879 0.002050
vt 0.981879 0.167708
vt 0.973291 0.002060
vt 0.974542 0.001898
vt 0.974845 0.167557
vt 0.973674 0.167718
vt 0.975563 0.001517
vt 0.975845 0.167176
vt 0.703869 0.281841
vt 0.703609 0.393437
vt 0.702320 0.393916
vt 0.702464 0.281910
vt 0.701031 0.394394
vt 0.701060 0.281979
vt 0.700079 0.394593
vt 0.700079 0.282007
vt 0.709616 0.282032
vt 0.709036 0.394617
vt 0.708086 0.394413
vt 0.708637 0.281998
vt 0.706799 0.393928
vt 0.707233 0.281923
vt 0.705513 0.393442
vt 0.705828 0.281847
vt 0.704562 0.393240
vt 0.704849 0.281814
vt 0.936902 0.861737
vt 0.935497 0.861813
vt 0.935931 0.973818
vt 0.937217 0.973333
vt 0.934094 0.861889
vt 0.934644 0.974304
vt 0.933113 0.861923
vt 0.933693 0.974507
vt 0.942650 0.861898
vt 0.941671 0.861869
vt 0.941699 0.974286
vt 0.942650 0.974484
vt 0.940266 0.861801
vt 0.940410 0.973807
vt 0.938861 0.861732
vt 0.939121 0.973328
vt 0.937882 0.861704
vt 0.938168 0.973131
vt 0.522627 0.744625
vt 0.523715 0.744477
vt 0.523897 0.902647
vt 0.522884 0.902797
vt 0.524909 0.744627
vt 0.525016 0.902798
vt 0.525885 0.744988
vt 0.525972 0.903160
vt 0.526727 0.745349
vt 0.526803 0.903520
vt 0.527816 0.745496
vt 0.527816 0.903667
vt 0.519616 0.745506
vt 0.520810 0.745351
vt 0.521099 0.903524
vt 0.519981 0.903677
vt 0.521785 0.744987
vt 0.522054 0.903159
vt 0.569217 0.740391
vt 0.570325 0.740239
vt 0.570511 0.901340
vt 0.569480 0.901491
vt 0.571542 0.740392
vt 0.571651 0.901493
vt 0.572536 0.740760
vt 0.572625 0.901862
vt 0.573394 0.741127
vt 0.573470 0.902228
vt 0.574502 0.741277
vt 0.574502 0.902378
vt 0.566151 0.741287
vt 0.567367 0.741130
vt 0.567662 0.902231
vt 0.566523 0.902388
vt 0.568360 0.740759
vt 0.568634 0.901861
vt 0.573469 0.591221
vt 0.574875 0.591226
vt 0.575209 0.723542
vt 0.573898 0.723539
vt 0.576282 0.591231
vt 0.576519 0.723547
vt 0.577262 0.591232
vt 0.577476 0.723548
vt 0.578242 0.591227
vt 0.578433 0.723544
vt 0.579648 0.591218
vt 0.579744 0.723535
vt 0.581055 0.591209
vt 0.581055 0.723526
vt 0.571508 0.591227
vt 0.572489 0.591220
vt 0.572940 0.723537
vt 0.571984 0.723544
vt 0.510862 0.748489
vt 0.512268 0.748494
vt 0.512602 0.880812
vt 0.511291 0.880807
vt 0.513675 0.748499
vt 0.513912 0.880816
vt 0.514655 0.748500
vt 0.514869 0.880817
vt 0.515635 0.748496
vt 0.515826 0.880813
vt 0.517041 0.748486
vt 0.517137 0.880804
vt 0.518448 0.748477
vt 0.518448 0.880795
vt 0.508902 0.748496
vt 0.509882 0.748489
vt 0.510334 0.880807
vt 0.509377 0.880813
vt 0.976427 0.168985
vt 0.977561 0.168830
vt 0.977751 0.333594
vt 0.976696 0.333749
vt 0.978804 0.168987
vt 0.978916 0.333750
vt 0.979821 0.169363
vt 0.979912 0.334127
vt 0.980699 0.169738
vt 0.980777 0.334502
vt 0.981832 0.169892
vt 0.981832 0.334655
vt 0.973291 0.169902
vt 0.974535 0.169741
vt 0.974836 0.334505
vt 0.973672 0.334666
vt 0.975550 0.169362
vt 0.975831 0.334126
vt 0.938944 0.001138
vt 0.940084 0.000982
vt 0.940275 0.166641
vt 0.939214 0.166797
vt 0.941336 0.001140
vt 0.941447 0.166798
vt 0.942357 0.001518
vt 0.942448 0.167177
vt 0.943239 0.001895
vt 0.943318 0.167553
vt 0.944379 0.002050
vt 0.944379 0.167708
vt 0.935792 0.002060
vt 0.937042 0.001898
vt 0.937345 0.167557
vt 0.936174 0.167719
vt 0.938063 0.001517
vt 0.938345 0.167176
vt 0.272621 0.845131
vt 0.272936 0.956727
vt 0.271649 0.957213
vt 0.271216 0.845206
vt 0.270363 0.957697
vt 0.269812 0.845282
vt 0.269412 0.957901
vt 0.268832 0.845316
vt 0.278369 0.845292
vt 0.278369 0.957879
vt 0.277417 0.957680
vt 0.277390 0.845263
vt 0.276128 0.957201
vt 0.275985 0.845195
vt 0.274839 0.956722
vt 0.274580 0.845126
vt 0.273887 0.956525
vt 0.273601 0.845098
vt 0.875296 0.850245
vt 0.873891 0.850313
vt 0.873748 0.962320
vt 0.875036 0.961841
vt 0.872487 0.850382
vt 0.872459 0.962799
vt 0.871506 0.850411
vt 0.871506 0.962997
vt 0.881044 0.850436
vt 0.880064 0.850402
vt 0.879513 0.962817
vt 0.880464 0.963020
vt 0.878660 0.850326
vt 0.878226 0.962332
vt 0.877255 0.850250
vt 0.876940 0.961846
vt 0.876276 0.850217
vt 0.875989 0.961644
vt 0.615632 0.255446
vt 0.653236 0.254996
vt 0.652472 0.280824
vt 0.613303 0.281838
vt 0.614922 0.197467
vt 0.652704 0.199423
vt 0.499875 0.393755
vt 0.554431 0.394687
vt 0.556255 0.420451
vt 0.499383 0.419473
vt 0.554293 0.344103
vt 0.500832 0.343722
vt 0.753648 0.533299
vt 0.791091 0.533663
vt 0.793112 0.562655
vt 0.754197 0.561590
vt 0.753435 0.480588
vt 0.791035 0.480554
vt 0.390316 0.390709
vt 0.445323 0.392600
vt 0.442515 0.418274
vt 0.386688 0.416704
vt 0.447395 0.342058
vt 0.392955 0.339376
vt 0.792740 0.672740
vt 0.754297 0.674397
vt 0.650207 0.391942
vt 0.611687 0.395792
vt 0.617535 0.144332
vt 0.616735 0.109798
vt 0.655735 0.107363
vt 0.655145 0.146553
vt 0.501777 0.294295
vt 0.502261 0.269053
vt 0.556557 0.267628
vt 0.555088 0.293471
vt 0.753534 0.427824
vt 0.753892 0.399551
vt 0.792818 0.398317
vt 0.790978 0.427395
vt 0.394169 0.287385
vt 0.393438 0.260657
vt 0.448057 0.265553
vt 0.448538 0.291433
vt 0.754707 0.282833
vt 0.793112 0.280415
vt 0.613379 0.004409
vt 0.652046 0.003413
vt 0.693317 0.254515
vt 0.692172 0.280659
vt 0.656031 0.280875
vt 0.656202 0.254960
vt 0.655685 0.199573
vt 0.694087 0.201339
vt 0.498797 0.450063
vt 0.499311 0.423237
vt 0.556044 0.424186
vt 0.553303 0.450965
vt 0.551345 0.503659
vt 0.497801 0.502190
vt 0.750635 0.534694
vt 0.750648 0.561699
vt 0.713582 0.566251
vt 0.714865 0.538373
vt 0.713663 0.480648
vt 0.750468 0.480591
vt 0.389234 0.447844
vt 0.386838 0.420452
vt 0.442582 0.422015
vt 0.444298 0.448880
vt 0.444239 0.501611
vt 0.389586 0.501709
vt 0.750465 0.675033
vt 0.712799 0.677436
vt 0.691847 0.388806
vt 0.654025 0.391955
vt 0.695767 0.143011
vt 0.658297 0.145277
vt 0.659239 0.107336
vt 0.696575 0.106335
vt 0.496813 0.553839
vt 0.550313 0.556412
vt 0.550987 0.583358
vt 0.496308 0.580237
vt 0.750494 0.426457
vt 0.712306 0.426151
vt 0.713598 0.400425
vt 0.750340 0.399464
vt 0.388636 0.556056
vt 0.443253 0.554364
vt 0.441549 0.581264
vt 0.386726 0.583933
vt 0.713114 0.284217
vt 0.750827 0.282606
vt 0.655815 0.002910
vt 0.693632 0.000982
vt 0.696536 0.254477
vt 0.695542 0.278456
vt 0.697036 0.201457
vt 0.710963 0.563229
vt 0.711747 0.536928
vt 0.710729 0.480662
vt 0.622302 0.564623
vt 0.620300 0.561116
vt 0.793916 0.275557
vt 0.793956 0.278896
vt 0.699896 0.108603
vt 0.698832 0.144576
vt 0.550863 0.587103
vt 0.496237 0.583935
vt 0.709188 0.426160
vt 0.710250 0.402614
vt 0.441530 0.585012
vt 0.386688 0.587738
vt 0.619722 0.399850
vt 0.621692 0.396325
vt 0.792081 0.104517
vt 0.793956 0.108019
vt 0.611808 0.424755
vt 0.608366 0.452036
vt 0.605955 0.505848
vt 0.604826 0.560192
vt 0.605668 0.588121
vt 0.605560 0.591925
vt 0.611324 0.264825
vt 0.609571 0.291506
vt 0.608796 0.343505
vt 0.609470 0.394901
vt 0.612101 0.421015
vt 0.279546 0.589076
vt 0.465237 0.589076
vt 0.465237 0.877458
vt 0.279546 0.877458
s 1
f 2514/3271/2655 2515/3272/2656 2523/3273/2657 2522/3274/2658
f 2515/3272/2656 2516/3275/2659 2524/3276/2660 2523/3273/2657
f 2516/3275/2659 2517/3277/2661 2525/3278/2662 2524/3276/2660
f 2517/3277/2661 2518/3279/2663 2526/3280/2664 2525/3278/2662
f 2518/3279/2663 2519/3281/2665 2527/3282/2665 2526/3280/2664
f 2519/3283/2666 2520/3284/2667 2528/3285/2668 2527/3286/2666
f 2520/3284/2667 2521/3287/2669 2529/3288/2670 2528/3285/2668
f 2521/3287/2669 2514/3271/2655 2522/3274/2658 2529/3288/2670
f 2530/3289/2671 2531/3290/2672 2539/3291/2673 2538/3292/2674
f 2531/3290/2672 2532/3293/2675 2540/3294/2676 2539/3291/2673
f 2532/3293/2675 2533/3295/2677 2541/3296/2678 2540/3294/2676
f 2533/3295/2677 2534/3297/2679 2542/3298/2680 2541/3296/2678
f 2534/3297/2679 2535/3299/2681 2543/3300/2681 2542/3298/2680
f 2535/3301/2682 2536/3302/2683 2544/3303/2684 2543/3304/2682
f 2536/3302/2683 2537/3305/2685 2545/3306/2686 2544/3303/2684
f 2537/3305/2685 2530/3289/2671 2538/3292/2674 2545/3306/2686
f 2546/3307/2687 2547/3308/2688 2555/3309/2689 2554/3310/2690
f 2547/3308/2688 2548/3311/2691 2556/3312/2692 2555/3309/2689
f 2548/3311/2691 2549/3313/2693 2557/3314/2693 2556/3312/2692
f 2549/3313/2693 2550/3315/2694 2558/3316/2695 2557/3314/2693
f 2550/3315/2694 2551/3317/2696 2559/3318/2697 2558/3316/2695
f 2551/3317/2696 2552/3319/2698 2560/3320/2698 2559/3318/2697
f 2552/3321/2699 2553/3322/2700 2561/3323/2700 2560/3324/2699
f 2553/3322/2700 2546/3307/2687 2554/3310/2690 2561/3323/2700
f 2562/3325/2687 2563/3326/2688 2571/3327/2689 2570/3328/2690
f 2563/3326/2688 2564/3329/2691 2572/3330/2692 2571/3327/2689
f 2564/3329/2691 2565/3331/2693 2573/3332/2693 2572/3330/2692
f 2565/3331/2693 2566/3333/2694 2574/3334/2695 2573/3332/2693
f 2566/3333/2694 2567/3335/2701 2575/3336/2697 2574/3334/2695
f 2567/3335/2701 2568/3337/2698 2576/3338/2698 2575/3336/2697
f 2568/3339/2699 2569/3340/2700 2577/3341/2700 2576/3342/2699
f 2569/3340/2700 2562/3325/2687 2570/3328/2690 2577/3341/2700
f 2578/3343/2702 2579/3344/2703 2587/3345/2704 2586/3346/2705
f 2579/3344/2703 2580/3347/2706 2588/3348/2707 2587/3345/2704
f 2580/3347/2706 2581/3349/2708 2589/3350/2709 2588/3348/2707
f 2581/3349/2708 2582/3351/2710 2590/3352/2711 2589/3350/2709
f 2582/3351/2710 2583/3353/2712 2591/3354/2712 2590/3352/2711
f 2583/3355/2713 2584/3356/2714 2592/3357/2715 2591/3358/2713
f 2584/3356/2714 2585/3359/2716 2593/3360/2717 2592/3357/2715
f 2585/3359/2716 2578/3343/2702 2586/3346/2705 2593/3360/2717
f 2594/3361/2718 2595/3362/2703 2603/3363/2719 2602/3364/2720
f 2595/3362/2703 2596/3365/2721 2604/3366/2722 2603/3363/2719
f 2596/3365/2721 2597/3367/2723 2605/3368/2724 2604/3366/2722
f 2597/3367/2723 2598/3369/2725 2606/3370/2726 2605/3368/2724
f 2598/3369/2725 2599/3371/2712 2607/3372/2712 2606/3370/2726
f 2599/3373/2713 2600/3374/2727 2608/3375/2728 2607/3376/2713
f 2600/3374/2727 2601/3377/2729 2609/3378/2730 2608/3375/2728
f 2601/3377/2729 2594/3361/2718 2602/3364/2720 2609/3378/2730
f 2610/3379/2731 2618/3380/2732 2619/3381/2733 2611/3382/2734
f 2611/3382/2734 2619/3381/2733 2620/3383/2735 2612/3384/2736
f 2612/3384/2736 2620/3383/2735 2621/3385/2737 2613/3386/2737
f 2613/3387/2738 2621/3388/2738 2622/3389/2739 2614/3390/2740
f 2614/3390/2740 2622/3389/2739 2623/3391/2741 2615/3392/2742
f 2615/3392/2742 2623/3391/2741 2624/3393/2743 2616/3394/2744
f 2616/3394/2744 2624/3393/2743 2625/3395/2745 2617/3396/2746
f 2617/3396/2746 2625/3395/2745 2618/3380/2732 2610/3379/2731
f 2626/3397/2747 2627/3398/2748 2635/3399/2749 2634/3400/2750
f 2627/3398/2748 2628/3401/2751 2636/3402/2752 2635/3399/2749
f 2628/3401/2751 2629/3403/2753 2637/3404/2753 2636/3402/2752
f 2629/3405/2754 2630/3406/2755 2638/3407/2756 2637/3408/2754
f 2630/3406/2755 2631/3409/2757 2639/3410/2758 2638/3407/2756
f 2631/3409/2757 2632/3411/2759 2640/3412/2760 2639/3410/2758
f 2632/3411/2759 2633/3413/2761 2641/3414/2761 2640/3412/2760
f 2633/3413/2761 2626/3397/2747 2634/3400/2750 2641/3414/2761
f 2642/3415/2762 2643/3416/2763 2651/3417/2657 2650/3418/2658
f 2643/3416/2763 2644/3419/2659 2652/3420/2660 2651/3417/2657
f 2644/3419/2659 2645/3421/2661 2653/3422/2764 2652/3420/2660
f 2645/3421/2661 2646/3423/2663 2654/3424/2664 2653/3422/2764
f 2646/3423/2663 2647/3425/2665 2655/3426/2665 2654/3424/2664
f 2647/3427/2666 2648/3428/2765 2656/3429/2668 2655/3430/2666
f 2648/3428/2765 2649/3431/2669 2657/3432/2670 2656/3429/2668
f 2649/3431/2669 2642/3415/2762 2650/3418/2658 2657/3432/2670
f 2658/3433/2766 2659/3434/2672 2667/3435/2673 2666/3436/2674
f 2659/3434/2672 2660/3437/2675 2668/3438/2676 2667/3435/2673
f 2660/3437/2675 2661/3439/2767 2669/3440/2678 2668/3438/2676
f 2661/3439/2767 2662/3441/2679 2670/3442/2680 2669/3440/2678
f 2662/3441/2679 2663/3443/2681 2671/3444/2681 2670/3442/2680
f 2663/3445/2682 2664/3446/2768 2672/3447/2769 2671/3448/2682
f 2664/3446/2768 2665/3449/2685 2673/3450/2770 2672/3447/2769
f 2665/3449/2685 2658/3433/2766 2666/3436/2674 2673/3450/2770
f 2674/3451/2771 2675/3452/2688 2683/3453/2689 2682/3454/2690
f 2675/3452/2688 2676/3455/2691 2684/3456/2692 2683/3453/2689
f 2676/3455/2691 2677/3457/2693 2685/3458/2693 2684/3456/2692
f 2677/3457/2693 2678/3459/2772 2686/3460/2695 2685/3458/2693
f 2678/3459/2772 2679/3461/2701 2687/3462/2697 2686/3460/2695
f 2679/3461/2701 2680/3463/2698 2688/3464/2698 2687/3462/2697
f 2680/3465/2699 2681/3466/2700 2689/3467/2700 2688/3468/2699
f 2681/3466/2700 2674/3451/2771 2682/3454/2690 2689/3467/2700
f 2690/3469/2771 2691/3470/2688 2699/3471/2689 2698/3472/2690
f 2691/3470/2688 2692/3473/2691 2700/3474/2692 2699/3471/2689
f 2692/3473/2691 2693/3475/2693 2701/3476/2693 2700/3474/2692
f 2693/3475/2693 2694/3477/2772 2702/3478/2695 2701/3476/2693
f 2694/3477/2772 2695/3479/2701 2703/3480/2697 2702/3478/2695
f 2695/3479/2701 2696/3481/2698 2704/3482/2698 2703/3480/2697
f 2696/3483/2699 2697/3484/2700 2705/3485/2700 2704/3486/2699
f 2697/3484/2700 2690/3469/2771 2698/3472/2690 2705/3485/2700
f 2706/3487/2773 2707/3488/2703 2715/3489/2704 2714/3490/2774
f 2707/3488/2703 2708/3491/2706 2716/3492/2707 2715/3489/2704
f 2708/3491/2706 2709/3493/2708 2717/3494/2709 2716/3492/2707
f 2709/3493/2708 2710/3495/2710 2718/3496/2775 2717/3494/2709
f 2710/3495/2710 2711/3497/2776 2719/3498/2776 2718/3496/2775
f 2711/3499/2777 2712/3500/2778 2720/3501/2715 2719/3502/2777
f 2712/3500/2778 2713/3503/2779 2721/3504/2717 2720/3501/2715
f 2713/3503/2779 2706/3487/2773 2714/3490/2774 2721/3504/2717
f 2722/3505/2780 2723/3506/2781 2731/3507/2704 2730/3508/2782
f 2723/3506/2781 2724/3509/2721 2732/3510/2722 2731/3507/2704
f 2724/3509/2721 2725/3511/2783 2733/3512/2724 2732/3510/2722
f 2725/3511/2783 2726/3513/2784 2734/3514/2726 2733/3512/2724
f 2726/3513/2784 2727/3515/2712 2735/3516/2712 2734/3514/2726
f 2727/3517/2713 2728/3518/2727 2736/3519/2728 2735/3520/2713
f 2728/3518/2727 2729/3521/2729 2737/3522/2730 2736/3519/2728
f 2729/3521/2729 2722/3505/2780 2730/3508/2782 2737/3522/2730
f 2738/3523/2731 2746/3524/2732 2747/3525/2785 2739/3526/2786
f 2739/3526/2786 2747/3525/2785 2748/3527/2787 2740/3528/2736
f 2740/3528/2736 2748/3527/2787 2749/3529/2788 2741/3530/2788
f 2741/3531/2738 2749/3532/2738 2750/3533/2739 2742/3534/2789
f 2742/3534/2789 2750/3533/2739 2751/3535/2790 2743/3536/2742
f 2743/3536/2742 2751/3535/2790 2752/3537/2743 2744/3538/2791
f 2744/3538/2791 2752/3537/2743 2753/3539/2792 2745/3540/2746
f 2745/3540/2746 2753/3539/2792 2746/3524/2732 2738/3523/2731
f 2754/3541/2747 2755/3542/2793 2763/3543/2749 2762/3544/2750
f 2755/3542/2793 2756/3545/2751 2764/3546/2794 2763/3543/2749
f 2756/3545/2751 2757/3547/2795 2765/3548/2795 2764/3546/2794
f 2757/3549/2754 2758/3550/2755 2766/3551/2756 2765/3552/2754
f 2758/3550/2755 2759/3553/2796 2767/3554/2797 2766/3551/2756
f 2759/3553/2796 2760/3555/2759 2768/3556/2760 2767/3554/2797
f 2760/3555/2759 2761/3557/2761 2769/3558/2798 2768/3556/2760
f 2761/3557/2761 2754/3541/2747 2762/3544/2750 2769/3558/2798
f 2804/3559/2799 2806/3560/2800 2805/3561/2801 2803/3562/2802
f 2806/3560/2800 2804/3559/2799 2808/3563/2803 2807/3564/2803
f 2810/3565/2804 2854/3566/2805 2855/3567/2806 2809/3568/2807
f 2853/3569/2808 2854/3566/2805 2810/3565/2804 2814/3570/2809
f 2812/3571/2810 2816/3572/2811 2815/3573/2812 2811/3574/2813
f 2816/3572/2811 2812/3571/2810 2813/3575/2814 2817/3576/2814
f 2806/3577/2815 2844/3578/2816 2845/3579/2817 2805/3580/2818
f 2843/3581/2819 2844/3578/2816 2806/3577/2815 2807/3582/2820
f 2815/3573/2812 2819/3583/2821 2818/3584/2822 2811/3574/2813
f 2805/3561/2801 2821/3585/2823 2820/3586/2824 2803/3562/2802
f 2822/3587/2825 2825/3588/2826 2824/3589/2827 2823/3590/2828
f 2823/3590/2828 2807/3564/2803 2808/3563/2803 2822/3587/2825
f 2826/3591/2829 2829/3592/2830 2851/3593/2831 2852/3594/2832
f 2852/3594/2832 2853/3569/2808 2814/3570/2809 2826/3591/2829
f 2827/3595/2833 2828/3596/2834 2831/3597/2835 2830/3598/2836
f 2817/3576/2814 2813/3575/2814 2827/3595/2833 2830/3598/2836
f 2823/3599/2837 2824/3600/2838 2841/3601/2839 2842/3602/2840
f 2842/3602/2840 2843/3581/2819 2807/3582/2820 2823/3599/2837
f 2831/3597/2835 2828/3596/2834 2833/3603/2841 2832/3604/2842
f 2824/3589/2827 2825/3588/2826 2835/3605/2843 2834/3606/2844
f 2770/3607/2845 2772/3608/2846 2782/3609/2847 2783/3610/2848
f 2783/3610/2848 2784/3611/2849 2771/3612/2850 2770/3607/2845
f 2777/3613/2851 2776/3614/2852 2846/3615/2853 2847/3616/2854
f 2847/3616/2854 2848/3617/2855 2778/3618/2856 2777/3613/2851
f 2780/3619/2857 2779/3620/2858 2775/3621/2859 2773/3622/2860
f 2773/3622/2860 2774/3623/2861 2781/3624/2862 2780/3619/2857
f 2783/3625/2863 2782/3626/2864 2836/3627/2865 2837/3628/2866
f 2837/3628/2866 2838/3629/2867 2784/3630/2868 2783/3625/2863
f 2775/3621/2859 2779/3620/2858 2785/3631/2869 2786/3632/2870
f 2782/3609/2847 2772/3608/2846 2787/3633/2871 2788/3634/2872
f 2789/3635/2873 2798/3636/2874 2797/3637/2875 2790/3638/2876
f 2798/3636/2874 2789/3635/2873 2771/3612/2850 2784/3611/2849
f 2794/3639/2877 2849/3640/2878 2850/3641/2879 2793/3642/2880
f 2848/3617/2855 2849/3640/2878 2794/3639/2877 2778/3618/2856
f 2796/3643/2881 2791/3644/2882 2792/3645/2883 2795/3646/2884
f 2774/3623/2861 2791/3644/2882 2796/3643/2881 2781/3624/2862
f 2798/3647/2885 2839/3648/2886 2840/3649/2887 2797/3650/2888
f 2838/3629/2867 2839/3648/2886 2798/3647/2885 2784/3630/2868
f 2792/3645/2883 2800/3651/2889 2799/3652/2890 2795/3646/2884
f 2797/3637/2875 2802/3653/2891 2801/3654/2892 2790/3638/2876
f 2770/3607/2845 2804/3655/2893 2803/3656/2893 2772/3608/2846
f 2771/3612/2850 2808/3657/2893 2804/3655/2893 2770/3607/2845
f 2776/3614/2852 2809/3568/2807 2855/3567/2806 2846/3615/2853
f 2775/3621/2859 2815/3658/2894 2816/3659/2894 2773/3622/2860
f 2773/3622/2860 2816/3659/2894 2817/3660/2894 2774/3623/2861
f 2782/3626/2864 2805/3580/2818 2845/3579/2817 2836/3627/2865
f 2779/3620/2858 2811/3574/2813 2818/3584/2822 2785/3631/2869
f 2786/3661/2894 2819/3662/2894 2815/3658/2894 2775/3621/2859
f 2772/3608/2846 2803/3656/2893 2820/3663/2893 2787/3664/2893
f 2788/3634/2872 2821/3585/2823 2805/3561/2801 2782/3609/2847
f 2790/3638/2876 2825/3665/2893 2822/3666/2893 2789/3635/2873
f 2789/3635/2873 2822/3666/2893 2808/3657/2893 2771/3612/2850
f 2850/3641/2879 2851/3667/2895 2829/3668/2896 2793/3642/2880
f 2791/3644/2882 2830/3669/2894 2831/3670/2894 2792/3645/2883
f 2774/3623/2861 2817/3660/2894 2830/3669/2894 2791/3644/2882
f 2840/3649/2887 2841/3671/2897 2824/3672/2898 2797/3650/2888
f 2792/3645/2883 2831/3670/2894 2832/3673/2894 2800/3674/2894
f 2799/3652/2890 2833/3603/2841 2828/3596/2834 2795/3646/2884
f 2797/3637/2875 2824/3589/2827 2834/3606/2844 2802/3653/2891
f 2801/3675/2893 2835/3676/2893 2825/3665/2893 2790/3638/2876
f 2837/3628/2866 2836/3627/2865 2776/3614/2852 2777/3613/2851
f 2777/3613/2851 2778/3618/2856 2838/3629/2867 2837/3628/2866
f 2778/3618/2856 2794/3639/2877 2839/3648/2886 2838/3629/2867
f 2840/3649/2887 2839/3648/2886 2794/3639/2877 2793/3642/2880
f 2793/3642/2880 2829/3668/2896 2841/3671/2897 2840/3649/2887
f 2842/3602/2840 2841/3601/2839 2829/3592/2830 2826/3591/2829
f 2814/3570/2809 2843/3581/2819 2842/3602/2840 2826/3591/2829
f 2810/3565/2804 2844/3578/2816 2843/3581/2819 2814/3570/2809
f 2845/3579/2817 2844/3578/2816 2810/3565/2804 2809/3568/2807
f 2836/3627/2865 2845/3579/2817 2809/3568/2807 2776/3614/2852
f 2847/3616/2854 2846/3615/2853 2779/3677/2899 2780/3678/2900
f 2780/3678/2900 2781/3679/2901 2848/3617/2855 2847/3616/2854
f 2796/3680/2902 2849/3640/2878 2848/3617/2855 2781/3679/2901
f 2850/3641/2879 2849/3640/2878 2796/3680/2902 2795/3681/2903
f 2795/3681/2903 2828/3682/2904 2851/3667/2895 2850/3641/2879
f 2852/3594/2832 2851/3593/2831 2828/3683/2905 2827/3684/2906
f 2827/3684/2906 2813/3685/2907 2853/3569/2808 2852/3594/2832
f 2812/3686/2908 2854/3566/2805 2853/3569/2808 2813/3685/2907
f 2855/3567/2806 2854/3566/2805 2812/3686/2908 2811/3687/2909
f 2846/3615/2853 2855/3567/2806 2811/3687/2909 2779/3677/2899
f 2856/3688/2856 2857/3689/2856 2859/3690/2856 2858/3691/2856
o Maison_01_low
v 2.451170 2.700041 4.760328
v 2.448224 2.676699 4.742725
v 2.451175 2.647640 4.745932
v 2.458295 2.629887 4.768070
v 2.465413 2.633839 4.796172
v 2.468359 2.657181 4.813775
v 2.465408 2.686240 4.810568
v 2.458288 2.703993 4.788430
v 5.595743 2.688392 4.778250
v 5.592796 2.666941 4.761167
v 5.595747 2.639775 4.764894
v 5.602868 2.622805 4.787246
v 5.609986 2.625973 4.815133
v 5.612932 2.647424 4.832216
v 5.609981 2.674590 4.828489
v 5.602861 2.691560 4.806136
v 3.506772 0.215402 4.752946
v 3.533943 0.215402 4.741691
v 3.561114 0.215402 4.752946
v 3.572369 0.215402 4.780117
v 3.561114 0.215402 4.807288
v 3.533943 0.215402 4.818542
v 3.506771 0.215402 4.807288
v 3.495517 0.215402 4.780117
v 3.524704 3.443651 4.752946
v 3.549914 3.443651 4.741691
v 3.575123 3.443651 4.752946
v 3.585566 3.443651 4.780117
v 3.575123 3.443651 4.807288
v 3.549914 3.443651 4.818542
v 3.524704 3.443651 4.807288
v 3.514262 3.443651 4.780117
v 4.380375 0.215402 4.752946
v 4.407547 0.215402 4.741691
v 4.434718 0.215402 4.752946
v 4.445972 0.215402 4.780117
v 4.434718 0.215402 4.807288
v 4.407547 0.215402 4.818542
v 4.380375 0.215402 4.807288
v 4.369121 0.215402 4.780117
v 4.398308 3.443651 4.752946
v 4.423518 3.443651 4.741691
v 4.448727 3.443651 4.752946
v 4.459169 3.443651 4.780117
v 4.448727 3.443651 4.807288
v 4.423518 3.443651 4.818542
v 4.398308 3.443651 4.807288
v 4.387866 3.443651 4.780117
v 2.308567 0.572535 4.760328
v 2.305335 0.549193 4.742726
v 2.308572 0.520134 4.745932
v 2.316382 0.502381 4.768070
v 2.324190 0.506333 4.796171
v 2.327422 0.529675 4.813775
v 2.324184 0.558734 4.810568
v 2.316374 0.576487 4.788430
v 5.757842 0.560886 4.778250
v 5.754610 0.539435 4.761167
v 5.757847 0.512268 4.764894
v 5.765656 0.495299 4.787246
v 5.773464 0.498467 4.815133
v 5.776696 0.519918 4.832216
v 5.773459 0.547084 4.828489
v 5.765649 0.564054 4.806136
v 3.506772 0.215402 14.507523
v 3.533943 0.215402 14.518778
v 3.561114 0.215402 14.507523
v 3.572369 0.215402 14.480352
v 3.561114 0.215402 14.453180
v 3.533943 0.215402 14.441925
v 3.506771 0.215402 14.453180
v 3.495517 0.215402 14.480352
v 3.524704 3.443651 14.507523
v 3.549914 3.443652 14.518778
v 3.575123 3.443652 14.507523
v 3.585566 3.443652 14.480352
v 3.575123 3.443652 14.453180
v 3.549914 3.443652 14.441925
v 3.524704 3.443651 14.453180
v 3.514262 3.443651 14.480352
v 5.652046 0.215402 4.752946
v 5.624876 0.215402 4.741691
v 5.597704 0.215402 4.752946
v 5.586450 0.215402 4.780117
v 5.597704 0.215402 4.807288
v 5.624876 0.215402 4.818542
v 5.652047 0.215402 4.807288
v 5.663301 0.215402 4.780117
v 5.534982 2.934432 4.752946
v 5.509773 2.944569 4.741691
v 5.484563 2.954706 4.752946
v 5.474121 2.958905 4.780117
v 5.484563 2.954706 4.807288
v 5.509773 2.944569 4.818542
v 5.534982 2.934432 4.807288
v 5.545424 2.930233 4.780117
v 2.393629 0.215402 4.752946
v 2.420800 0.215402 4.741691
v 2.447971 0.215402 4.752946
v 2.459226 0.215402 4.780117
v 2.447971 0.215402 4.807288
v 2.420800 0.215402 4.818542
v 2.393629 0.215402 4.807288
v 2.382374 0.215402 4.780117
v 2.510693 2.934432 4.752946
v 2.535903 2.944569 4.741691
v 2.561111 2.954706 4.752946
v 2.571554 2.958905 4.780117
v 2.561111 2.954706 4.807288
v 2.535903 2.944569 4.818542
v 2.510693 2.934432 4.807288
v 2.500251 2.930233 4.780117
v 2.396214 2.067778 14.500139
v 2.393158 2.044436 14.517744
v 2.396219 2.015378 14.514537
v 2.403605 1.997624 14.492397
v 2.410989 2.001576 14.464296
v 2.414045 2.024919 14.446695
v 2.410984 2.053977 14.449901
v 2.403598 2.071731 14.472039
v 5.658212 2.056129 14.482219
v 5.655156 2.034679 14.499302
v 5.658217 2.007512 14.495575
v 5.665603 1.990542 14.473223
v 5.672987 1.993711 14.445336
v 5.676043 2.015162 14.428252
v 5.672982 2.042328 14.431979
v 5.665596 2.059298 14.454332
v 2.308567 0.572536 14.500139
v 2.305335 0.549193 14.517742
v 2.308572 0.520135 14.514537
v 2.316382 0.502382 14.492397
v 2.324190 0.506334 14.464297
v 2.327422 0.529676 14.446695
v 2.324184 0.558735 14.449901
v 2.316374 0.576488 14.472039
v 5.757842 0.560886 14.482219
v 5.754610 0.539436 14.499302
v 5.757847 0.512269 14.495575
v 5.765656 0.495299 14.473223
v 5.773464 0.498468 14.445336
v 5.776696 0.519918 14.428252
v 5.773459 0.547085 14.431979
v 5.765649 0.564055 14.454332
v 2.137723 0.179460 14.499302
v 5.829389 0.179460 14.499302
v 2.137723 0.179459 4.706726
v 5.829389 0.179459 4.706726
v 4.380375 0.215402 14.507523
v 4.407547 0.215402 14.518778
v 4.434718 0.215402 14.507523
v 4.445972 0.215402 14.480352
v 4.434718 0.215402 14.453180
v 4.407547 0.215402 14.441925
v 4.380375 0.215402 14.453180
v 4.369121 0.215402 14.480352
v 4.398308 3.443651 14.507523
v 4.423518 3.443652 14.518778
v 4.448727 3.443652 14.507523
v 4.459169 3.443652 14.480352
v 4.448727 3.443652 14.453180
v 4.423518 3.443652 14.441925
v 4.398308 3.443651 14.453180
v 4.387866 3.443651 14.480352
v 2.396214 2.067777 4.760328
v 2.393158 2.044436 4.742725
v 2.396219 2.015377 4.745932
v 2.403605 1.997624 4.768070
v 2.410989 2.001576 4.796172
v 2.414045 2.024918 4.813775
v 2.410984 2.053977 4.810568
v 2.403598 2.071730 4.788430
v 5.658212 2.056128 4.778250
v 5.655156 2.034678 4.761167
v 5.658217 2.007511 4.764894
v 5.665603 1.990542 4.787246
v 5.672987 1.993710 4.815133
v 5.676043 2.015161 4.832216
v 5.672982 2.042327 4.828489
v 5.665596 2.059297 4.806136
v 2.451170 2.700042 14.500139
v 2.448224 2.676700 14.517744
v 2.451175 2.647641 14.514537
v 2.458295 2.629888 14.492397
v 2.465413 2.633840 14.464296
v 2.468359 2.657182 14.446693
v 2.465408 2.686241 14.449901
v 2.458288 2.703994 14.472039
v 5.595743 2.688392 14.482219
v 5.592796 2.666942 14.499302
v 5.595747 2.639776 14.495575
v 5.602868 2.622805 14.473223
v 5.609986 2.625974 14.445336
v 5.612932 2.647424 14.428252
v 5.609981 2.674591 14.431979
v 5.602861 2.691561 14.454332
v 2.361632 1.395628 4.760329
v 2.358502 1.372286 4.742726
v 2.361638 1.343227 4.745932
v 2.369203 1.325474 4.768070
v 2.376766 1.329426 4.796172
v 2.379896 1.352768 4.813775
v 2.376760 1.381827 4.810568
v 2.369195 1.399580 4.788430
v 5.702711 1.383979 4.778250
v 5.699580 1.362528 4.761167
v 5.702716 1.335361 4.764894
v 5.710280 1.318392 4.787246
v 5.717844 1.321561 4.815133
v 5.720974 1.343011 4.832216
v 5.717838 1.370178 4.828489
v 5.710273 1.387147 4.806136
v 2.326024 1.395629 14.500139
v 2.322827 1.372286 14.517742
v 2.326030 1.343228 14.514537
v 2.333755 1.325475 14.492397
v 2.341478 1.329427 14.464297
v 2.344675 1.352769 14.446693
v 2.341473 1.381827 14.449901
v 2.333747 1.399581 14.472039
v 5.737998 1.383979 14.482219
v 5.734801 1.362529 14.499302
v 5.738004 1.335362 14.495575
v 5.745728 1.318393 14.473223
v 5.753452 1.321561 14.445336
v 5.756649 1.343011 14.428252
v 5.753446 1.370178 14.431979
v 5.745721 1.387148 14.454332
v 5.652046 0.215402 14.462169
v 5.624876 0.215402 14.450913
v 5.597704 0.215402 14.462169
v 5.586450 0.215402 14.489339
v 5.597704 0.215402 14.516510
v 5.624876 0.215402 14.527765
v 5.652047 0.215402 14.516510
v 5.663301 0.215402 14.489339
v 5.534982 2.934432 14.462169
v 5.509773 2.944570 14.450913
v 5.484563 2.954707 14.462169
v 5.474121 2.958906 14.489339
v 5.484563 2.954707 14.516510
v 5.509773 2.944570 14.527765
v 5.534982 2.934433 14.516510
v 5.545424 2.930233 14.489339
v 2.940536 3.321159 4.706726
v 4.022838 3.548605 4.706726
v 2.405717 2.870988 4.706726
v 2.940536 3.321159 14.553741
v 4.022838 3.548605 14.553741
v 2.405717 2.870989 14.553741
v 2.567191 3.402834 9.630234
v 2.996696 3.769824 9.630234
v 4.022838 3.907803 9.630234
v 2.488355 3.057005 13.295608
v 2.963783 3.405045 13.295608
v 4.022838 3.592649 13.295608
v 2.488355 3.057005 5.964862
v 2.963783 3.405045 5.964862
v 4.022838 3.592649 5.964862
v 2.220361 0.179460 13.295608
v 2.137723 0.179460 14.553741
v 2.179042 0.179459 4.706726
v 2.179042 0.179459 5.964862
v 5.105139 3.321159 4.706726
v 5.639958 2.870988 4.706726
v 5.105139 3.321159 14.553741
v 5.639958 2.870989 14.553741
v 5.478485 3.402834 9.630234
v 5.048979 3.769824 9.630234
v 5.557320 3.057005 13.295608
v 5.081892 3.405045 13.295608
v 5.557320 3.057005 5.964862
v 5.081892 3.405045 5.964862
v 5.825314 0.179460 13.295608
v 5.907952 0.179460 14.553741
v 5.807094 0.179459 4.706726
v 5.807094 0.179459 5.964862
v 2.473112 2.827366 4.706728
v 2.985642 3.258776 4.706728
v 2.552306 3.007466 5.964863
v 3.007919 3.341001 5.964863
v 4.022838 3.520786 5.964863
v 4.022838 3.476743 4.706728
v 2.627855 3.351996 9.630234
v 3.039462 3.703692 9.630234
v 2.552306 3.007467 13.295606
v 3.007919 3.341001 13.295606
v 4.022838 3.520787 13.295606
v 4.022838 3.835921 9.630234
v 2.473112 2.827366 14.553740
v 2.985642 3.258777 14.553740
v 4.022838 3.476743 14.553740
v 2.295481 0.179461 13.295607
v 2.216286 0.179461 14.553740
v 2.255884 0.179460 4.706728
v 2.252439 0.179460 5.964864
v 5.060033 3.258776 4.706728
v 5.037756 3.341001 5.964863
v 5.493369 3.007466 5.964863
v 5.572563 2.827366 4.706728
v 5.006214 3.703692 9.630234
v 5.037756 3.341001 13.295606
v 5.493369 3.007467 13.295606
v 5.417820 3.351996 9.630234
v 5.060033 3.258777 14.553740
v 5.572563 2.827366 14.553740
v 5.829389 0.179461 14.553740
v 5.750195 0.179461 13.295607
v 5.733696 0.179460 5.964864
v 5.730253 0.179460 4.706728
v 2.527773 3.295123 7.797547
v 2.980239 3.652638 7.797547
v 4.022838 3.815430 7.797547
v 5.065436 3.652638 7.797547
v 5.517902 3.295123 7.797547
v 5.455595 3.244935 7.797549
v 5.021985 3.587550 7.797549
v 4.022838 3.743557 7.797549
v 3.023690 3.587550 7.797549
v 2.590081 3.244935 7.797549
v 2.527773 3.295124 11.462920
v 2.980239 3.652638 11.462920
v 4.022838 3.815430 11.462920
v 5.065436 3.652638 11.462920
v 5.517902 3.295124 11.462920
v 5.455595 3.244935 11.462920
v 5.021985 3.587550 11.462920
v 4.022838 3.743557 11.462920
v 3.023690 3.587550 11.462920
v 2.590081 3.244935 11.462920
v 2.393629 0.215402 14.462169
v 2.420800 0.215402 14.450913
v 2.447971 0.215402 14.462169
v 2.459226 0.215402 14.489339
v 2.447971 0.215402 14.516510
v 2.420800 0.215402 14.527765
v 2.393629 0.215402 14.516510
v 2.382374 0.215402 14.489339
v 2.510693 2.934432 14.462169
v 2.535903 2.944570 14.450913
v 2.561111 2.954707 14.462169
v 2.571554 2.958906 14.489339
v 2.561111 2.954707 14.516510
v 2.535903 2.944570 14.527765
v 2.510693 2.934433 14.516510
v 2.500251 2.930233 14.489339
vn 0.0067 0.6117 -0.7910
vn 0.0066 0.2645 -0.9644
vn 0.0066 0.2652 -0.9642
vn 0.0038 -0.5311 -0.8473
vn 0.0043 -0.4481 -0.8940
vn -0.0011 -0.9800 -0.1991
vn -0.0003 -0.9445 -0.3285
vn -0.0054 -0.8413 0.5405
vn -0.0050 -0.8886 0.4587
vn -0.0063 -0.2652 0.9642
vn -0.0063 -0.2645 0.9644
vn -0.0035 0.4470 0.8945
vn -0.0029 0.5303 0.8478
vn 0.0018 0.9444 0.3288
vn 0.0026 0.9799 0.1994
vn 0.0045 0.9919 -0.1273
vn -0.3948 0.0021 -0.9188
vn 0.0012 0.0001 -1.0000
vn -0.0012 0.0001 -1.0000
vn 0.7205 -0.0031 -0.6935
vn 0.7195 -0.0031 -0.6945
vn 1.0000 -0.0042 -0.0000
vn 0.7205 -0.0031 0.6935
vn 0.7195 -0.0031 0.6945
vn 0.0012 0.0001 1.0000
vn -0.0012 0.0001 1.0000
vn -0.7193 0.0040 0.6947
vn -0.7206 0.0040 0.6933
vn -1.0000 0.0057 -0.0000
vn -0.9287 0.0053 -0.3708
vn 0.0061 0.6117 -0.7911
vn 0.0060 0.2645 -0.9644
vn 0.0060 0.2652 -0.9642
vn 0.0034 -0.5343 -0.8453
vn 0.0039 -0.4440 -0.8960
vn -0.0011 -0.9811 -0.1933
vn -0.0002 -0.9426 -0.3340
vn -0.0049 -0.8387 0.5446
vn -0.0045 -0.8903 0.4553
vn -0.0058 -0.2652 0.9642
vn -0.0058 -0.2646 0.9644
vn -0.0032 0.4427 0.8966
vn -0.0026 0.5335 0.8458
vn 0.0016 0.9424 0.3344
vn 0.0024 0.9811 0.1937
vn 0.0041 0.9919 -0.1273
vn -0.3948 0.0021 0.9188
vn 0.7205 -0.0031 -0.6934
vn -0.7206 0.0040 -0.6933
vn -0.7194 0.0040 -0.6946
vn -0.9287 0.0053 0.3708
vn 0.3975 0.0169 -0.9174
vn 0.0099 0.0006 -1.0000
vn -0.1078 -0.0044 -0.9942
vn -0.7179 -0.0297 -0.6955
vn -0.7740 -0.0319 -0.6324
vn -0.9992 -0.0411 -0.0000
vn -0.7179 -0.0297 0.6955
vn -0.7740 -0.0319 0.6324
vn 0.0099 0.0006 1.0000
vn -0.1078 -0.0044 0.9942
vn 0.7273 0.0313 0.6856
vn 0.6739 0.0290 0.7382
vn 0.9991 0.0432 -0.0000
vn 0.9290 0.0402 -0.3678
vn -0.3975 0.0169 -0.9174
vn 0.1079 -0.0044 -0.9942
vn -0.0100 0.0006 -1.0000
vn 0.7740 -0.0319 -0.6324
vn 0.7179 -0.0297 -0.6955
vn 0.9992 -0.0411 -0.0000
vn 0.7740 -0.0319 0.6324
vn 0.7179 -0.0297 0.6955
vn 0.1077 -0.0044 0.9942
vn -0.0099 0.0006 1.0000
vn -0.6739 0.0290 0.7382
vn -0.7273 0.0313 0.6856
vn -0.9991 0.0432 -0.0000
vn -0.9290 0.0402 -0.3678
vn 0.0064 0.6117 0.7910
vn 0.0064 0.2652 0.9642
vn 0.0064 0.2645 0.9644
vn 0.0041 -0.4465 0.8948
vn 0.0037 -0.5324 0.8465
vn -0.0002 -0.9438 0.3306
vn -0.0011 -0.9804 0.1969
vn -0.0048 -0.8893 -0.4574
vn -0.0052 -0.8403 -0.5420
vn -0.0061 -0.2645 -0.9644
vn -0.0061 -0.2652 -0.9642
vn -0.0027 0.5316 -0.8470
vn -0.0033 0.4453 -0.8954
vn 0.0025 0.9804 -0.1972
vn 0.0017 0.9436 -0.3309
vn 0.0044 0.9919 0.1273
vn 0.0061 0.6117 0.7911
vn 0.0060 0.2652 0.9642
vn 0.0060 0.2646 0.9644
vn 0.0039 -0.4439 0.8961
vn 0.0034 -0.5344 0.8452
vn -0.0002 -0.9426 0.3340
vn -0.0011 -0.9811 0.1933
vn -0.0045 -0.8904 -0.4552
vn -0.0049 -0.8388 -0.5445
vn -0.0058 -0.2646 -0.9644
vn -0.0058 -0.2652 -0.9642
vn -0.0026 0.5336 -0.8457
vn -0.0032 0.4428 -0.8966
vn 0.0024 0.9811 -0.1937
vn 0.0016 0.9424 -0.3344
vn 0.0041 0.9919 0.1273
vn -0.0000 1.0000 -0.0000
vn -0.7193 0.0040 -0.6947
vn 0.0064 0.6117 -0.7911
vn 0.0064 0.2645 -0.9644
vn 0.0064 0.2652 -0.9642
vn 0.0037 -0.5324 -0.8465
vn 0.0041 -0.4465 -0.8948
vn -0.0011 -0.9804 -0.1969
vn -0.0002 -0.9438 -0.3306
vn -0.0052 -0.8403 0.5420
vn -0.0048 -0.8893 0.4573
vn -0.0061 -0.2652 0.9642
vn -0.0061 -0.2645 0.9644
vn -0.0033 0.4453 0.8954
vn -0.0027 0.5315 0.8470
vn 0.0017 0.9436 0.3309
vn 0.0025 0.9804 0.1972
vn 0.0044 0.9919 -0.1273
vn 0.0067 0.6117 0.7910
vn 0.0066 0.2652 0.9642
vn 0.0066 0.2645 0.9644
vn 0.0043 -0.4481 0.8940
vn 0.0038 -0.5311 0.8473
vn -0.0003 -0.9445 0.3285
vn -0.0011 -0.9800 0.1991
vn -0.0050 -0.8886 -0.4587
vn -0.0054 -0.8413 -0.5405
vn -0.0063 -0.2645 -0.9644
vn -0.0063 -0.2652 -0.9642
vn -0.0029 0.5304 -0.8478
vn -0.0035 0.4470 -0.8945
vn 0.0026 0.9799 -0.1994
vn 0.0018 0.9444 -0.3288
vn 0.0045 0.9919 0.1273
vn 0.0063 0.6117 -0.7911
vn 0.0062 0.2645 -0.9644
vn 0.0062 0.2652 -0.9642
vn 0.0036 -0.5332 -0.8460
vn 0.0040 -0.4455 -0.8953
vn -0.0011 -0.9807 -0.1954
vn -0.0002 -0.9433 -0.3321
vn -0.0051 -0.8397 0.5431
vn -0.0047 -0.8897 0.4565
vn -0.0060 -0.2652 0.9642
vn -0.0060 -0.2645 0.9644
vn -0.0033 0.4442 0.8959
vn -0.0027 0.5325 0.8465
vn 0.0016 0.9431 0.3324
vn 0.0025 0.9807 0.1957
vn 0.0043 0.9919 -0.1273
vn 0.0061 0.2652 0.9642
vn 0.0061 0.2646 0.9644
vn 0.0039 -0.4445 0.8958
vn 0.0035 -0.5339 0.8456
vn -0.0002 -0.9428 0.3333
vn -0.0011 -0.9810 0.1940
vn -0.0046 -0.8901 -0.4557
vn -0.0050 -0.8391 -0.5440
vn -0.0059 -0.2645 -0.9644
vn -0.0059 -0.2652 -0.9642
vn -0.0026 0.5332 -0.8460
vn -0.0032 0.4433 -0.8964
vn 0.0024 0.9809 -0.1944
vn 0.0016 0.9427 -0.3337
vn 0.0042 0.9919 0.1273
vn -0.1077 -0.0044 -0.9942
vn 0.0100 0.0006 1.0000
vn -0.1077 -0.0044 0.9942
vn 0.7272 0.0313 0.6857
vn 0.3645 -0.9297 0.0525
vn 0.3533 -0.9340 0.0527
vn 0.9652 -0.2531 0.0662
vn 0.9773 -0.2117 -0.0111
vn -0.0000 -0.9988 0.0484
vn 0.3233 -0.9463 -0.0000
vn 0.3259 -0.9416 -0.0849
vn 0.5057 -0.8592 -0.0779
vn 0.5247 -0.8513 -0.0000
vn -0.0000 -0.9958 -0.0913
vn -0.0000 -1.0000 -0.0000
vn 0.3533 -0.9340 -0.0522
vn 0.3645 -0.9297 -0.0527
vn 0.9767 -0.2110 0.0398
vn 0.9666 -0.2530 -0.0401
vn -0.0000 -0.9988 -0.0484
vn 0.3347 -0.9350 0.1171
vn 0.3259 -0.9416 0.0849
vn 0.5057 -0.8592 0.0779
vn 0.4885 -0.8659 0.1075
vn -0.0000 -0.9958 0.0913
vn -0.0000 -0.9920 0.1263
vn 0.9941 -0.0932 0.0559
vn 0.9956 -0.0933 -0.0063
vn 0.9948 -0.0937 0.0395
vn 0.9953 -0.0940 -0.0232
vn -0.3645 -0.9297 0.0527
vn -0.9810 -0.1935 -0.0125
vn -0.9695 -0.2362 0.0654
vn -0.3533 -0.9340 0.0522
vn -0.3233 -0.9463 -0.0000
vn -0.5247 -0.8513 -0.0000
vn -0.5057 -0.8592 -0.0779
vn -0.3259 -0.9416 -0.0849
vn -0.3533 -0.9340 -0.0527
vn -0.9666 -0.2530 -0.0401
vn -0.9767 -0.2110 0.0398
vn -0.3645 -0.9297 -0.0525
vn -0.3347 -0.9350 0.1171
vn -0.4885 -0.8659 0.1075
vn -0.5057 -0.8592 0.0779
vn -0.3259 -0.9416 0.0848
vn -0.9950 -0.0996 -0.0064
vn -0.9941 -0.0932 0.0559
vn -0.9971 -0.0725 -0.0248
vn -0.9967 -0.0724 0.0368
vn -0.3633 0.9260 -0.1027
vn -0.9762 0.2151 -0.0277
vn -0.9649 0.2592 0.0422
vn -0.3531 0.9341 -0.0530
vn -0.0000 0.9988 -0.0490
vn -0.0000 0.9952 -0.0974
vn -0.3232 0.9463 -0.0000
vn -0.6348 0.7727 -0.0000
vn -0.6180 0.7832 0.0682
vn -0.3259 0.9416 0.0850
vn -0.0000 0.9958 0.0916
vn -0.3531 0.9341 0.0530
vn -0.9635 0.2587 -0.0689
vn -0.9766 0.2152 -0.0000
vn -0.3633 0.9260 0.1027
vn -0.0000 0.9952 0.0974
vn -0.0000 0.9988 0.0490
vn -0.3348 0.9350 -0.1173
vn -0.6025 0.7924 -0.0958
vn -0.6178 0.7833 -0.0686
vn -0.3259 0.9416 -0.0850
vn -0.0000 0.9958 -0.0916
vn -0.0000 0.9920 -0.1266
vn -0.9896 0.0900 -0.1121
vn -0.9937 0.0956 -0.0582
vn -0.9951 0.0958 0.0256
vn -0.9923 0.0955 0.0792
vn 0.3633 0.9260 -0.1027
vn 0.3531 0.9341 -0.0530
vn 0.9692 0.2425 0.0427
vn 0.9800 0.1972 -0.0257
vn 0.3232 0.9463 -0.0000
vn 0.3259 0.9416 0.0850
vn 0.7179 0.6937 0.0581
vn 0.7316 0.6817 -0.0000
vn 0.3531 0.9341 0.0530
vn 0.3633 0.9260 0.1027
vn 0.9766 0.2152 -0.0000
vn 0.9635 0.2587 -0.0689
vn 0.3348 0.9350 -0.1173
vn 0.3259 0.9416 -0.0850
vn 0.7179 0.6937 -0.0583
vn 0.7167 0.6927 -0.0806
vn 0.9937 0.0956 -0.0582
vn 0.9891 0.0952 -0.1121
vn 0.9939 0.0744 0.0813
vn 0.9968 0.0746 0.0272
vn -0.0000 -0.0000 -1.0000
vn -0.6348 -0.7727 -0.0000
vn -0.6252 -0.7758 -0.0859
vn -0.0000 -0.0000 1.0000
vn -0.6158 -0.7796 0.1141
vn -0.6253 -0.7757 0.0856
vn -0.6025 0.7924 0.0958
vn -0.3348 0.9350 0.1173
vn -0.0000 0.9920 0.1266
vn 0.3348 0.9350 0.1173
vn 0.7167 0.6927 0.0806
vn -0.4885 -0.8659 -0.1075
vn -0.3347 -0.9350 -0.1171
vn -0.0000 -0.9920 -0.1263
vn 0.3347 -0.9350 -0.1171
vn 0.4885 -0.8659 -0.1075
vn -0.6158 -0.7796 -0.1141
vn 0.1078 -0.0044 -0.9942
vn 0.1079 -0.0044 0.9942
vn -0.0100 0.0006 1.0000
vn -0.7272 0.0313 0.6857
vt 0.468574 0.922690
vt 0.468574 0.879763
vt 0.464997 0.879763
vt 0.464997 0.922690
vt 0.461420 0.879763
vt 0.461420 0.922690
vt 0.457842 0.879763
vt 0.457842 0.922690
vt 0.454266 0.879763
vt 0.454266 0.922690
vt 0.450688 0.879763
vt 0.450688 0.922690
vt 0.447111 0.879763
vt 0.447111 0.922690
vt 0.443534 0.879763
vt 0.443534 0.922690
vt 0.439957 0.879763
vt 0.439957 0.922690
vt 0.665258 0.820532
vt 0.665258 0.864511
vt 0.668923 0.864511
vt 0.668923 0.820532
vt 0.672588 0.864511
vt 0.672588 0.820532
vt 0.676253 0.864511
vt 0.676253 0.820532
vt 0.679918 0.864511
vt 0.679918 0.820532
vt 0.683583 0.864511
vt 0.683583 0.820532
vt 0.687247 0.864511
vt 0.687247 0.820532
vt 0.690912 0.864511
vt 0.690912 0.820532
vt 0.694577 0.864511
vt 0.694577 0.820532
vt 0.724186 0.820532
vt 0.724186 0.864511
vt 0.727851 0.864511
vt 0.727851 0.820532
vt 0.731516 0.864511
vt 0.731516 0.820532
vt 0.735181 0.864511
vt 0.735181 0.820532
vt 0.738846 0.864511
vt 0.738846 0.820532
vt 0.742511 0.864511
vt 0.742511 0.820532
vt 0.746175 0.864511
vt 0.746176 0.820532
vt 0.749841 0.864511
vt 0.749841 0.820532
vt 0.753505 0.864511
vt 0.753505 0.820532
vt 0.309518 0.411463
vt 0.309518 0.366505
vt 0.305772 0.366505
vt 0.305772 0.411463
vt 0.302025 0.366505
vt 0.302025 0.411463
vt 0.298279 0.366505
vt 0.298279 0.411463
vt 0.294532 0.366505
vt 0.294532 0.411463
vt 0.290786 0.366505
vt 0.290786 0.411463
vt 0.287039 0.366505
vt 0.287039 0.411463
vt 0.283293 0.366505
vt 0.283293 0.411463
vt 0.279546 0.366505
vt 0.279546 0.411463
vt 0.364794 0.969980
vt 0.361128 0.969980
vt 0.361128 0.926001
vt 0.364794 0.926001
vt 0.357464 0.969980
vt 0.357464 0.926001
vt 0.353799 0.969980
vt 0.353799 0.926001
vt 0.350134 0.969980
vt 0.350134 0.926001
vt 0.346469 0.969980
vt 0.346469 0.926001
vt 0.342804 0.969980
vt 0.342804 0.926001
vt 0.339139 0.969980
vt 0.339139 0.926001
vt 0.335474 0.969980
vt 0.335474 0.926001
vt 0.436917 0.920042
vt 0.433553 0.920042
vt 0.433553 0.879675
vt 0.436917 0.879675
vt 0.430189 0.920042
vt 0.430189 0.879675
vt 0.426825 0.920042
vt 0.426825 0.879675
vt 0.423461 0.920042
vt 0.423461 0.879675
vt 0.420097 0.920042
vt 0.420097 0.879675
vt 0.416733 0.920042
vt 0.416733 0.879675
vt 0.413369 0.920042
vt 0.413369 0.879675
vt 0.410005 0.920042
vt 0.410005 0.879675
vt 0.724186 0.865850
vt 0.724186 0.906216
vt 0.727550 0.906216
vt 0.727550 0.865850
vt 0.730914 0.906216
vt 0.730914 0.865850
vt 0.734277 0.906216
vt 0.734277 0.865850
vt 0.737642 0.906216
vt 0.737642 0.865850
vt 0.741005 0.906216
vt 0.741005 0.865850
vt 0.744369 0.906216
vt 0.744369 0.865850
vt 0.747733 0.906216
vt 0.747733 0.865850
vt 0.751097 0.906216
vt 0.751097 0.865850
vt 0.504545 0.223117
vt 0.508188 0.223117
vt 0.508188 0.266837
vt 0.504545 0.266837
vt 0.511831 0.223117
vt 0.511831 0.266837
vt 0.515474 0.223117
vt 0.515474 0.266837
vt 0.519118 0.223117
vt 0.519118 0.266837
vt 0.522761 0.223117
vt 0.522761 0.266837
vt 0.526405 0.223117
vt 0.526405 0.266837
vt 0.530048 0.223117
vt 0.530048 0.266837
vt 0.533691 0.223117
vt 0.533691 0.266837
vt 0.892935 0.767233
vt 0.896681 0.767233
vt 0.896681 0.812191
vt 0.892935 0.812191
vt 0.900428 0.767233
vt 0.900428 0.812191
vt 0.904174 0.767233
vt 0.904174 0.812191
vt 0.907921 0.767233
vt 0.907921 0.812191
vt 0.911667 0.767233
vt 0.911667 0.812191
vt 0.915414 0.767233
vt 0.915414 0.812191
vt 0.919160 0.767233
vt 0.919160 0.812191
vt 0.922907 0.767233
vt 0.922907 0.812191
vt 0.947313 0.687371
vt 0.793829 0.687372
vt 0.793828 0.280237
vt 0.947313 0.280237
vt 0.724041 0.864511
vt 0.720376 0.864511
vt 0.720376 0.820532
vt 0.724041 0.820532
vt 0.716711 0.864511
vt 0.716711 0.820532
vt 0.713046 0.864511
vt 0.713046 0.820532
vt 0.709382 0.864511
vt 0.709382 0.820532
vt 0.705716 0.864511
vt 0.705716 0.820532
vt 0.702051 0.864511
vt 0.702051 0.820532
vt 0.698387 0.864511
vt 0.698387 0.820532
vt 0.694722 0.864511
vt 0.694722 0.820532
vt 0.340836 0.411018
vt 0.340836 0.367297
vt 0.337192 0.367297
vt 0.337192 0.411018
vt 0.333549 0.367297
vt 0.333549 0.411018
vt 0.329906 0.367297
vt 0.329906 0.411018
vt 0.326263 0.367297
vt 0.326263 0.411018
vt 0.322619 0.367297
vt 0.322619 0.411018
vt 0.318976 0.367297
vt 0.318976 0.411018
vt 0.315333 0.367297
vt 0.315333 0.411018
vt 0.311689 0.367297
vt 0.311689 0.411018
vt 0.543463 0.921992
vt 0.547040 0.921992
vt 0.547040 0.964919
vt 0.543463 0.964919
vt 0.550617 0.921992
vt 0.550617 0.964919
vt 0.554194 0.921992
vt 0.554194 0.964919
vt 0.557772 0.921992
vt 0.557772 0.964919
vt 0.561349 0.921992
vt 0.561349 0.964919
vt 0.564926 0.921992
vt 0.564926 0.964919
vt 0.568503 0.921992
vt 0.568503 0.964919
vt 0.572080 0.921992
vt 0.572080 0.964919
vt 0.919754 0.857778
vt 0.919754 0.813531
vt 0.916067 0.813531
vt 0.916067 0.857778
vt 0.912380 0.813531
vt 0.912380 0.857778
vt 0.908693 0.813531
vt 0.908693 0.857778
vt 0.905005 0.813531
vt 0.905005 0.857778
vt 0.901318 0.813531
vt 0.901318 0.857778
vt 0.897631 0.813531
vt 0.897631 0.857778
vt 0.893944 0.813531
vt 0.893944 0.857778
vt 0.890256 0.813531
vt 0.890256 0.857778
vt 0.332796 0.879947
vt 0.336522 0.879947
vt 0.336522 0.924662
vt 0.332796 0.924662
vt 0.340248 0.879947
vt 0.340248 0.924662
vt 0.343974 0.879947
vt 0.343974 0.924662
vt 0.347701 0.879947
vt 0.347701 0.924662
vt 0.351427 0.879947
vt 0.351427 0.924662
vt 0.355153 0.879947
vt 0.355153 0.924662
vt 0.358879 0.879947
vt 0.358879 0.924662
vt 0.362605 0.879947
vt 0.362605 0.924662
vt 0.852882 0.867041
vt 0.849518 0.867041
vt 0.849518 0.826674
vt 0.852882 0.826674
vt 0.846154 0.867041
vt 0.846154 0.826674
vt 0.842791 0.867041
vt 0.842791 0.826674
vt 0.839427 0.867041
vt 0.839427 0.826674
vt 0.836063 0.867041
vt 0.836063 0.826674
vt 0.832699 0.867041
vt 0.832699 0.826674
vt 0.829335 0.867041
vt 0.829335 0.826674
vt 0.825971 0.867041
vt 0.825971 0.826674
vt 0.171070 0.537858
vt 0.223077 0.538002
vt 0.223197 0.570629
vt 0.169849 0.571780
vt 0.170742 0.492881
vt 0.222280 0.494371
vt 0.030879 0.156859
vt 0.029554 0.232828
vt 0.006625 0.233943
vt 0.008304 0.156859
vt 0.071602 0.232648
vt 0.072159 0.156859
vt 0.333071 0.139242
vt 0.281756 0.141509
vt 0.279546 0.116150
vt 0.332232 0.114918
vt 0.334159 0.182227
vt 0.283246 0.183741
vt 0.027716 0.004174
vt 0.029554 0.080890
vt 0.006625 0.079775
vt 0.004324 0.002661
vt 0.071602 0.081070
vt 0.070556 0.004561
vt 0.284330 0.000982
vt 0.336961 0.002398
vt 0.220403 0.680047
vt 0.167047 0.677545
vt 0.169975 0.452408
vt 0.168451 0.415315
vt 0.221742 0.414965
vt 0.221919 0.451092
vt 0.113625 0.156859
vt 0.136366 0.156859
vt 0.136462 0.235200
vt 0.113602 0.233554
vt 0.335648 0.225245
vt 0.336371 0.249554
vt 0.283659 0.251491
vt 0.284283 0.226000
vt 0.113242 0.003168
vt 0.136459 0.000982
vt 0.136462 0.078517
vt 0.113602 0.080164
vt 0.332531 0.365726
vt 0.279651 0.364303
vt 0.167047 0.311662
vt 0.220336 0.311602
vt 0.277564 0.541373
vt 0.278863 0.573024
vt 0.226248 0.570034
vt 0.226036 0.538669
vt 0.225175 0.494445
vt 0.280112 0.495694
vt 0.249524 0.156859
vt 0.273034 0.156859
vt 0.275108 0.233415
vt 0.251187 0.232499
vt 0.207359 0.232503
vt 0.206595 0.156859
vt 0.335930 0.138433
vt 0.335255 0.115397
vt 0.396043 0.102065
vt 0.393780 0.133369
vt 0.393577 0.180649
vt 0.337020 0.182134
vt 0.253785 0.004654
vt 0.278274 0.003458
vt 0.275108 0.080302
vt 0.251187 0.081219
vt 0.207359 0.081215
vt 0.208835 0.004639
vt 0.340107 0.002482
vt 0.398439 0.004051
vt 0.275829 0.681836
vt 0.223483 0.680521
vt 0.278847 0.445578
vt 0.224874 0.450288
vt 0.224750 0.415441
vt 0.279008 0.413734
vt 0.163400 0.156859
vt 0.163607 0.233435
vt 0.139780 0.235067
vt 0.139686 0.156859
vt 0.338578 0.225856
vt 0.392405 0.227884
vt 0.391345 0.259102
vt 0.339361 0.248884
vt 0.164077 0.003310
vt 0.163607 0.080283
vt 0.139780 0.078651
vt 0.139796 0.001180
vt 0.387490 0.367203
vt 0.335675 0.365810
vt 0.223418 0.311310
vt 0.278221 0.311728
vt 0.280554 0.540415
vt 0.281920 0.571511
vt 0.283008 0.495743
vt 0.005012 0.156859
vt 0.003308 0.233724
vt 0.399139 0.103400
vt 0.396776 0.134156
vt 0.396439 0.180550
vt 0.000977 0.002960
vt 0.003308 0.079994
vt 0.488263 0.101856
vt 0.490081 0.104552
vt 0.373891 0.577389
vt 0.372237 0.580146
vt 0.282130 0.415099
vt 0.281863 0.446397
vt 0.395346 0.226895
vt 0.394344 0.257560
vt 0.490081 0.261611
vt 0.488451 0.264424
vt 0.367684 0.412127
vt 0.369470 0.414801
vt 0.278274 0.310259
vt 0.253785 0.309063
vt 0.208835 0.309079
vt 0.164077 0.310408
vt 0.139796 0.312538
vt 0.136459 0.312736
vt 0.113242 0.310550
vt 0.070556 0.309156
vt 0.027716 0.309544
vt 0.004324 0.311057
vt 0.000977 0.310758
vt 0.380055 0.879793
vt 0.380055 0.920159
vt 0.383419 0.920159
vt 0.383419 0.879793
vt 0.386783 0.920159
vt 0.386783 0.879793
vt 0.390147 0.920159
vt 0.390147 0.879793
vt 0.393511 0.920159
vt 0.393511 0.879793
vt 0.396875 0.920159
vt 0.396875 0.879793
vt 0.400239 0.920159
vt 0.400239 0.879793
vt 0.403603 0.920159
vt 0.403603 0.879793
vt 0.406966 0.920159
vt 0.406966 0.879793
s 1
f 2860/3692/2910 2868/3693/2910 2869/3694/2911 2861/3695/2912
f 2861/3695/2912 2869/3694/2911 2870/3696/2913 2862/3697/2914
f 2862/3697/2914 2870/3696/2913 2871/3698/2915 2863/3699/2916
f 2863/3699/2916 2871/3698/2915 2872/3700/2917 2864/3701/2918
f 2864/3701/2918 2872/3700/2917 2873/3702/2919 2865/3703/2920
f 2865/3703/2920 2873/3702/2919 2874/3704/2921 2866/3705/2922
f 2866/3705/2922 2874/3704/2921 2875/3706/2923 2867/3707/2924
f 2867/3707/2924 2875/3706/2923 2868/3708/2925 2860/3709/2925
f 2876/3710/2926 2884/3711/2926 2885/3712/2927 2877/3713/2928
f 2877/3713/2928 2885/3712/2927 2886/3714/2929 2878/3715/2930
f 2878/3715/2930 2886/3714/2929 2887/3716/2931 2879/3717/2931
f 2879/3717/2931 2887/3716/2931 2888/3718/2932 2880/3719/2933
f 2880/3719/2933 2888/3718/2932 2889/3720/2934 2881/3721/2935
f 2881/3721/2935 2889/3720/2934 2890/3722/2936 2882/3723/2937
f 2882/3723/2937 2890/3722/2936 2891/3724/2938 2883/3725/2938
f 2883/3725/2938 2891/3724/2938 2884/3726/2939 2876/3727/2939
f 2892/3728/2926 2900/3729/2926 2901/3730/2927 2893/3731/2928
f 2893/3731/2928 2901/3730/2927 2902/3732/2929 2894/3733/2930
f 2894/3733/2930 2902/3732/2929 2903/3734/2931 2895/3735/2931
f 2895/3735/2931 2903/3734/2931 2904/3736/2932 2896/3737/2933
f 2896/3737/2933 2904/3736/2932 2905/3738/2934 2897/3739/2935
f 2897/3739/2935 2905/3738/2934 2906/3740/2936 2898/3741/2937
f 2898/3741/2937 2906/3740/2936 2907/3742/2938 2899/3743/2938
f 2899/3743/2938 2907/3742/2938 2900/3744/2939 2892/3745/2939
f 2908/3746/2940 2916/3747/2940 2917/3748/2941 2909/3749/2942
f 2909/3749/2942 2917/3748/2941 2918/3750/2943 2910/3751/2944
f 2910/3751/2944 2918/3750/2943 2919/3752/2945 2911/3753/2946
f 2911/3753/2946 2919/3752/2945 2920/3754/2947 2912/3755/2948
f 2912/3755/2948 2920/3754/2947 2921/3756/2949 2913/3757/2950
f 2913/3757/2950 2921/3756/2949 2922/3758/2951 2914/3759/2952
f 2914/3759/2952 2922/3758/2951 2923/3760/2953 2915/3761/2954
f 2915/3761/2954 2923/3760/2953 2916/3762/2955 2908/3763/2955
f 2924/3764/2956 2925/3765/2935 2933/3766/2934 2932/3767/2956
f 2925/3765/2935 2926/3768/2933 2934/3769/2932 2933/3766/2934
f 2926/3768/2933 2927/3770/2931 2935/3771/2931 2934/3769/2932
f 2927/3770/2931 2928/3772/2930 2936/3773/2957 2935/3771/2931
f 2928/3772/2930 2929/3774/2928 2937/3775/2927 2936/3773/2957
f 2929/3774/2928 2930/3776/2958 2938/3777/2959 2937/3775/2927
f 2930/3776/2958 2931/3778/2938 2939/3779/2938 2938/3777/2959
f 2931/3778/2938 2924/3780/2960 2932/3781/2960 2939/3779/2938
f 2940/3782/2961 2941/3783/2962 2949/3784/2963 2948/3785/2961
f 2941/3783/2962 2942/3786/2964 2950/3787/2965 2949/3784/2963
f 2942/3786/2964 2943/3788/2966 2951/3789/2966 2950/3787/2965
f 2943/3788/2966 2944/3790/2967 2952/3791/2968 2951/3789/2966
f 2944/3790/2967 2945/3792/2969 2953/3793/2970 2952/3791/2968
f 2945/3792/2969 2946/3794/2971 2954/3795/2972 2953/3793/2970
f 2946/3794/2971 2947/3796/2973 2955/3797/2973 2954/3795/2972
f 2947/3796/2973 2940/3798/2974 2948/3799/2974 2955/3797/2973
f 2956/3800/2975 2964/3801/2975 2965/3802/2976 2957/3803/2977
f 2957/3803/2977 2965/3802/2976 2966/3804/2978 2958/3805/2979
f 2958/3805/2979 2966/3804/2978 2967/3806/2980 2959/3807/2980
f 2959/3807/2980 2967/3806/2980 2968/3808/2981 2960/3809/2982
f 2960/3809/2982 2968/3808/2981 2969/3810/2983 2961/3811/2984
f 2961/3811/2984 2969/3810/2983 2970/3812/2985 2962/3813/2986
f 2962/3813/2986 2970/3812/2985 2971/3814/2987 2963/3815/2987
f 2963/3815/2987 2971/3814/2987 2964/3816/2988 2956/3817/2988
f 2972/3818/2989 2973/3819/2990 2981/3820/2991 2980/3821/2989
f 2973/3819/2990 2974/3822/2992 2982/3823/2993 2981/3820/2991
f 2974/3822/2992 2975/3824/2994 2983/3825/2995 2982/3823/2993
f 2975/3824/2994 2976/3826/2996 2984/3827/2997 2983/3825/2995
f 2976/3826/2996 2977/3828/2998 2985/3829/2999 2984/3827/2997
f 2977/3828/2998 2978/3830/3000 2986/3831/3001 2985/3829/2999
f 2978/3830/3000 2979/3832/3002 2987/3833/3003 2986/3831/3001
f 2979/3832/3002 2972/3834/3004 2980/3835/3004 2987/3833/3003
f 2988/3836/3005 2989/3837/3006 2997/3838/3007 2996/3839/3005
f 2989/3837/3006 2990/3840/3008 2998/3841/3009 2997/3838/3007
f 2990/3840/3008 2991/3842/3010 2999/3843/3011 2998/3841/3009
f 2991/3842/3010 2992/3844/3012 3000/3845/3013 2999/3843/3011
f 2992/3844/3012 2993/3846/3014 3001/3847/3015 3000/3845/3013
f 2993/3846/3014 2994/3848/3016 3002/3849/3017 3001/3847/3015
f 2994/3848/3016 2995/3850/3018 3003/3851/3019 3002/3849/3017
f 2995/3850/3018 2988/3852/3020 2996/3853/3020 3003/3851/3019
f 3004/3854/3021 3005/3855/3021 3007/3856/3021 3006/3857/3021
f 3008/3858/2956 3009/3859/2935 3017/3860/2934 3016/3861/2956
f 3009/3859/2935 3010/3862/2933 3018/3863/2932 3017/3860/2934
f 3010/3862/2933 3011/3864/2931 3019/3865/2931 3018/3863/2932
f 3011/3864/2931 3012/3866/2930 3020/3867/2957 3019/3865/2931
f 3012/3866/2930 3013/3868/2928 3021/3869/2927 3020/3867/2957
f 3013/3868/2928 3014/3870/2958 3022/3871/3022 3021/3869/2927
f 3014/3870/2958 3015/3872/2938 3023/3873/2938 3022/3871/3022
f 3015/3872/2938 3008/3874/2960 3016/3875/2960 3023/3873/2938
f 3024/3876/3023 3032/3877/3023 3033/3878/3024 3025/3879/3025
f 3025/3879/3025 3033/3878/3024 3034/3880/3026 3026/3881/3027
f 3026/3881/3027 3034/3880/3026 3035/3882/3028 3027/3883/3029
f 3027/3883/3029 3035/3882/3028 3036/3884/3030 3028/3885/3031
f 3028/3885/3031 3036/3884/3030 3037/3886/3032 3029/3887/3033
f 3029/3887/3033 3037/3886/3032 3038/3888/3034 3030/3889/3035
f 3030/3889/3035 3038/3888/3034 3039/3890/3036 3031/3891/3037
f 3031/3891/3037 3039/3890/3036 3032/3892/3038 3024/3893/3038
f 3040/3894/3039 3041/3895/3040 3049/3896/3041 3048/3897/3039
f 3041/3895/3040 3042/3898/3042 3050/3899/3043 3049/3896/3041
f 3042/3898/3042 3043/3900/3044 3051/3901/3045 3050/3899/3043
f 3043/3900/3044 3044/3902/3046 3052/3903/3047 3051/3901/3045
f 3044/3902/3046 3045/3904/3048 3053/3905/3049 3052/3903/3047
f 3045/3904/3048 3046/3906/3050 3054/3907/3051 3053/3905/3049
f 3046/3906/3050 3047/3908/3052 3055/3909/3053 3054/3907/3051
f 3047/3908/3052 3040/3910/3054 3048/3911/3054 3055/3909/3053
f 3056/3912/3055 3064/3913/3055 3065/3914/3056 3057/3915/3057
f 3057/3915/3057 3065/3914/3056 3066/3916/3058 3058/3917/3059
f 3058/3917/3059 3066/3916/3058 3067/3918/3060 3059/3919/3061
f 3059/3919/3061 3067/3918/3060 3068/3920/3062 3060/3921/3063
f 3060/3921/3063 3068/3920/3062 3069/3922/3064 3061/3923/3065
f 3061/3923/3065 3069/3922/3064 3070/3924/3066 3062/3925/3067
f 3062/3925/3067 3070/3924/3066 3071/3926/3068 3063/3927/3069
f 3063/3927/3069 3071/3926/3068 3064/3928/3070 3056/3929/3070
f 3072/3930/3005 3073/3931/3071 3081/3932/3072 3080/3933/3005
f 3073/3931/3071 3074/3934/3073 3082/3935/3074 3081/3932/3072
f 3074/3934/3073 3075/3936/3075 3083/3937/3076 3082/3935/3074
f 3075/3936/3075 3076/3938/3077 3084/3939/3078 3083/3937/3076
f 3076/3938/3077 3077/3940/3079 3085/3941/3080 3084/3939/3078
f 3077/3940/3079 3078/3942/3081 3086/3943/3082 3085/3941/3080
f 3078/3942/3081 3079/3944/3083 3087/3945/3084 3086/3943/3082
f 3079/3944/3083 3072/3946/3085 3080/3947/3085 3087/3945/3084
f 3088/3948/2961 3089/3949/2962 3097/3950/3086 3096/3951/2961
f 3089/3949/2962 3090/3952/2964 3098/3953/2965 3097/3950/3086
f 3090/3952/2964 3091/3954/2966 3099/3955/2966 3098/3953/2965
f 3091/3954/2966 3092/3956/2967 3100/3957/2968 3099/3955/2966
f 3092/3956/2967 3093/3958/3087 3101/3959/3088 3100/3957/2968
f 3093/3958/3087 3094/3960/3089 3102/3961/2972 3101/3959/3088
f 3094/3960/3089 3095/3962/2973 3103/3963/2973 3102/3961/2972
f 3095/3962/2973 3088/3964/2974 3096/3965/2974 3103/3963/2973
f 3138/3966/3090 3140/3967/3091 3139/3968/3092 3137/3969/3093
f 3140/3967/3091 3138/3966/3090 3142/3970/3094 3141/3971/3094
f 3144/3972/3095 3188/3973/3096 3189/3974/3097 3143/3975/3098
f 3187/3976/3099 3188/3973/3096 3144/3972/3095 3148/3977/3100
f 3146/3978/3101 3150/3979/3102 3149/3980/3103 3145/3981/3104
f 3150/3979/3102 3146/3978/3101 3147/3982/3105 3151/3983/3105
f 3140/3984/3106 3178/3985/3107 3179/3986/3108 3139/3987/3109
f 3177/3988/3110 3178/3985/3107 3140/3984/3106 3141/3989/3111
f 3149/3980/3103 3153/3990/3112 3152/3991/3113 3145/3981/3104
f 3139/3968/3092 3155/3992/3114 3154/3993/3115 3137/3969/3093
f 3156/3994/3116 3159/3995/3117 3158/3996/3118 3157/3997/3119
f 3157/3997/3119 3141/3971/3094 3142/3970/3094 3156/3994/3116
f 3160/3998/3120 3163/3999/3121 3185/4000/3122 3186/4001/3123
f 3186/4001/3123 3187/3976/3099 3148/3977/3100 3160/3998/3120
f 3161/4002/3124 3162/4003/3125 3165/4004/3126 3164/4005/3127
f 3151/3983/3105 3147/3982/3105 3161/4002/3124 3164/4005/3127
f 3157/4006/3128 3158/4007/3129 3175/4008/3130 3176/4009/3131
f 3176/4009/3131 3177/3988/3110 3141/3989/3111 3157/4006/3128
f 3165/4004/3126 3162/4003/3125 3167/4010/3132 3166/4011/3133
f 3158/3996/3118 3159/3995/3117 3169/4012/3134 3168/4013/3135
f 3104/4014/3136 3106/4015/3137 3116/4016/3138 3117/4017/3139
f 3117/4017/3139 3118/4018/3140 3105/4019/3141 3104/4014/3136
f 3111/4020/3142 3110/4021/3143 3180/4022/3144 3181/4023/3145
f 3181/4023/3145 3182/4024/3146 3112/4025/3021 3111/4020/3142
f 3114/4026/3147 3113/4027/3148 3109/4028/3149 3107/4029/3150
f 3107/4029/3150 3108/4030/3151 3115/4031/3152 3114/4026/3147
f 3117/4032/3153 3116/4033/3154 3170/4034/3155 3171/4035/3156
f 3171/4035/3156 3172/4036/3157 3118/4037/3158 3117/4032/3153
f 3109/4028/3149 3113/4027/3148 3119/4038/3159 3120/4039/3160
f 3116/4016/3138 3106/4015/3137 3121/4040/3161 3122/4041/3162
f 3123/4042/3163 3132/4043/3164 3131/4044/3165 3124/4045/3166
f 3132/4043/3164 3123/4042/3163 3105/4019/3141 3118/4018/3140
f 3128/4046/3167 3183/4047/3168 3184/4048/3169 3127/4049/3170
f 3182/4024/3146 3183/4047/3168 3128/4046/3167 3112/4025/3021
f 3130/4050/3171 3125/4051/3172 3126/4052/3173 3129/4053/3174
f 3108/4030/3151 3125/4051/3172 3130/4050/3171 3115/4031/3152
f 3132/4054/3175 3173/4055/3176 3174/4056/3177 3131/4057/3178
f 3172/4036/3157 3173/4055/3176 3132/4054/3175 3118/4037/3158
f 3126/4052/3173 3134/4058/3179 3133/4059/3180 3129/4053/3174
f 3131/4044/3165 3136/4060/3181 3135/4061/3182 3124/4045/3166
f 3104/4014/3136 3138/4062/3183 3137/4063/3183 3106/4015/3137
f 3105/4019/3141 3142/4064/3183 3138/4062/3183 3104/4014/3136
f 3110/4065/3184 3143/3975/3098 3189/3974/3097 3180/4066/3185
f 3109/4028/3149 3149/4067/3186 3150/4068/3186 3107/4029/3150
f 3107/4029/3150 3150/4068/3186 3151/4069/3186 3108/4030/3151
f 3116/4070/3187 3139/3987/3109 3179/3986/3108 3170/4071/3188
f 3113/4027/3148 3145/3981/3104 3152/3991/3113 3119/4038/3159
f 3120/4072/3186 3153/4073/3186 3149/4067/3186 3109/4028/3149
f 3106/4015/3137 3137/4063/3183 3154/4074/3183 3121/4075/3183
f 3122/4041/3162 3155/3992/3114 3139/3968/3092 3116/4016/3138
f 3124/4045/3166 3159/4076/3183 3156/4077/3183 3123/4042/3163
f 3123/4042/3163 3156/4077/3183 3142/4064/3183 3105/4019/3141
f 3184/4048/3169 3185/4000/3122 3163/3999/3121 3127/4049/3170
f 3125/4051/3172 3164/4078/3186 3165/4079/3186 3126/4052/3173
f 3108/4030/3151 3151/4069/3186 3164/4078/3186 3125/4051/3172
f 3174/4056/3177 3175/4008/3130 3158/4007/3129 3131/4057/3178
f 3126/4052/3173 3165/4079/3186 3166/4080/3186 3134/4081/3186
f 3133/4059/3180 3167/4010/3132 3162/4003/3125 3129/4053/3174
f 3131/4044/3165 3158/3996/3118 3168/4013/3135 3136/4060/3181
f 3135/4082/3183 3169/4083/3183 3159/4076/3183 3124/4045/3166
f 3171/4035/3156 3170/4034/3155 3110/4021/3143 3111/4020/3142
f 3111/4020/3142 3112/4025/3021 3172/4036/3157 3171/4035/3156
f 3112/4025/3021 3128/4046/3167 3173/4055/3176 3172/4036/3157
f 3174/4056/3177 3173/4055/3176 3128/4046/3167 3127/4049/3170
f 3127/4049/3170 3163/3999/3121 3175/4008/3130 3174/4056/3177
f 3176/4009/3131 3175/4008/3130 3163/3999/3121 3160/3998/3120
f 3148/3977/3100 3177/3988/3110 3176/4009/3131 3160/3998/3120
f 3144/3972/3095 3178/3985/3107 3177/3988/3110 3148/3977/3100
f 3179/3986/3108 3178/3985/3107 3144/3972/3095 3143/3975/3098
f 3170/4071/3188 3179/3986/3108 3143/3975/3098 3110/4065/3184
f 3181/4023/3145 3180/4022/3144 3113/4084/3189 3114/4085/3190
f 3114/4085/3190 3115/4086/3191 3182/4024/3146 3181/4023/3145
f 3130/4087/3192 3183/4047/3168 3182/4024/3146 3115/4086/3191
f 3184/4048/3169 3183/4047/3168 3130/4087/3192 3129/4088/3193
f 3129/4088/3193 3162/4089/3194 3185/4000/3122 3184/4048/3169
f 3186/4001/3123 3185/4000/3122 3162/4089/3194 3161/4090/3195
f 3161/4090/3195 3147/4091/3196 3187/3976/3099 3186/4001/3123
f 3146/4092/3197 3188/3973/3096 3187/3976/3099 3147/4091/3196
f 3189/3974/3097 3188/3973/3096 3146/4092/3197 3145/4093/3198
f 3180/4066/3185 3189/3974/3097 3145/4093/3198 3113/4094/3199
f 3190/4095/2975 3198/4096/2975 3199/4097/3200 3191/4098/2977
f 3191/4098/2977 3199/4097/3200 3200/4099/2978 3192/4100/2979
f 3192/4100/2979 3200/4099/2978 3201/4101/2980 3193/4102/2980
f 3193/4102/2980 3201/4101/2980 3202/4103/2981 3194/4104/2982
f 3194/4104/2982 3202/4103/2981 3203/4105/3201 3195/4106/3202
f 3195/4106/3202 3203/4105/3201 3204/4107/2985 3196/4108/3203
f 3196/4108/3203 3204/4107/2985 3205/4109/2987 3197/4110/2987
f 3197/4110/2987 3205/4109/2987 3198/4111/2988 3190/4112/2988
o pCube12
v 0.704309 -0.082976 18.465090
v 1.099826 -0.082976 18.465090
v 0.756699 0.219256 18.396576
v 1.044119 0.126316 18.437275
v 0.730692 0.167310 18.120638
v 1.010834 0.166757 18.144798
v 0.704309 -0.082976 18.069574
v 1.099826 -0.082976 18.069574
v 0.945829 0.326216 18.250994
v 0.972269 0.253086 18.145689
v 0.830135 0.278125 18.204012
v 0.827940 0.307630 18.353184
v 1.013123 0.273726 18.347343
vn -0.0334 0.1848 0.9822
vn -0.0182 0.2328 0.9723
vn -0.0083 0.2637 0.9646
vn 0.0244 0.2688 -0.9629
vn 0.0230 0.2714 -0.9622
vn 0.0348 0.2488 -0.9679
vn 0.9525 0.3032 -0.0283
vn 0.9567 0.2854 -0.0569
vn 0.9549 0.2937 -0.0436
vn -0.9895 0.1419 0.0273
vn -0.9671 0.2543 0.0047
vn -0.9789 0.2036 0.0150
vn -0.3224 0.7709 0.5494
vn 0.6714 0.5588 0.4867
vn 0.2403 0.9599 -0.1443
vn 0.5495 0.4836 -0.6813
vn -0.5005 0.7135 -0.4904
vt 0.601364 0.223110
vt 0.612901 0.234890
vt 0.605002 0.239370
vt 0.593589 0.233655
vt 0.582030 0.246032
vt 0.591432 0.253127
vt 0.587698 0.263955
vt 0.574683 0.253813
vt 0.612901 0.251485
vt 0.600757 0.262609
vt 0.595607 0.252361
vt 0.605979 0.245600
vt 0.571508 0.241629
vt 0.578862 0.226861
vt 0.589053 0.235056
vt 0.581825 0.244402
vt 0.592601 0.238622
vt 0.599019 0.243440
vt 0.593994 0.244505
vt 0.592866 0.249522
vt 0.588868 0.244110
s 1
f 3206/4113/3204 3207/4114/3204 3209/4115/3205 3208/4116/3206
f 3210/4117/3207 3211/4118/3208 3213/4119/3209 3212/4120/3209
f 3207/4121/3210 3213/4122/3210 3211/4123/3211 3209/4124/3212
f 3212/4125/3213 3206/4126/3213 3208/4127/3214 3210/4128/3215
f 3217/4129/3216 3218/4130/3217 3214/4131/3218
f 3215/4132/3219 3216/4133/3220 3214/4131/3218
f 3216/4133/3220 3217/4129/3216 3214/4131/3218
f 3218/4130/3217 3215/4132/3219 3214/4131/3218
f 3211/4118/3208 3210/4117/3207 3216/4133/3220 3215/4132/3219
f 3210/4128/3215 3208/4127/3214 3217/4129/3216 3216/4133/3220
f 3208/4116/3206 3209/4115/3205 3218/4130/3217 3217/4129/3216
f 3209/4124/3212 3211/4123/3211 3215/4132/3219 3218/4130/3217
o pCube14
v 0.704309 -0.082976 17.923197
v 1.099826 -0.082976 17.923197
v 0.704309 -0.082976 17.527681
v 1.099826 -0.082976 17.527681
v 0.748945 0.074474 17.863464
v 0.778371 0.111084 17.836281
v 1.022840 0.095879 17.869148
v 1.054505 0.048650 17.902983
v 0.748996 0.148920 17.595058
v 0.716056 0.110518 17.563400
v 0.975970 0.101763 17.602398
v 1.002351 0.062149 17.572115
vn 0.3003 0.9289 0.2168
vn -0.0671 0.9685 0.2397
vn -0.0477 0.3180 0.9469
vn -0.0468 0.3039 0.9515
vn -0.0445 0.2662 0.9629
vn 0.0453 0.2937 -0.9548
vn 0.0389 0.2715 -0.9617
vn 0.0292 0.2372 -0.9710
vn 0.8854 0.4616 -0.0550
vn 0.8773 0.4755 -0.0650
vn 0.8790 0.4727 -0.0630
vn 0.2940 0.9471 -0.1290
vn -0.9727 0.2212 0.0703
vn -0.9751 0.2112 0.0677
vn -0.0626 0.9942 -0.0871
vn -0.9852 0.1621 0.0550
vt 0.766173 0.959884
vt 0.775667 0.955954
vt 0.777339 0.957468
vt 0.765536 0.962560
vt 0.781074 0.963674
vt 0.765325 0.968405
vt 0.774780 0.943346
vt 0.763352 0.947251
vt 0.756825 0.943557
vt 0.771373 0.935892
vt 0.758558 0.963508
vt 0.755549 0.947342
vt 0.763033 0.947828
vt 0.764127 0.961723
vt 0.765226 0.948661
vt 0.776437 0.944336
vt 0.777710 0.956911
vt 0.774436 0.945803
vt 0.784514 0.959394
vt 0.784514 0.942951
s 1
f 3225/4134/3221 3224/4135/3222 3223/4136/3223 3226/4137/3224
f 3219/4138/3225 3220/4139/3225 3226/4137/3224 3223/4136/3223
f 3228/4140/3226 3230/4141/3227 3222/4142/3228 3221/4143/3228
f 3220/4144/3229 3222/4145/3229 3230/4146/3230 3226/4147/3231
f 3229/4148/3232 3225/4134/3221 3226/4147/3231 3230/4146/3230
f 3228/4149/3233 3223/4150/3234 3224/4135/3222 3227/4151/3235
f 3229/4148/3232 3230/4141/3227 3228/4140/3226 3227/4151/3235
f 3227/4151/3235 3224/4135/3222 3225/4134/3221 3229/4148/3232
f 3219/4152/3236 3223/4150/3234 3228/4149/3233 3221/4153/3236
